user_id,anonymous_visitor_id,display_name,signup_date,signup_weekday,signup_hour,cohort_month,email_domain_type,email_verified_flag,persona,collection_location,signup_program,role_seniority,acquisition_channel,utm_source,utm_medium,utm_campaign,device_type_at_signup,country,region,industry,company_size,primary_use_case,referral_flag,invited_by_teammate_flag,days_visit_to_signup,onboarding_steps_completed,onboarding_completed_flag,api_key_connected_flag,first_config_date,days_to_first_config,activated_within_7d_flag,activation_date,days_to_activate,lifetime_days_active,days_since_last_active,inactive_30d_flag,total_sessions,total_tokens_used,total_llm_cost_usd,last_active_date,power_user_flag,nps_score
usr_00004,vis_000054,Liam Petrova,2026-03-02,Mon,14,2026-03,gmail.com,1,Data Scientist,DSU Campus,invite_code,Manager,organic_search,organic_search,organic,none,mobile,India,Karnataka,Media & Gaming,1-10,Cost Optimization,1,0,0,5,1,1,2026-03-04,2,1,2026-03-04,2,144,74,1,41,3724802,17.08,2026-07-08,1,8
usr_00006,vis_000076,Nadia Sato,2026-03-03,Tue,19,2026-03,university.edu,0,Data Scientist,DSU Campus,campus_workshop,Individual Contributor,hackernews,hackernews,social,show_hn_launch,mobile,India,Karnataka,Consulting / Agency,51-200,Security & Compliance,0,0,1,5,1,0,,,0,,,,,0,0,0,0.0,,0,
usr_00015,vis_000174,Priya Sato,2026-03-04,Wed,20,2026-03,gmail.com,1,Security Engineer,DSU Campus,invite_code,Executive,referral,referral,referral,partner_aiweekly,mobile,India,Karnataka,E-commerce,11-50,Research & Experimentation,1,0,0,5,1,0,,,0,,,,,0,0,0,0.0,,0,
usr_00027,vis_000293,Ethan Wang,2026-03-06,Fri,13,2026-03,company.com,1,ML Engineer,DSU Campus,invite_code,Team Lead,organic_search,organic_search,organic,none,mobile,India,Karnataka,Research Lab / Academia,1-10,Performance Monitoring,1,0,0,5,1,1,2026-03-08,2,1,2026-03-08,2,85,113,1,30,2254769,15.0,2026-05-30,1,
usr_00032,vis_000348,Priya Ali,2026-03-08,Sun,8,2026-03,company.com,1,ML Engineer,DSU Campus,invite_code,Team Lead,direct,(direct),none,none,mobile,India,Karnataka,Research Lab / Academia,1-10,Performance Monitoring,1,0,1,5,1,1,2026-03-09,1,1,2026-03-10,2,194,24,0,44,3597431,2.69,2026-08-27,1,7
usr_00036,vis_000404,Maya Muller,2026-03-11,Wed,9,2026-03,gmail.com,1,Data Scientist,DSU Campus,campus_workshop,Team Lead,direct,(direct),none,none,desktop,India,Karnataka,FinTech,1000+,Cost Optimization,0,0,3,0,0,0,,,0,,,,,0,0,0,0.0,,0,
usr_00039,vis_000464,Hassan Garcia,2026-03-09,Mon,11,2026-03,gmail.com,1,Data Scientist,DSU Campus,campus_workshop,Team Lead,hackernews,hackernews,social,show_hn_launch,desktop,India,Karnataka,E-commerce,1-10,Performance Monitoring,0,0,0,5,1,1,2026-03-09,0,1,2026-03-12,3,37,155,1,15,1267662,8.52,2026-04-18,0,9
usr_00043,vis_000528,Kenji Nair,2026-03-18,Wed,18,2026-03,university.edu,1,ML Engineer,DSU Campus,campus_workshop,Individual Contributor,referral,referral,referral,partner_aiweekly,mobile,India,Karnataka,Enterprise IT,1-10,Security & Compliance,1,0,8,2,0,1,2026-03-18,0,0,,,,,0,0,0,0.0,,0,
usr_00046,vis_000574,Lucas Muller,2026-03-12,Thu,13,2026-03,gmail.com,1,Data Scientist,DSU Campus,campus_workshop,Individual Contributor,social_twitter,social_twitter,social,llm_observability_buzz,desktop,India,Karnataka,SaaS / Software,1-10,Security & Compliance,0,0,1,3,0,1,2026-03-12,0,1,2026-03-12,0,87,132,1,18,1126016,2.95,2026-05-11,0,6
usr_00047,vis_000579,Ethan Smith,2026-03-11,Wed,21,2026-03,gmail.com,1,Researcher,DSU Campus,campus_workshop,Individual Contributor,organic_search,organic_search,organic,none,mobile,India,Karnataka,FinTech,1-10,Security & Compliance,0,0,0,3,0,1,2026-03-13,2,1,2026-03-14,3,190,4,0,34,2498289,13.82,2026-09-16,1,10
usr_00050,vis_000629,Omar Lindqvist,2026-03-13,Fri,21,2026-03,university.edu,1,Researcher,DSU Campus,campus_workshop,Executive,referral,referral,referral,partner_aiweekly,desktop,India,Karnataka,Research Lab / Academia,1-10,Security & Compliance,1,1,1,5,1,0,,,0,,,,,0,0,0,0.0,,0,
usr_00054,vis_000672,Chen Sharma,2026-03-13,Fri,20,2026-03,university.edu,0,ML Engineer,DSU Campus,campus_workshop,Individual Contributor,linkedin,linkedin,social,b2b_mlsops_q2,mobile,India,Karnataka,Research Lab / Academia,1-10,Security & Compliance,0,0,0,5,1,0,,,0,,,,,0,0,0,0.0,,0,
usr_00058,vis_000714,Ingrid Haddad,2026-03-13,Fri,18,2026-03,gmail.com,1,Founder / Exec,DSU Campus,open_beta,Manager,direct,(direct),none,none,mobile,India,Karnataka,Enterprise IT,201-1000,Performance Monitoring,0,0,0,5,1,0,,,0,,,,,0,0,0,0.0,,0,
usr_00060,vis_000726,Hassan Costa,2026-03-14,Sat,8,2026-03,proton.me,1,Researcher,DSU Campus,open_beta,Executive,referral,referral,referral,partner_aiweekly,mobile,India,Karnataka,Media & Gaming,1-10,Cost Optimization,1,0,0,5,1,1,2026-03-14,0,1,2026-03-14,0,69,125,1,15,1126469,7.33,2026-05-18,0,8
usr_00062,vis_000736,Rahul Tanaka,2026-03-15,Sun,19,2026-03,proton.me,0,ML Engineer,DSU Campus,campus_workshop,Individual Contributor,hackernews,hackernews,social,show_hn_launch,desktop,India,Karnataka,Research Lab / Academia,1-10,Security & Compliance,0,0,1,4,1,1,2026-03-18,3,0,,,,,0,0,0,0.0,,0,
usr_00063,vis_000761,Emma Rossi,2026-03-18,Wed,19,2026-03,gmail.com,1,ML Engineer,DSU Campus,invite_code,Individual Contributor,linkedin,linkedin,social,b2b_mlsops_q2,mobile,India,Karnataka,E-commerce,1-10,Performance Monitoring,1,0,3,5,1,1,2026-03-18,0,1,2026-03-18,0,158,33,1,43,4687854,26.08,2026-08-18,1,8
usr_00065,vis_000806,Aisha Walker,2026-03-16,Mon,13,2026-03,university.edu,1,Founder / Exec,DSU Campus,invite_code,Team Lead,organic_search,organic_search,organic,none,desktop,India,Karnataka,Healthcare,1-10,Performance Monitoring,1,0,0,4,1,0,,,0,,,,,0,0,0,0.0,,0,
usr_00074,vis_000929,Sofia Verma,2026-03-17,Tue,22,2026-03,company.com,1,Researcher,DSU Campus,campus_workshop,Individual Contributor,newsletter,newsletter,email,beta_waitlist,desktop,India,Karnataka,Research Lab / Academia,1-10,Security & Compliance,0,0,0,5,1,1,2026-03-18,1,1,2026-03-18,1,110,94,1,20,1918642,5.87,2026-06-18,0,7
usr_00075,vis_000931,Diego Muller,2026-03-17,Tue,13,2026-03,university.edu,1,Researcher,DSU Campus,campus_workshop,Individual Contributor,direct,(direct),none,none,desktop,India,Karnataka,SaaS / Software,51-200,Cost Optimization,0,0,0,5,1,1,2026-03-18,1,1,2026-03-18,1,65,121,1,9,959321,0.43,2026-05-22,0,8
usr_00079,vis_000994,Arjun Wang,2026-03-18,Wed,18,2026-03,university.edu,1,Data Scientist,DSU Campus,invite_code,Manager,direct,(direct),none,none,desktop,India,Karnataka,Research Lab / Academia,1-10,Quality Assurance,1,0,0,5,1,1,2026-03-18,0,1,2026-03-19,1,23,162,1,9,492963,3.25,2026-04-11,0,9
usr_00081,vis_001016,Aisha Rossi,2026-03-19,Thu,20,2026-03,university.edu,1,Data Scientist,DSU Campus,campus_workshop,Individual Contributor,referral,referral,referral,partner_aiweekly,desktop,India,Karnataka,Research Lab / Academia,1000+,Cost Optimization,1,0,0,1,0,1,2026-03-19,0,1,2026-03-22,3,3,179,1,3,154814,0.15,2026-03-25,0,10
usr_00083,vis_001042,Priya Verma,2026-03-19,Thu,15,2026-03,university.edu,1,Security Engineer,DSU Campus,campus_workshop,Individual Contributor,organic_search,organic_search,organic,none,mobile,India,Karnataka,Research Lab / Academia,1-10,Cost Optimization,0,0,0,5,1,1,2026-03-19,0,1,2026-03-19,0,126,59,1,43,3425559,13.3,2026-07-23,1,9
usr_00084,vis_001079,Maya Tanaka,2026-03-24,Tue,16,2026-03,gmail.com,1,ML Engineer,DSU Campus,open_beta,Executive,direct,(direct),none,none,mobile,India,Karnataka,Healthcare,1-10,Cost Optimization,0,0,5,5,1,1,2026-03-24,0,1,2026-03-24,0,7,173,1,5,497848,1.74,2026-03-31,0,
usr_00086,vis_001128,Ethan Sharma,2026-03-20,Fri,17,2026-03,company.com,1,Data Scientist,DSU Campus,campus_workshop,Team Lead,social_twitter,social_twitter,social,llm_observability_buzz,mobile,India,Karnataka,FinTech,11-50,Security & Compliance,0,0,0,3,0,0,,,0,,,,,0,0,0,0.0,,0,
usr_00090,vis_001153,Ethan Wang,2026-03-22,Sun,15,2026-03,gmail.com,1,Security Engineer,DSU Campus,invite_code,Team Lead,newsletter,newsletter,email,beta_waitlist,desktop,India,Karnataka,Consulting / Agency,1-10,Research & Experimentation,1,0,1,4,1,1,2026-03-22,0,1,2026-03-26,4,178,0,0,54,3623168,20.56,2026-09-20,1,9
usr_00091,vis_001157,Arjun Rossi,2026-03-21,Sat,11,2026-03,gmail.com,1,ML Engineer,DSU Campus,campus_workshop,Individual Contributor,referral,referral,referral,partner_aiweekly,desktop,India,Karnataka,SaaS / Software,1-10,Performance Monitoring,1,0,0,3,0,0,,,0,,,,,0,0,0,0.0,,0,
usr_00096,vis_001306,Rahul Lindqvist,2026-03-24,Tue,15,2026-03,university.edu,1,ML Engineer,DSU Campus,campus_workshop,Executive,referral,referral,referral,partner_aiweekly,tablet,India,Karnataka,Consulting / Agency,1-10,Performance Monitoring,1,0,0,5,1,1,2026-03-26,2,1,2026-03-26,2,149,39,1,32,3132284,7.56,2026-08-12,1,7
usr_00099,vis_001375,Emma Iyer,2026-03-25,Wed,20,2026-03,gmail.com,1,Researcher,DSU Campus,campus_workshop,Individual Contributor,referral,referral,referral,partner_aiweekly,mobile,India,Karnataka,SaaS / Software,1-10,Cost Optimization,1,0,0,3,0,0,,,0,,,,,0,0,0,0.0,,0,
usr_00101,vis_001404,Diego Khan,2026-03-25,Wed,9,2026-03,gmail.com,1,Founder / Exec,DSU Campus,campus_workshop,Individual Contributor,social_twitter,social_twitter,social,llm_observability_buzz,mobile,India,Karnataka,Consulting / Agency,1-10,Performance Monitoring,0,0,0,2,0,1,2026-03-25,0,1,2026-03-28,3,7,169,1,2,48016,0.32,2026-04-04,0,7
usr_00105,vis_001467,Mei Costa,2026-03-28,Sat,13,2026-03,proton.me,1,Researcher,DSU Campus,campus_workshop,Individual Contributor,newsletter,newsletter,email,beta_waitlist,desktop,India,Karnataka,Research Lab / Academia,1-10,Performance Monitoring,0,0,2,5,1,1,2026-03-28,0,0,,,,,0,0,0,0.0,,0,
usr_00108,vis_001524,Elena Rossi,2026-03-28,Sat,16,2026-03,gmail.com,1,Researcher,DSU Campus,campus_workshop,Manager,referral,referral,referral,partner_aiweekly,desktop,India,Karnataka,Research Lab / Academia,1-10,Research & Experimentation,1,0,1,5,1,0,,,0,,,,,0,0,0,0.0,,0,
usr_00109,vis_001533,Chen Kim,2026-03-30,Mon,20,2026-03,university.edu,1,Data Scientist,DSU Campus,campus_workshop,Manager,referral,referral,referral,partner_aiweekly,desktop,India,Karnataka,Media & Gaming,1-10,Quality Assurance,1,0,3,4,1,1,2026-03-31,1,0,,,,,0,0,0,0.0,,0,
usr_00111,vis_001555,Omar Walker,2026-03-29,Sun,16,2026-03,university.edu,1,Founder / Exec,DSU Campus,invite_code,Individual Contributor,referral,referral,referral,partner_aiweekly,desktop,India,Karnataka,Enterprise IT,1-10,Security & Compliance,1,0,2,4,1,1,2026-03-29,0,1,2026-04-01,3,14,158,1,5,400546,2.02,2026-04-15,0,10
usr_00112,vis_001573,Emma Muller,2026-03-27,Fri,12,2026-03,gmail.com,1,Researcher,DSU Campus,open_beta,Executive,hackernews,hackernews,social,show_hn_launch,mobile,India,Karnataka,Research Lab / Academia,1-10,Security & Compliance,0,0,0,5,1,1,2026-03-29,2,1,2026-03-30,3,141,40,1,37,2833604,1.78,2026-08-11,1,8
usr_00114,vis_001583,Maya Khan,2026-03-28,Sat,14,2026-03,university.edu,1,Data Scientist,DSU Campus,campus_workshop,Individual Contributor,linkedin,linkedin,social,b2b_mlsops_q2,desktop,India,Karnataka,Research Lab / Academia,1-10,Cost Optimization,0,0,0,4,1,1,2026-03-30,2,1,2026-04-04,7,96,75,1,24,2369945,1.48,2026-07-07,0,
usr_00117,vis_001621,Tomas Silva,2026-03-28,Sat,19,2026-03,gmail.com,1,Researcher,DSU Campus,campus_workshop,Individual Contributor,direct,(direct),none,none,mobile,India,Karnataka,Research Lab / Academia,1-10,Cost Optimization,0,0,0,4,1,1,2026-03-31,3,1,2026-03-31,3,17,156,1,3,203297,0.1,2026-04-17,0,
usr_00119,vis_001651,Lucas Khan,2026-03-31,Tue,14,2026-03,company.com,1,Researcher,DSU Campus,campus_workshop,Individual Contributor,organic_search,organic_search,organic,none,mobile,India,Karnataka,Consulting / Agency,1-10,Security & Compliance,0,0,2,4,1,1,2026-04-02,2,1,2026-04-02,2,22,149,1,7,679005,2.84,2026-04-24,0,7
usr_00124,vis_001714,Maya Garcia,2026-04-04,Sat,22,2026-04,university.edu,1,Researcher,DSU Campus,campus_workshop,Team Lead,direct,(direct),none,none,mobile,India,Karnataka,SaaS / Software,1-10,Security & Compliance,0,0,5,0,0,0,,,0,,,,,0,0,0,0.0,,0,
usr_00136,vis_001919,Aisha Garcia,2026-04-02,Thu,22,2026-04,university.edu,1,ML Engineer,DSU Campus,invite_code,Manager,social_twitter,social_twitter,social,llm_observability_buzz,desktop,India,Karnataka,SaaS / Software,1-10,Quality Assurance,1,0,0,4,1,1,2026-04-03,1,0,,,,,0,0,0,0.0,,0,
usr_00139,vis_001929,Arjun Petrova,2026-04-03,Fri,22,2026-04,university.edu,1,Researcher,DSU Campus,open_beta,Manager,linkedin,linkedin,social,b2b_mlsops_q2,mobile,India,Karnataka,SaaS / Software,1-10,Performance Monitoring,0,0,1,4,1,0,,,0,,,,,0,0,0,0.0,,0,
usr_00142,vis_001959,Rahul Walker,2026-04-03,Fri,12,2026-04,outlook.com,1,ML Engineer,DSU Campus,campus_workshop,Individual Contributor,newsletter,newsletter,email,beta_waitlist,desktop,India,Karnataka,Research Lab / Academia,1-10,Quality Assurance,0,0,1,2,0,1,2026-04-03,0,1,2026-04-04,1,99,70,1,31,2405581,10.54,2026-07-12,1,10
usr_00144,vis_001992,Diego Kim,2026-04-03,Fri,10,2026-04,university.edu,1,Data Scientist,DSU Campus,open_beta,Individual Contributor,linkedin,linkedin,social,b2b_mlsops_q2,desktop,India,Karnataka,SaaS / Software,1-10,Security & Compliance,0,0,0,0,0,1,2026-04-04,1,0,,,,,0,0,0,0.0,,0,
usr_00146,vis_002054,Lucas Kim,2026-04-04,Sat,19,2026-04,gmail.com,0,Researcher,DSU Campus,campus_workshop,Individual Contributor,social_twitter,social_twitter,social,llm_observability_buzz,desktop,India,Karnataka,Research Lab / Academia,1-10,Performance Monitoring,0,0,0,3,0,1,2026-04-04,0,1,2026-04-06,2,59,116,1,13,1243088,0.83,2026-05-27,0,8
usr_00147,vis_002055,Ingrid Novak,2026-04-06,Mon,10,2026-04,gmail.com,1,Data Scientist,DSU Campus,campus_workshop,Individual Contributor,referral,referral,referral,partner_aiweekly,desktop,India,Karnataka,Research Lab / Academia,1-10,Quality Assurance,1,0,2,4,1,1,2026-04-06,0,1,2026-04-06,0,17,153,1,9,829787,4.82,2026-04-20,0,9
usr_00149,vis_002066,Liam Lindqvist,2026-04-05,Sun,22,2026-04,gmail.com,1,Data Scientist,DSU Campus,campus_workshop,Team Lead,referral,referral,referral,partner_aiweekly,mobile,India,Karnataka,FinTech,1-10,Cost Optimization,1,0,1,3,0,0,,,0,,,,,0,0,0,0.0,,0,
usr_00152,vis_002101,Tomas Kim,2026-04-04,Sat,12,2026-04,gmail.com,1,Product Manager,DSU Campus,invite_code,Executive,referral,referral,referral,partner_aiweekly,mobile,India,Karnataka,SaaS / Software,1-10,Cost Optimization,1,0,0,1,0,1,2026-04-04,0,0,,,,,0,0,0,0.0,,0,
usr_00154,vis_002126,Arjun Muller,2026-04-06,Mon,9,2026-04,university.edu,1,ML Engineer,DSU Campus,open_beta,Individual Contributor,referral,referral,referral,partner_aiweekly,desktop,India,Karnataka,E-commerce,1-10,Cost Optimization,1,0,1,5,1,1,2026-04-06,0,1,2026-04-06,0,70,97,1,37,3555409,11.86,2026-06-15,1,8
usr_00157,vis_002168,Emma Johnson,2026-04-06,Mon,13,2026-04,university.edu,1,Researcher,DSU Campus,open_beta,Individual Contributor,direct,(direct),none,none,desktop,India,Karnataka,Research Lab / Academia,1-10,Cost Optimization,0,0,0,5,1,0,,,0,,,,,0,0,0,0.0,,0,
usr_00159,vis_002185,Chen Verma,2026-04-06,Mon,15,2026-04,university.edu,1,Researcher,DSU Campus,open_beta,Individual Contributor,organic_search,organic_search,organic,none,desktop,India,Karnataka,Research Lab / Academia,1-10,Performance Monitoring,0,0,0,1,0,0,,,0,,,,,0,0,0,0.0,,0,
usr_00160,vis_002208,Noah Verma,2026-04-06,Mon,21,2026-04,gmail.com,1,ML Engineer,DSU Campus,open_beta,Team Lead,newsletter,newsletter,email,beta_waitlist,mobile,India,Karnataka,Research Lab / Academia,1-10,Performance Monitoring,0,0,0,4,1,1,2026-04-06,0,1,2026-04-09,3,13,154,1,9,959802,3.76,2026-04-19,0,
usr_00163,vis_002243,Emma Lindqvist,2026-04-08,Wed,19,2026-04,gmail.com,1,Researcher,DSU Campus,open_beta,Individual Contributor,paid_search,paid_search,cpc,brand_llm_monitoring,mobile,India,Karnataka,Research Lab / Academia,1-10,Quality Assurance,0,0,1,5,1,1,2026-04-08,0,0,,,,,0,0,0,0.0,,0,
usr_00169,vis_002335,Emma Novak,2026-04-08,Wed,17,2026-04,gmail.com,1,Researcher,DSU Campus,open_beta,Individual Contributor,referral,referral,referral,partner_aiweekly,mobile,India,Karnataka,Research Lab / Academia,1-10,Performance Monitoring,1,0,0,5,1,1,2026-04-08,0,1,2026-04-09,1,7,157,1,8,546541,0.32,2026-04-16,0,9
usr_00171,vis_002369,Kenji Iyer,2026-04-13,Mon,14,2026-04,gmail.com,1,Researcher,DSU Campus,campus_workshop,Individual Contributor,direct,(direct),none,none,mobile,India,Karnataka,FinTech,1-10,Security & Compliance,0,0,5,0,0,1,2026-04-14,1,0,,,,,0,0,0,0.0,,0,
usr_00173,vis_002432,Aisha Novak,2026-04-10,Fri,15,2026-04,company.com,1,ML Engineer,DSU Campus,campus_workshop,Individual Contributor,organic_search,organic_search,organic,none,desktop,India,Karnataka,FinTech,1-10,Cost Optimization,0,0,1,3,0,0,,,0,,,,,0,0,0,0.0,,0,
usr_00175,vis_002449,Ethan Smith,2026-04-09,Thu,21,2026-04,gmail.com,0,ML Engineer,DSU Campus,campus_workshop,Individual Contributor,referral,referral,referral,partner_aiweekly,desktop,India,Karnataka,SaaS / Software,51-200,Cost Optimization,1,0,0,3,0,0,,,0,,,,,0,0,0,0.0,,0,
usr_00181,vis_002575,Lucas Silva,2026-04-11,Sat,17,2026-04,university.edu,1,Researcher,DSU Campus,invite_code,Individual Contributor,newsletter,newsletter,email,beta_waitlist,desktop,India,Karnataka,Healthcare,1-10,Cost Optimization,1,0,0,5,1,1,2026-04-11,0,1,2026-04-13,2,4,159,1,2,279201,0.15,2026-04-14,0,10
usr_00182,vis_002578,Omar Ali,2026-04-11,Sat,10,2026-04,gmail.com,1,Researcher,DSU Campus,invite_code,Individual Contributor,linkedin,linkedin,social,b2b_mlsops_q2,mobile,India,Karnataka,Research Lab / Academia,1-10,Security & Compliance,1,0,0,3,0,0,,,0,,,,,0,0,0,0.0,,0,
usr_00187,vis_002672,Emma Petrova,2026-04-14,Tue,12,2026-04,gmail.com,1,Founder / Exec,DSU Campus,open_beta,Individual Contributor,social_twitter,social_twitter,social,llm_observability_buzz,desktop,India,Karnataka,SaaS / Software,1-10,Research & Experimentation,0,0,1,5,1,0,,,0,,,,,0,0,0,0.0,,0,
usr_00192,vis_002815,Maya Wang,2026-04-15,Wed,9,2026-04,gmail.com,1,Product Manager,DSU Campus,campus_workshop,Individual Contributor,referral,referral,referral,partner_aiweekly,mobile,India,Karnataka,Research Lab / Academia,1-10,Security & Compliance,1,0,0,5,1,1,2026-04-16,1,1,2026-04-18,3,77,98,1,13,847700,2.39,2026-06-14,0,9
usr_00193,vis_002851,Tomas Verma,2026-04-15,Wed,7,2026-04,gmail.com,1,ML Engineer,DSU Campus,campus_workshop,Team Lead,newsletter,newsletter,email,beta_waitlist,mobile,India,Karnataka,Consulting / Agency,11-50,Quality Assurance,0,0,0,5,1,1,2026-04-16,1,1,2026-04-17,2,76,90,1,21,1854818,4.23,2026-06-22,0,
usr_00195,vis_002900,Kenji Muller,2026-04-17,Fri,14,2026-04,gmail.com,1,ML Engineer,DSU Campus,campus_workshop,Executive,organic_search,organic_search,organic,none,mobile,India,Karnataka,E-commerce,1-10,Performance Monitoring,0,0,1,5,1,1,2026-04-17,0,1,2026-04-19,2,6,148,1,2,414326,1.92,2026-04-25,0,10
usr_00196,vis_002908,Rahul Verma,2026-04-19,Sun,16,2026-04,university.edu,1,ML Engineer,DSU Campus,open_beta,Manager,paid_search,paid_search,cpc,brand_llm_monitoring,desktop,India,Karnataka,Healthcare,1-10,Performance Monitoring,0,0,3,4,1,1,2026-04-19,0,0,,,,,0,0,0,0.0,,0,
usr_00198,vis_002918,Priya Muller,2026-04-18,Sat,16,2026-04,university.edu,1,Researcher,DSU Campus,invite_code,Individual Contributor,referral,referral,referral,partner_aiweekly,mobile,India,Karnataka,Research Lab / Academia,11-50,Research & Experimentation,1,0,2,5,1,1,2026-04-21,3,1,2026-04-24,6,27,123,1,12,1253501,5.14,2026-05-20,0,
usr_00199,vis_002931,Omar Brown,2026-04-16,Thu,16,2026-04,proton.me,1,ML Engineer,DSU Campus,campus_workshop,Team Lead,linkedin,linkedin,social,b2b_mlsops_q2,desktop,India,Karnataka,E-commerce,51-200,Cost Optimization,0,0,0,5,1,1,2026-04-17,1,1,2026-04-19,3,154,2,0,54,4049125,25.1,2026-09-18,1,
usr_00202,vis_003000,Mei Khan,2026-04-19,Sun,14,2026-04,company.com,1,Researcher,DSU Campus,campus_workshop,Individual Contributor,referral,referral,referral,partner_aiweekly,mobile,India,Karnataka,Research Lab / Academia,1-10,Security & Compliance,1,0,2,5,1,0,,,0,,,,,0,0,0,0.0,,0,
usr_00204,vis_003082,Liam Novak,2026-04-18,Sat,9,2026-04,gmail.com,1,Product Manager,DSU Campus,open_beta,Manager,newsletter,newsletter,email,beta_waitlist,mobile,India,Karnataka,SaaS / Software,11-50,Performance Monitoring,0,0,0,5,1,0,,,0,,,,,0,0,0,0.0,,0,
usr_00205,vis_003099,Aisha Sato,2026-04-21,Tue,22,2026-04,university.edu,1,ML Engineer,DSU Campus,invite_code,Individual Contributor,social_twitter,social_twitter,social,llm_observability_buzz,mobile,India,Karnataka,SaaS / Software,11-50,Security & Compliance,1,0,3,5,1,1,2026-04-21,0,1,2026-04-21,0,3,149,1,3,305736,1.48,2026-04-24,0,
usr_00209,vis_003172,Noah Johnson,2026-04-21,Tue,8,2026-04,university.edu,1,ML Engineer,DSU Campus,campus_workshop,Team Lead,direct,(direct),none,none,mobile,India,Karnataka,Research Lab / Academia,1-10,Security & Compliance,0,0,1,5,1,1,2026-04-21,0,0,,,,,0,0,0,0.0,,0,
usr_00213,vis_003266,Priya Sharma,2026-04-22,Wed,16,2026-04,university.edu,1,Founder / Exec,DSU Campus,invite_code,Individual Contributor,direct,(direct),none,none,desktop,India,Karnataka,Research Lab / Academia,1-10,Cost Optimization,1,0,1,5,1,0,,,0,,,,,0,0,0,0.0,,0,
usr_00216,vis_003292,Kenji Muller,2026-04-24,Fri,14,2026-04,gmail.com,1,Researcher,DSU Campus,open_beta,Manager,newsletter,newsletter,email,beta_waitlist,desktop,India,Karnataka,Research Lab / Academia,1-10,Quality Assurance,0,0,3,5,1,1,2026-04-26,2,1,2026-04-26,2,147,6,0,32,2316662,1.38,2026-09-14,1,
usr_00217,vis_003294,Fatima Silva,2026-04-21,Tue,17,2026-04,gmail.com,1,Researcher,DSU Campus,open_beta,Team Lead,newsletter,newsletter,email,beta_waitlist,mobile,India,Karnataka,Research Lab / Academia,1-10,Performance Monitoring,0,0,0,1,0,0,,,0,,,,,0,0,0,0.0,,0,
usr_00220,vis_003329,Zoe Muller,2026-04-22,Wed,8,2026-04,gmail.com,1,Security Engineer,DSU Campus,campus_workshop,Individual Contributor,direct,(direct),none,none,mobile,India,Karnataka,SaaS / Software,1-10,Cost Optimization,0,0,0,3,0,1,2026-04-22,0,1,2026-04-25,3,3,145,1,3,249156,0.93,2026-04-28,0,10
usr_00224,vis_003358,Nadia Wang,2026-04-30,Thu,10,2026-04,university.edu,1,Security Engineer,DSU Campus,invite_code,Executive,direct,(direct),none,none,mobile,India,Karnataka,Research Lab / Academia,1-10,Security & Compliance,1,1,8,2,0,1,2026-05-01,1,0,,,,,0,0,0,0.0,,0,
usr_00235,vis_003467,Ethan Smith,2026-04-23,Thu,15,2026-04,gmail.com,1,Data Scientist,DSU Campus,campus_workshop,Manager,newsletter,newsletter,email,beta_waitlist,mobile,India,Karnataka,SaaS / Software,1-10,Cost Optimization,0,0,0,5,1,1,2026-04-23,0,1,2026-04-23,0,150,7,0,40,3505054,9.36,2026-09-13,1,8
usr_00236,vis_003481,Fatima Johnson,2026-04-24,Fri,9,2026-04,gmail.com,1,Researcher,DSU Campus,open_beta,Individual Contributor,referral,referral,referral,partner_aiweekly,mobile,India,Karnataka,E-commerce,1-10,Security & Compliance,1,0,1,5,1,1,2026-04-24,0,0,,,,,0,0,0,0.0,,0,
usr_00239,vis_003517,Liam Novak,2026-04-24,Fri,14,2026-04,gmail.com,1,Founder / Exec,DSU Campus,campus_workshop,Individual Contributor,social_twitter,social_twitter,social,llm_observability_buzz,desktop,India,Karnataka,SaaS / Software,1-10,Quality Assurance,0,0,0,2,0,0,,,0,,,,,0,0,0,0.0,,0,
usr_00244,vis_003660,Priya Brown,2026-04-27,Mon,13,2026-04,gmail.com,1,ML Engineer,DSU Campus,campus_workshop,Team Lead,hackernews,hackernews,social,show_hn_launch,mobile,India,Karnataka,Research Lab / Academia,11-50,Cost Optimization,0,0,1,5,1,1,2026-04-29,2,1,2026-04-30,3,143,3,0,36,2641595,10.37,2026-09-17,1,7
usr_00245,vis_003667,Kenji Novak,2026-04-26,Sun,9,2026-04,university.edu,1,Product Manager,DSU Campus,campus_workshop,Individual Contributor,referral,referral,referral,partner_aiweekly,mobile,India,Karnataka,Healthcare,1-10,Research & Experimentation,1,0,0,4,1,0,,,0,,,,,0,0,0,0.0,,0,
usr_00247,vis_003686,Emma Johnson,2026-04-27,Mon,7,2026-04,gmail.com,1,Data Scientist,DSU Campus,campus_workshop,Individual Contributor,social_twitter,social_twitter,social,llm_observability_buzz,mobile,India,Karnataka,FinTech,1-10,Quality Assurance,0,0,1,5,1,1,2026-04-27,0,0,,,,,0,0,0,0.0,,0,
usr_00251,vis_003719,Sofia Tanaka,2026-04-27,Mon,22,2026-04,outlook.com,1,ML Engineer,DSU Campus,campus_workshop,Individual Contributor,direct,(direct),none,none,desktop,India,Karnataka,Research Lab / Academia,11-50,Cost Optimization,0,0,0,0,0,0,,,0,,,,,0,0,0,0.0,,0,
usr_00252,vis_003721,Noah Iyer,2026-04-29,Wed,10,2026-04,university.edu,1,Data Scientist,DSU Campus,campus_workshop,Manager,organic_search,organic_search,organic,none,desktop,India,Karnataka,SaaS / Software,1-10,Performance Monitoring,0,0,2,5,1,1,2026-04-29,0,1,2026-04-29,0,24,127,1,10,662569,0.47,2026-05-16,0,9
usr_00253,vis_003726,Diego Johnson,2026-04-27,Mon,7,2026-04,university.edu,1,Researcher,DSU Campus,campus_workshop,Individual Contributor,newsletter,newsletter,email,beta_waitlist,desktop,India,Karnataka,Consulting / Agency,1-10,Cost Optimization,0,0,0,4,1,1,2026-05-02,5,0,,,,,0,0,0,0.0,,0,
usr_00254,vis_003730,Noah Ali,2026-04-27,Mon,9,2026-04,gmail.com,1,ML Engineer,DSU Campus,campus_workshop,Individual Contributor,newsletter,newsletter,email,beta_waitlist,mobile,India,Karnataka,Research Lab / Academia,1-10,Quality Assurance,0,0,0,5,1,1,2026-04-28,1,1,2026-04-28,1,89,60,1,21,2071150,1.26,2026-07-22,0,
usr_00257,vis_003784,Rahul Rossi,2026-04-28,Tue,17,2026-04,gmail.com,1,Researcher,DSU Campus,invite_code,Team Lead,referral,referral,referral,partner_aiweekly,mobile,India,Karnataka,Research Lab / Academia,1-10,Performance Monitoring,1,0,1,5,1,1,2026-04-29,1,1,2026-04-29,1,66,81,1,27,2710612,10.66,2026-07-01,1,
usr_00264,vis_003880,Rahul Johnson,2026-04-29,Wed,20,2026-04,proton.me,0,Researcher,DSU Campus,open_beta,Manager,referral,referral,referral,partner_aiweekly,desktop,India,Karnataka,Research Lab / Academia,1-10,Performance Monitoring,1,0,0,5,1,1,2026-04-29,0,0,,,,,0,0,0,0.0,,0,
usr_00267,vis_003907,Diego Garcia,2026-04-30,Thu,12,2026-04,gmail.com,1,Data Scientist,DSU Campus,campus_workshop,Team Lead,newsletter,newsletter,email,beta_waitlist,desktop,India,Karnataka,Consulting / Agency,1-10,Cost Optimization,0,0,1,4,1,1,2026-05-02,2,1,2026-05-02,2,71,70,1,14,1500185,5.05,2026-07-12,0,
usr_00268,vis_003910,Yuki Johnson,2026-05-02,Sat,8,2026-05,university.edu,0,Researcher,DSU Campus,invite_code,Manager,social_twitter,social_twitter,social,llm_observability_buzz,desktop,India,Karnataka,Research Lab / Academia,1-10,Cost Optimization,1,0,3,5,1,0,,,0,,,,,0,0,0,0.0,,0,
usr_00270,vis_003930,Omar Yamamoto,2026-05-01,Fri,16,2026-05,outlook.com,1,ML Engineer,DSU Campus,campus_workshop,Individual Contributor,direct,(direct),none,none,mobile,India,Karnataka,Research Lab / Academia,1-10,Security & Compliance,0,0,2,5,1,0,,,0,,,,,0,0,0,0.0,,0,
usr_00273,vis_004015,Kenji Lindqvist,2026-04-30,Thu,7,2026-04,university.edu,0,Data Scientist,DSU Campus,open_beta,Individual Contributor,referral,referral,referral,partner_aiweekly,desktop,India,Karnataka,Research Lab / Academia,1-10,Cost Optimization,1,0,0,4,1,1,2026-04-30,0,1,2026-05-01,1,142,0,0,39,3600715,15.62,2026-09-20,1,7
usr_00276,vis_004065,Rahul Garcia,2026-05-02,Sat,8,2026-05,company.com,0,ML Engineer,DSU Campus,campus_workshop,Team Lead,referral,referral,referral,partner_aiweekly,mobile,India,Karnataka,Research Lab / Academia,1-10,Security & Compliance,1,0,1,5,1,1,2026-05-03,1,1,2026-05-03,1,33,110,1,10,595761,0.41,2026-06-02,0,
usr_00283,vis_004199,Ingrid Yamamoto,2026-05-03,Sun,19,2026-05,gmail.com,1,Security Engineer,DSU Campus,open_beta,Team Lead,referral,referral,referral,partner_aiweekly,desktop,India,Karnataka,Research Lab / Academia,1-10,Performance Monitoring,1,0,1,5,1,0,,,0,,,,,0,0,0,0.0,,0,
usr_00289,vis_004270,Chen Kim,2026-05-04,Mon,15,2026-05,gmail.com,1,ML Engineer,DSU Campus,campus_workshop,Manager,referral,referral,referral,partner_aiweekly,desktop,India,Karnataka,E-commerce,11-50,Quality Assurance,1,0,0,5,1,0,,,0,,,,,0,0,0,0.0,,0,
usr_00297,vis_004359,Omar Verma,2026-05-05,Tue,8,2026-05,proton.me,1,Data Scientist,DSU Campus,invite_code,Individual Contributor,referral,referral,referral,partner_aiweekly,desktop,India,Karnataka,Research Lab / Academia,1-10,Quality Assurance,1,0,0,5,1,1,2026-05-10,5,0,,,,,0,0,0,0.0,,0,
usr_00299,vis_004374,Nadia Rossi,2026-05-07,Thu,10,2026-05,gmail.com,1,Researcher,DSU Campus,campus_workshop,Individual Contributor,referral,referral,referral,partner_aiweekly,desktop,India,Karnataka,Consulting / Agency,1-10,Performance Monitoring,1,0,2,4,1,1,2026-05-09,2,1,2026-05-12,5,121,10,0,17,1723360,1.06,2026-09-10,0,10
usr_00303,vis_004444,Mei Nair,2026-05-07,Thu,18,2026-05,university.edu,1,Researcher,DSU Campus,campus_workshop,Individual Contributor,referral,referral,referral,partner_aiweekly,mobile,India,Karnataka,Research Lab / Academia,1-10,Performance Monitoring,1,1,1,3,0,0,,,0,,,,,0,0,0,0.0,,0,
usr_00304,vis_004476,Sofia Walker,2026-05-07,Thu,7,2026-05,gmail.com,1,ML Engineer,DSU Campus,open_beta,Executive,referral,referral,referral,partner_aiweekly,desktop,India,Karnataka,SaaS / Software,1-10,Cost Optimization,1,0,1,5,1,0,,,0,,,,,0,0,0,0.0,,0,
usr_00311,vis_004556,Lucas Muller,2026-05-07,Thu,21,2026-05,university.edu,1,ML Engineer,DSU Campus,campus_workshop,Individual Contributor,hackernews,hackernews,social,show_hn_launch,mobile,India,Karnataka,Research Lab / Academia,1-10,Quality Assurance,0,0,0,4,1,1,2026-05-08,1,1,2026-05-09,2,13,122,1,5,338119,0.89,2026-05-21,0,8
usr_00318,vis_004677,Elena Rossi,2026-05-08,Fri,19,2026-05,gmail.com,1,ML Engineer,DSU Campus,open_beta,Executive,organic_search,organic_search,organic,none,desktop,India,Karnataka,Research Lab / Academia,11-50,Quality Assurance,0,0,0,2,0,0,,,0,,,,,0,0,0,0.0,,0,
usr_00322,vis_004721,Mei Brown,2026-05-09,Sat,21,2026-05,university.edu,1,ML Engineer,DSU Campus,campus_workshop,Individual Contributor,newsletter,newsletter,email,beta_waitlist,mobile,India,Karnataka,Healthcare,1000+,Performance Monitoring,0,0,0,4,1,1,2026-05-09,0,1,2026-05-10,1,43,90,1,16,1465638,2.42,2026-06-22,0,9
usr_00326,vis_004767,Ingrid Nair,2026-05-09,Sat,10,2026-05,gmail.com,1,Security Engineer,DSU Campus,campus_workshop,Individual Contributor,hackernews,hackernews,social,show_hn_launch,desktop,India,Karnataka,Research Lab / Academia,1-10,Quality Assurance,0,0,0,5,1,0,,,0,,,,,0,0,0,0.0,,0,
usr_00329,vis_004796,Yuki Muller,2026-05-11,Mon,17,2026-05,gmail.com,1,Researcher,DSU Campus,invite_code,Team Lead,social_twitter,social_twitter,social,llm_observability_buzz,desktop,India,Karnataka,SaaS / Software,51-200,Quality Assurance,1,0,1,5,1,1,2026-05-18,7,1,2026-05-18,7,26,104,1,15,1195181,1.39,2026-06-08,0,8
usr_00333,vis_004900,Aisha Verma,2026-05-11,Mon,15,2026-05,outlook.com,1,Researcher,DSU Campus,campus_workshop,Individual Contributor,newsletter,newsletter,email,beta_waitlist,mobile,India,Karnataka,SaaS / Software,201-1000,Research & Experimentation,0,0,0,3,0,1,2026-05-15,4,1,2026-05-15,4,128,0,0,34,2531056,13.64,2026-09-20,1,9
usr_00334,vis_004918,Hassan Brown,2026-05-11,Mon,20,2026-05,proton.me,1,Data Scientist,DSU Campus,campus_workshop,Individual Contributor,direct,(direct),none,none,desktop,India,Karnataka,E-commerce,1-10,Quality Assurance,0,0,0,5,1,0,,,0,,,,,0,0,0,0.0,,0,
usr_00336,vis_004941,Rahul Costa,2026-05-17,Sun,21,2026-05,gmail.com,1,ML Engineer,DSU Campus,campus_workshop,Individual Contributor,direct,(direct),none,none,mobile,India,Karnataka,Research Lab / Academia,1-10,Quality Assurance,0,0,5,4,1,1,2026-05-21,4,1,2026-05-21,4,29,101,1,9,1321736,4.64,2026-06-11,0,8
usr_00337,vis_004943,Maya Kim,2026-05-12,Tue,21,2026-05,university.edu,1,ML Engineer,DSU Campus,open_beta,Individual Contributor,newsletter,newsletter,email,beta_waitlist,mobile,India,Karnataka,Enterprise IT,1-10,Security & Compliance,0,0,0,0,0,1,2026-05-17,5,0,,,,,0,0,0,0.0,,0,
usr_00338,vis_004948,Liam Johnson,2026-05-12,Tue,8,2026-05,gmail.com,0,ML Engineer,DSU Campus,invite_code,Executive,direct,(direct),none,none,mobile,India,Karnataka,Research Lab / Academia,1-10,Performance Monitoring,1,0,0,5,1,1,2026-05-12,0,1,2026-05-12,0,131,14,0,45,3264654,20.18,2026-09-06,1,8
usr_00340,vis_004976,Ethan Kim,2026-05-12,Tue,8,2026-05,gmail.com,1,Researcher,DSU Campus,open_beta,Team Lead,newsletter,newsletter,email,beta_waitlist,mobile,India,Karnataka,Consulting / Agency,1-10,Cost Optimization,0,1,0,5,1,0,,,0,,,,,0,0,0,0.0,,0,
usr_00343,vis_004999,Rahul Rossi,2026-05-20,Wed,9,2026-05,gmail.com,0,Data Scientist,DSU Campus,open_beta,Executive,referral,referral,referral,partner_aiweekly,mobile,India,Karnataka,Consulting / Agency,1-10,Research & Experimentation,1,0,8,5,1,1,2026-05-20,0,1,2026-05-21,1,66,59,1,18,1272874,4.2,2026-07-23,0,
usr_00348,vis_005139,Arjun Ali,2026-05-15,Fri,14,2026-05,outlook.com,1,Researcher,DSU Campus,campus_workshop,Individual Contributor,hackernews,hackernews,social,show_hn_launch,desktop,India,Karnataka,Research Lab / Academia,1-10,Security & Compliance,0,0,3,2,0,0,,,0,,,,,0,0,0,0.0,,0,
usr_00350,vis_005155,Ingrid Petrova,2026-05-12,Tue,21,2026-05,gmail.com,1,ML Engineer,DSU Campus,invite_code,Individual Contributor,direct,(direct),none,none,desktop,India,Karnataka,SaaS / Software,51-200,Security & Compliance,1,0,0,5,1,1,2026-05-12,0,1,2026-05-12,0,19,112,1,14,1324544,0.87,2026-05-31,0,
usr_00354,vis_005184,Ethan Sato,2026-05-13,Wed,8,2026-05,gmail.com,1,Founder / Exec,DSU Campus,campus_workshop,Individual Contributor,social_twitter,social_twitter,social,llm_observability_buzz,mobile,India,Karnataka,Media & Gaming,1-10,Research & Experimentation,0,0,1,5,1,1,2026-05-14,1,1,2026-05-14,1,24,105,1,5,361510,1.59,2026-06-07,0,
usr_00357,vis_005280,Ingrid Iyer,2026-05-13,Wed,14,2026-05,gmail.com,1,ML Engineer,DSU Campus,open_beta,Individual Contributor,direct,(direct),none,none,mobile,India,Karnataka,Research Lab / Academia,1-10,Performance Monitoring,0,0,0,0,0,0,,,0,,,,,0,0,0,0.0,,0,
usr_00359,vis_005296,Sofia Garcia,2026-05-16,Sat,18,2026-05,university.edu,0,Founder / Exec,DSU Campus,open_beta,Individual Contributor,referral,referral,referral,partner_aiweekly,desktop,India,Karnataka,Research Lab / Academia,1-10,Cost Optimization,1,0,3,5,1,0,,,0,,,,,0,0,0,0.0,,0,
usr_00362,vis_005344,Sofia Iyer,2026-05-13,Wed,8,2026-05,university.edu,0,Data Scientist,DSU Campus,campus_workshop,Executive,social_twitter,social_twitter,social,llm_observability_buzz,mobile,India,Karnataka,SaaS / Software,1-10,Performance Monitoring,0,0,0,3,0,0,,,0,,,,,0,0,0,0.0,,0,
usr_00365,vis_005408,Rahul Wang,2026-05-14,Thu,20,2026-05,university.edu,1,Researcher,DSU Campus,invite_code,Team Lead,paid_search,paid_search,cpc,brand_llm_monitoring,desktop,India,Karnataka,Research Lab / Academia,51-200,Cost Optimization,1,0,0,5,1,1,2026-05-16,2,1,2026-05-22,8,98,23,0,43,3047293,7.66,2026-08-28,1,8
usr_00366,vis_005425,Priya Rossi,2026-05-15,Fri,8,2026-05,university.edu,1,ML Engineer,DSU Campus,invite_code,Individual Contributor,organic_search,organic_search,organic,none,mobile,India,Karnataka,Research Lab / Academia,1-10,Performance Monitoring,1,0,1,5,1,0,,,0,,,,,0,0,0,0.0,,0,
usr_00370,vis_005473,Aisha Lindqvist,2026-05-15,Fri,7,2026-05,gmail.com,1,ML Engineer,DSU Campus,campus_workshop,Individual Contributor,newsletter,newsletter,email,beta_waitlist,mobile,India,Karnataka,Healthcare,1-10,Security & Compliance,0,0,0,5,1,0,,,0,,,,,0,0,0,0.0,,0,
usr_00372,vis_005500,Arjun Walker,2026-05-16,Sat,17,2026-05,university.edu,1,ML Engineer,DSU Campus,campus_workshop,Executive,referral,referral,referral,partner_aiweekly,desktop,India,Karnataka,Consulting / Agency,1-10,Security & Compliance,1,0,1,5,1,1,2026-05-16,0,1,2026-05-16,0,14,113,1,3,254828,0.84,2026-05-30,0,8
usr_00375,vis_005512,Sofia Haddad,2026-05-15,Fri,19,2026-05,proton.me,1,Product Manager,DSU Campus,invite_code,Individual Contributor,organic_search,organic_search,organic,none,desktop,India,Karnataka,Research Lab / Academia,1-10,Cost Optimization,1,0,0,0,0,0,,,0,,,,,0,0,0,0.0,,0,
usr_00377,vis_005541,Arjun Yamamoto,2026-05-17,Sun,11,2026-05,gmail.com,1,ML Engineer,DSU Campus,campus_workshop,Individual Contributor,referral,referral,referral,partner_aiweekly,desktop,India,Karnataka,Research Lab / Academia,1-10,Security & Compliance,1,0,1,3,0,1,2026-05-17,0,1,2026-05-18,1,60,72,1,27,3120369,13.02,2026-07-10,1,
usr_00379,vis_005543,Sofia Costa,2026-05-18,Mon,11,2026-05,university.edu,1,Data Scientist,DSU Campus,campus_workshop,Individual Contributor,referral,referral,referral,partner_aiweekly,mobile,India,Karnataka,Research Lab / Academia,1-10,Performance Monitoring,1,0,2,5,1,0,,,0,,,,,0,0,0,0.0,,0,
usr_00381,vis_005561,Diego Silva,2026-05-16,Sat,9,2026-05,gmail.com,1,Researcher,DSU Campus,campus_workshop,Manager,direct,(direct),none,none,mobile,India,Karnataka,E-commerce,1-10,Performance Monitoring,0,0,0,0,0,0,,,0,,,,,0,0,0,0.0,,0,
usr_00382,vis_005605,Fatima Yamamoto,2026-05-17,Sun,10,2026-05,university.edu,1,Researcher,DSU Campus,campus_workshop,Team Lead,newsletter,newsletter,email,beta_waitlist,tablet,India,Karnataka,FinTech,1-10,Cost Optimization,0,0,0,1,0,1,2026-05-18,1,1,2026-05-18,1,125,4,0,16,1688278,4.91,2026-09-16,0,
usr_00385,vis_005680,Aisha Tanaka,2026-05-21,Thu,8,2026-05,gmail.com,1,Data Scientist,DSU Campus,invite_code,Individual Contributor,linkedin,linkedin,social,b2b_mlsops_q2,mobile,India,Karnataka,Consulting / Agency,1-10,Performance Monitoring,1,0,3,5,1,1,2026-05-22,1,1,2026-05-22,1,121,3,0,40,4294190,11.55,2026-09-17,1,10
usr_00392,vis_005769,Mei Khan,2026-05-19,Tue,10,2026-05,gmail.com,1,Researcher,DSU Campus,invite_code,Team Lead,organic_search,organic_search,organic,none,desktop,India,Karnataka,Research Lab / Academia,1-10,Security & Compliance,1,0,0,5,1,1,2026-05-19,0,1,2026-05-19,0,3,123,1,3,169023,0.67,2026-05-20,0,10
usr_00394,vis_005802,Liam Rossi,2026-05-19,Tue,15,2026-05,gmail.com,1,Researcher,DSU Campus,campus_workshop,Team Lead,direct,(direct),none,none,mobile,India,Karnataka,Research Lab / Academia,1-10,Quality Assurance,0,0,0,5,1,0,,,0,,,,,0,0,0,0.0,,0,
usr_00395,vis_005804,Mei Iyer,2026-05-19,Tue,13,2026-05,gmail.com,0,ML Engineer,DSU Campus,open_beta,Individual Contributor,direct,(direct),none,none,desktop,India,Karnataka,Research Lab / Academia,1-10,Security & Compliance,0,0,0,5,1,0,,,0,,,,,0,0,0,0.0,,0,
usr_00396,vis_005823,Diego Johnson,2026-05-19,Tue,7,2026-05,university.edu,1,ML Engineer,DSU Campus,campus_workshop,Individual Contributor,newsletter,newsletter,email,beta_waitlist,mobile,India,Karnataka,Consulting / Agency,1-10,Performance Monitoring,0,0,0,2,0,0,,,0,,,,,0,0,0,0.0,,0,
usr_00398,vis_005850,Rahul Lindqvist,2026-05-21,Thu,7,2026-05,gmail.com,1,Data Scientist,DSU Campus,campus_workshop,Individual Contributor,newsletter,newsletter,email,beta_waitlist,mobile,India,Karnataka,SaaS / Software,1-10,Cost Optimization,0,0,1,2,0,1,2026-05-25,4,1,2026-05-28,7,115,7,0,26,2493814,3.13,2026-09-13,1,7
usr_00400,vis_005859,Lucas Walker,2026-05-22,Fri,7,2026-05,gmail.com,1,Product Manager,DSU Campus,campus_workshop,Executive,newsletter,newsletter,email,beta_waitlist,desktop,India,Karnataka,Research Lab / Academia,1-10,Cost Optimization,0,0,2,5,1,1,2026-05-23,1,1,2026-05-24,2,30,89,1,7,577347,2.84,2026-06-23,0,9
usr_00401,vis_005865,Kenji Johnson,2026-05-22,Fri,17,2026-05,university.edu,1,Data Scientist,DSU Campus,open_beta,Manager,hackernews,hackernews,social,show_hn_launch,mobile,India,Karnataka,Research Lab / Academia,1-10,Security & Compliance,0,0,2,5,1,1,2026-05-23,1,1,2026-05-23,1,52,69,1,23,2036643,8.28,2026-07-13,0,6
usr_00403,vis_005905,Zoe Silva,2026-05-22,Fri,18,2026-05,gmail.com,1,Data Scientist,DSU Campus,campus_workshop,Individual Contributor,referral,referral,referral,partner_aiweekly,mobile,India,Karnataka,E-commerce,1-10,Cost Optimization,1,0,2,5,1,1,2026-05-22,0,1,2026-05-24,2,83,42,1,20,1372418,3.58,2026-08-09,0,8
usr_00408,vis_006031,Noah Sato,2026-05-21,Thu,15,2026-05,university.edu,1,Researcher,DSU Campus,invite_code,Manager,referral,referral,referral,partner_aiweekly,desktop,India,Karnataka,SaaS / Software,1000+,Quality Assurance,1,0,0,5,1,1,2026-05-28,7,0,,,,,0,0,0,0.0,,0,
usr_00409,vis_006053,Yuki Kim,2026-05-22,Fri,17,2026-05,gmail.com,1,ML Engineer,DSU Campus,campus_workshop,Individual Contributor,newsletter,newsletter,email,beta_waitlist,desktop,India,Karnataka,Media & Gaming,1-10,Security & Compliance,0,1,0,5,1,0,,,0,,,,,0,0,0,0.0,,0,
usr_00415,vis_006119,Aisha Brown,2026-05-22,Fri,22,2026-05,university.edu,1,Product Manager,DSU Campus,open_beta,Team Lead,organic_search,organic_search,organic,none,mobile,India,Karnataka,Media & Gaming,1-10,Security & Compliance,0,0,0,2,0,0,,,0,,,,,0,0,0,0.0,,0,
usr_00416,vis_006120,Elena Walker,2026-05-23,Sat,9,2026-05,outlook.com,1,Data Scientist,DSU Campus,open_beta,Executive,linkedin,linkedin,social,b2b_mlsops_q2,mobile,India,Karnataka,Media & Gaming,1-10,Performance Monitoring,0,0,1,5,1,0,,,0,,,,,0,0,0,0.0,,0,
usr_00422,vis_006157,Sofia Nair,2026-05-23,Sat,7,2026-05,gmail.com,1,Researcher,DSU Campus,campus_workshop,Individual Contributor,organic_search,organic_search,organic,none,mobile,India,Karnataka,Research Lab / Academia,1-10,Performance Monitoring,0,0,0,2,0,1,2026-05-23,0,1,2026-05-23,0,34,86,1,10,831706,6.01,2026-06-26,0,
usr_00423,vis_006160,Priya Garcia,2026-05-23,Sat,9,2026-05,gmail.com,1,Data Scientist,DSU Campus,open_beta,Team Lead,social_twitter,social_twitter,social,llm_observability_buzz,desktop,India,Karnataka,SaaS / Software,1-10,Performance Monitoring,0,0,0,4,1,1,2026-05-27,4,1,2026-05-27,4,116,2,0,35,3831274,9.75,2026-09-18,1,6
usr_00425,vis_006167,Emma Muller,2026-05-23,Sat,21,2026-05,university.edu,1,Security Engineer,DSU Campus,campus_workshop,Executive,referral,referral,referral,partner_aiweekly,mobile,India,Karnataka,Research Lab / Academia,51-200,Performance Monitoring,1,0,0,5,1,0,,,0,,,,,0,0,0,0.0,,0,
usr_00427,vis_006206,Ethan Kim,2026-05-23,Sat,22,2026-05,university.edu,1,ML Engineer,DSU Campus,campus_workshop,Individual Contributor,organic_search,organic_search,organic,none,desktop,India,Karnataka,SaaS / Software,1-10,Cost Optimization,0,0,0,5,1,0,,,0,,,,,0,0,0,0.0,,0,
usr_00429,vis_006257,Diego Yamamoto,2026-05-24,Sun,20,2026-05,gmail.com,1,ML Engineer,DSU Campus,campus_workshop,Individual Contributor,direct,(direct),none,none,tablet,India,Karnataka,Research Lab / Academia,1-10,Security & Compliance,0,0,0,4,1,1,2026-05-27,3,1,2026-05-30,6,3,113,1,3,187534,0.83,2026-05-30,0,10
usr_00430,vis_006266,Noah Brown,2026-05-27,Wed,12,2026-05,university.edu,1,Researcher,DSU Campus,invite_code,Individual Contributor,direct,(direct),none,none,mobile,India,Karnataka,Research Lab / Academia,1-10,Cost Optimization,1,0,3,4,1,0,,,0,,,,,0,0,0,0.0,,0,
usr_00443,vis_006463,Ingrid Smith,2026-05-28,Thu,20,2026-05,proton.me,1,Data Scientist,DSU Campus,campus_workshop,Individual Contributor,referral,referral,referral,partner_aiweekly,mobile,India,Karnataka,Research Lab / Academia,1-10,Security & Compliance,1,0,2,5,1,1,2026-05-28,0,1,2026-06-01,4,111,6,0,23,2432675,5.45,2026-09-14,0,6
usr_00444,vis_006486,Chen Verma,2026-05-29,Fri,11,2026-05,university.edu,1,Data Scientist,DSU Campus,open_beta,Team Lead,social_twitter,social_twitter,social,llm_observability_buzz,mobile,India,Karnataka,E-commerce,1-10,Cost Optimization,0,0,2,5,1,1,2026-05-29,0,1,2026-05-29,0,17,99,1,7,588204,3.1,2026-06-13,0,8
usr_00450,vis_006562,Diego Garcia,2026-05-28,Thu,11,2026-05,university.edu,1,Data Scientist,DSU Campus,open_beta,Individual Contributor,social_twitter,social_twitter,social,llm_observability_buzz,mobile,India,Karnataka,Research Lab / Academia,1-10,Security & Compliance,0,0,1,0,0,1,2026-06-01,4,1,2026-06-01,4,44,67,1,16,2070238,6.98,2026-07-15,0,9
usr_00451,vis_006583,Tomas Haddad,2026-05-27,Wed,8,2026-05,company.com,1,Researcher,DSU Campus,campus_workshop,Executive,linkedin,linkedin,social,b2b_mlsops_q2,desktop,India,Karnataka,Consulting / Agency,11-50,Security & Compliance,0,0,0,5,1,1,2026-05-30,3,1,2026-06-01,5,42,69,1,11,813662,3.9,2026-07-13,0,
usr_00455,vis_006627,Nadia Ali,2026-05-28,Thu,17,2026-05,gmail.com,1,ML Engineer,DSU Campus,invite_code,Team Lead,referral,referral,referral,partner_aiweekly,mobile,India,Karnataka,Media & Gaming,1-10,Performance Monitoring,1,0,0,5,1,1,2026-05-30,2,1,2026-05-31,3,74,40,1,28,2352399,13.36,2026-08-11,1,8
usr_00466,vis_006780,Maya Sato,2026-05-29,Fri,18,2026-05,university.edu,1,Security Engineer,DSU Campus,invite_code,Individual Contributor,organic_search,organic_search,organic,none,desktop,India,Karnataka,Research Lab / Academia,1-10,Quality Assurance,1,0,0,0,0,1,2026-05-29,0,1,2026-06-02,4,110,0,0,55,7027057,41.11,2026-09-20,1,7
usr_00469,vis_006792,Zoe Lindqvist,2026-05-31,Sun,14,2026-05,university.edu,1,Security Engineer,DSU Campus,invite_code,Individual Contributor,direct,(direct),none,none,mobile,India,Karnataka,FinTech,1-10,Security & Compliance,1,0,1,4,1,1,2026-05-31,0,1,2026-05-31,0,35,82,1,8,721845,1.59,2026-06-30,0,8
usr_00472,vis_006813,Lucas Nair,2026-05-30,Sat,9,2026-05,company.com,1,Security Engineer,DSU Campus,invite_code,Individual Contributor,social_twitter,social_twitter,social,llm_observability_buzz,desktop,India,Karnataka,Research Lab / Academia,1-10,Security & Compliance,1,0,0,5,1,1,2026-06-01,2,1,2026-06-01,2,31,80,1,18,1541296,9.68,2026-07-02,0,8
usr_00476,vis_006868,Omar Nair,2026-05-31,Sun,22,2026-05,gmail.com,1,Data Scientist,DSU Campus,campus_workshop,Individual Contributor,newsletter,newsletter,email,beta_waitlist,mobile,India,Karnataka,FinTech,51-200,Performance Monitoring,0,0,0,2,0,1,2026-05-31,0,1,2026-05-31,0,93,19,0,29,2309712,9.5,2026-09-01,1,10
usr_00479,vis_006926,Yuki Yamamoto,2026-05-31,Sun,18,2026-05,university.edu,1,Data Scientist,DSU Campus,campus_workshop,Team Lead,direct,(direct),none,none,desktop,India,Karnataka,Research Lab / Academia,1-10,Quality Assurance,0,1,0,5,1,1,2026-06-02,2,1,2026-06-02,2,41,70,1,8,807053,0.47,2026-07-12,0,9
usr_00481,vis_006930,Yuki Iyer,2026-06-08,Mon,15,2026-06,university.edu,1,ML Engineer,DSU Campus,campus_workshop,Team Lead,social_twitter,social_twitter,social,llm_observability_buzz,desktop,India,Karnataka,SaaS / Software,1-10,Cost Optimization,0,0,8,1,0,1,2026-06-10,2,1,2026-06-10,2,93,11,0,37,3460133,9.87,2026-09-09,1,9
usr_00492,vis_007052,Rahul Sato,2026-06-04,Thu,11,2026-06,company.com,1,Security Engineer,DSU Campus,campus_workshop,Executive,newsletter,newsletter,email,beta_waitlist,desktop,India,Karnataka,Consulting / Agency,1-10,Performance Monitoring,0,0,2,5,1,1,2026-06-04,0,1,2026-06-04,0,108,0,0,36,2869293,14.8,2026-09-20,1,
usr_00493,vis_007061,Mei Lindqvist,2026-06-03,Wed,12,2026-06,proton.me,1,ML Engineer,DSU Campus,invite_code,Manager,paid_search,paid_search,cpc,brand_llm_monitoring,desktop,India,Karnataka,FinTech,1-10,Cost Optimization,1,0,1,5,1,0,,,0,,,,,0,0,0,0.0,,0,
usr_00494,vis_007066,Sofia Sharma,2026-06-02,Tue,16,2026-06,university.edu,1,Data Scientist,DSU Campus,campus_workshop,Individual Contributor,social_twitter,social_twitter,social,llm_observability_buzz,desktop,India,Karnataka,Research Lab / Academia,11-50,Quality Assurance,0,0,0,2,0,0,,,0,,,,,0,0,0,0.0,,0,
usr_00495,vis_007080,Aisha Smith,2026-06-02,Tue,16,2026-06,gmail.com,1,Researcher,DSU Campus,campus_workshop,Individual Contributor,referral,referral,referral,partner_aiweekly,desktop,India,Karnataka,E-commerce,1-10,Cost Optimization,1,0,0,3,0,1,2026-06-02,0,1,2026-06-02,0,33,81,1,8,451261,2.95,2026-07-01,0,7
usr_00500,vis_007118,Chen Haddad,2026-06-05,Fri,14,2026-06,outlook.com,1,ML Engineer,DSU Campus,open_beta,Individual Contributor,social_twitter,social_twitter,social,llm_observability_buzz,mobile,India,Karnataka,SaaS / Software,1-10,Security & Compliance,0,0,3,0,0,0,,,0,,,,,0,0,0,0.0,,0,
usr_00506,vis_007215,Mei Walker,2026-06-05,Fri,17,2026-06,university.edu,1,ML Engineer,DSU Campus,campus_workshop,Individual Contributor,paid_search,paid_search,cpc,brand_llm_monitoring,desktop,India,Karnataka,Research Lab / Academia,1-10,Performance Monitoring,0,0,2,5,1,0,,,0,,,,,0,0,0,0.0,,0,
usr_00508,vis_007269,Fatima Kim,2026-06-06,Sat,13,2026-06,university.edu,1,ML Engineer,DSU Campus,campus_workshop,Executive,referral,referral,referral,partner_aiweekly,mobile,India,Karnataka,Media & Gaming,51-200,Security & Compliance,1,0,2,0,0,0,,,0,,,,,0,0,0,0.0,,0,
usr_00509,vis_007273,Noah Sharma,2026-06-09,Tue,20,2026-06,university.edu,0,Data Scientist,DSU Campus,invite_code,Individual Contributor,linkedin,linkedin,social,b2b_mlsops_q2,mobile,India,Karnataka,Media & Gaming,1-10,Quality Assurance,1,0,5,1,0,1,2026-06-11,2,0,,,,,0,0,0,0.0,,0,
usr_00513,vis_007392,Fatima Johnson,2026-06-06,Sat,19,2026-06,gmail.com,1,ML Engineer,DSU Campus,open_beta,Individual Contributor,social_twitter,social_twitter,social,llm_observability_buzz,mobile,India,Karnataka,Research Lab / Academia,1-10,Performance Monitoring,0,0,1,4,1,0,,,0,,,,,0,0,0,0.0,,0,
usr_00520,vis_007481,Zoe Iyer,2026-06-06,Sat,10,2026-06,university.edu,0,Product Manager,DSU Campus,campus_workshop,Executive,hackernews,hackernews,social,show_hn_launch,desktop,India,Karnataka,Research Lab / Academia,1-10,Quality Assurance,0,0,0,1,0,1,2026-06-06,0,1,2026-06-06,0,13,98,1,4,341398,2.64,2026-06-14,0,8
usr_00525,vis_007535,Priya Brown,2026-06-07,Sun,14,2026-06,company.com,0,ML Engineer,DSU Campus,campus_workshop,Manager,newsletter,newsletter,email,beta_waitlist,desktop,India,Karnataka,Research Lab / Academia,1-10,Security & Compliance,0,0,1,5,1,1,2026-06-08,1,0,,,,,0,0,0,0.0,,0,
usr_00529,vis_007550,Maya Novak,2026-06-06,Sat,19,2026-06,university.edu,1,Product Manager,DSU Campus,campus_workshop,Team Lead,linkedin,linkedin,social,b2b_mlsops_q2,mobile,India,Karnataka,Research Lab / Academia,1-10,Performance Monitoring,0,0,0,5,1,0,,,0,,,,,0,0,0,0.0,,0,
usr_00531,vis_007598,Rahul Walker,2026-06-09,Tue,15,2026-06,university.edu,0,Researcher,DSU Campus,open_beta,Individual Contributor,hackernews,hackernews,social,show_hn_launch,mobile,India,Karnataka,SaaS / Software,1-10,Security & Compliance,0,0,2,4,1,1,2026-06-09,0,0,,,,,0,0,0,0.0,,0,
usr_00536,vis_007678,Fatima Yamamoto,2026-06-08,Mon,19,2026-06,university.edu,1,ML Engineer,DSU Campus,campus_workshop,Individual Contributor,direct,(direct),none,none,desktop,India,Karnataka,Research Lab / Academia,1-10,Security & Compliance,0,1,0,5,1,1,2026-06-08,0,1,2026-06-08,0,104,6,0,37,3975636,13.27,2026-09-14,1,7
usr_00537,vis_007686,Hassan Muller,2026-06-08,Mon,22,2026-06,gmail.com,1,Founder / Exec,DSU Campus,campus_workshop,Individual Contributor,social_twitter,social_twitter,social,llm_observability_buzz,mobile,India,Karnataka,Enterprise IT,1-10,Performance Monitoring,0,0,0,0,0,0,,,0,,,,,0,0,0,0.0,,0,
usr_00538,vis_007703,Liam Garcia,2026-06-11,Thu,16,2026-06,university.edu,1,Product Manager,DSU Campus,invite_code,Individual Contributor,referral,referral,referral,partner_aiweekly,mobile,India,Karnataka,SaaS / Software,1-10,Performance Monitoring,1,0,3,5,1,0,,,0,,,,,0,0,0,0.0,,0,
usr_00539,vis_007722,Maya Muller,2026-06-09,Tue,16,2026-06,university.edu,0,Researcher,DSU Campus,invite_code,Manager,organic_search,organic_search,organic,none,desktop,India,Karnataka,Research Lab / Academia,1-10,Quality Assurance,1,1,1,4,1,1,2026-06-09,0,0,,,,,0,0,0,0.0,,0,
usr_00542,vis_007760,Chen Garcia,2026-06-10,Wed,9,2026-06,university.edu,1,Researcher,DSU Campus,open_beta,Individual Contributor,direct,(direct),none,none,desktop,India,Karnataka,Research Lab / Academia,201-1000,Security & Compliance,0,0,1,5,1,1,2026-06-12,2,1,2026-06-12,2,10,90,1,5,343685,1.07,2026-06-22,0,9
usr_00543,vis_007769,Mei Brown,2026-06-09,Tue,8,2026-06,gmail.com,1,Data Scientist,DSU Campus,campus_workshop,Executive,paid_search,paid_search,cpc,brand_llm_monitoring,desktop,India,Karnataka,SaaS / Software,1-10,Quality Assurance,0,0,0,0,0,1,2026-06-09,0,1,2026-06-09,0,3,100,1,7,417874,3.04,2026-06-12,0,6
usr_00544,vis_007773,Arjun Tanaka,2026-06-09,Tue,8,2026-06,university.edu,1,ML Engineer,DSU Campus,campus_workshop,Team Lead,direct,(direct),none,none,mobile,India,Karnataka,Consulting / Agency,1-10,Security & Compliance,0,0,0,3,0,0,,,0,,,,,0,0,0,0.0,,0,
usr_00545,vis_007785,Hassan Khan,2026-06-09,Tue,14,2026-06,gmail.com,1,ML Engineer,DSU Campus,campus_workshop,Individual Contributor,referral,referral,referral,partner_aiweekly,desktop,India,Karnataka,SaaS / Software,1-10,Performance Monitoring,1,0,0,5,1,1,2026-06-10,1,1,2026-06-12,3,100,1,0,43,3640687,20.2,2026-09-19,1,10
usr_00553,vis_007854,Noah Garcia,2026-06-15,Mon,18,2026-06,gmail.com,1,Security Engineer,DSU Campus,invite_code,Team Lead,linkedin,linkedin,social,b2b_mlsops_q2,desktop,India,Karnataka,Research Lab / Academia,1-10,Quality Assurance,1,0,5,2,0,1,2026-06-15,0,1,2026-06-15,0,48,52,1,23,2965736,18.73,2026-07-30,0,8
usr_00555,vis_007902,Noah Tanaka,2026-06-11,Thu,10,2026-06,gmail.com,1,ML Engineer,DSU Campus,invite_code,Executive,social_twitter,social_twitter,social,llm_observability_buzz,desktop,India,Karnataka,SaaS / Software,1-10,Performance Monitoring,1,0,1,5,1,1,2026-06-12,1,1,2026-06-13,2,99,0,0,36,2688163,18.2,2026-09-20,1,
usr_00564,vis_007990,Chen Ali,2026-06-11,Thu,14,2026-06,university.edu,1,Researcher,DSU Campus,campus_workshop,Individual Contributor,referral,referral,referral,partner_aiweekly,desktop,India,Karnataka,Research Lab / Academia,1-10,Quality Assurance,1,0,0,2,0,1,2026-06-16,5,0,,,,,0,0,0,0.0,,0,
usr_00565,vis_008010,Mei Brown,2026-06-16,Tue,13,2026-06,university.edu,1,Data Scientist,DSU Campus,invite_code,Team Lead,social_twitter,social_twitter,social,llm_observability_buzz,tablet,India,Karnataka,Research Lab / Academia,1-10,Research & Experimentation,1,0,5,5,1,1,2026-06-17,1,1,2026-06-18,2,72,22,0,25,2517053,8.39,2026-08-29,1,6
usr_00569,vis_008039,Aisha Verma,2026-06-12,Fri,16,2026-06,company.com,1,ML Engineer,DSU Campus,invite_code,Individual Contributor,direct,(direct),none,none,mobile,India,Karnataka,Research Lab / Academia,1-10,Cost Optimization,1,0,1,2,0,0,,,0,,,,,0,0,0,0.0,,0,
usr_00573,vis_008118,Aisha Johnson,2026-06-12,Fri,11,2026-06,gmail.com,0,Founder / Exec,DSU Campus,open_beta,Individual Contributor,direct,(direct),none,none,desktop,India,Karnataka,Research Lab / Academia,1-10,Quality Assurance,0,0,0,5,1,1,2026-06-12,0,1,2026-06-12,0,100,2,0,24,2238880,16.86,2026-09-18,0,9
usr_00579,vis_008215,Tomas Petrova,2026-06-13,Sat,8,2026-06,university.edu,1,Researcher,DSU Campus,campus_workshop,Individual Contributor,linkedin,linkedin,social,b2b_mlsops_q2,desktop,India,Karnataka,E-commerce,1-10,Performance Monitoring,0,0,0,5,1,0,,,0,,,,,0,0,0,0.0,,0,
usr_00580,vis_008253,Aisha Kim,2026-06-15,Mon,9,2026-06,gmail.com,1,Security Engineer,DSU Campus,invite_code,Individual Contributor,newsletter,newsletter,email,beta_waitlist,mobile,India,Karnataka,SaaS / Software,11-50,Quality Assurance,1,0,1,3,0,1,2026-06-16,1,1,2026-06-17,2,95,0,0,38,3606745,21.78,2026-09-20,1,9
usr_00585,vis_008330,Arjun Walker,2026-06-15,Mon,12,2026-06,university.edu,1,Data Scientist,DSU Campus,open_beta,Manager,newsletter,newsletter,email,beta_waitlist,desktop,India,Karnataka,Enterprise IT,201-1000,Quality Assurance,0,0,0,5,1,1,2026-06-15,0,1,2026-06-15,0,97,6,0,41,5123974,17.29,2026-09-14,1,6
usr_00592,vis_008447,Fatima Sharma,2026-06-18,Thu,20,2026-06,company.com,1,Researcher,DSU Campus,open_beta,Team Lead,organic_search,organic_search,organic,none,mobile,India,Karnataka,Research Lab / Academia,1-10,Cost Optimization,0,0,2,5,1,0,,,0,,,,,0,0,0,0.0,,0,
usr_00594,vis_008474,Maya Tanaka,2026-06-19,Fri,21,2026-06,gmail.com,1,Researcher,DSU Campus,invite_code,Individual Contributor,direct,(direct),none,none,mobile,India,Karnataka,SaaS / Software,1-10,Performance Monitoring,1,0,3,4,1,1,2026-06-22,3,1,2026-06-27,8,65,20,0,17,1665357,9.51,2026-08-31,0,8
usr_00595,vis_008485,Noah Sato,2026-06-19,Fri,7,2026-06,university.edu,1,Researcher,DSU Campus,invite_code,Individual Contributor,organic_search,organic_search,organic,none,desktop,India,Karnataka,SaaS / Software,1-10,Quality Assurance,1,0,3,3,0,0,,,0,,,,,0,0,0,0.0,,0,
usr_00597,vis_008528,Arjun Kim,2026-06-16,Tue,13,2026-06,gmail.com,1,Data Scientist,DSU Campus,invite_code,Executive,paid_search,paid_search,cpc,brand_llm_monitoring,mobile,India,Karnataka,Enterprise IT,1-10,Cost Optimization,1,0,0,4,1,1,2026-06-16,0,1,2026-06-16,0,96,2,0,28,2240454,14.42,2026-09-18,1,8
usr_00603,vis_008594,Rahul Nair,2026-06-17,Wed,15,2026-06,gmail.com,1,Researcher,DSU Campus,campus_workshop,Individual Contributor,referral,referral,referral,partner_aiweekly,desktop,India,Karnataka,Consulting / Agency,1-10,Performance Monitoring,1,0,0,4,1,1,2026-06-18,1,1,2026-06-19,2,25,78,1,9,1263264,2.04,2026-07-04,0,
usr_00605,vis_008613,Zoe Brown,2026-06-18,Thu,19,2026-06,gmail.com,1,Researcher,DSU Campus,invite_code,Individual Contributor,referral,referral,referral,partner_aiweekly,mobile,India,Karnataka,Research Lab / Academia,11-50,Research & Experimentation,1,0,1,5,1,1,2026-06-19,1,1,2026-06-19,1,10,83,1,5,279265,1.46,2026-06-29,0,
usr_00608,vis_008630,Aisha Rossi,2026-06-17,Wed,9,2026-06,university.edu,0,Data Scientist,DSU Campus,campus_workshop,Executive,direct,(direct),none,none,mobile,India,Karnataka,Media & Gaming,1-10,Security & Compliance,0,0,0,5,1,1,2026-06-19,2,1,2026-06-20,3,69,27,0,23,2007729,1.25,2026-08-24,0,9
usr_00611,vis_008678,Chen Kim,2026-06-18,Thu,19,2026-06,university.edu,1,ML Engineer,DSU Campus,campus_workshop,Individual Contributor,newsletter,newsletter,email,beta_waitlist,mobile,India,Karnataka,Research Lab / Academia,1-10,Performance Monitoring,0,0,0,5,1,0,,,0,,,,,0,0,0,0.0,,0,
usr_00613,vis_008726,Zoe Wang,2026-06-19,Fri,17,2026-06,university.edu,1,ML Engineer,DSU Campus,campus_workshop,Individual Contributor,hackernews,hackernews,social,show_hn_launch,mobile,India,Karnataka,Research Lab / Academia,51-200,Quality Assurance,0,1,1,4,1,1,2026-06-21,2,1,2026-06-22,3,90,5,0,28,3668520,12.21,2026-09-15,1,10
usr_00619,vis_008804,Arjun Khan,2026-06-21,Sun,16,2026-06,gmail.com,1,Researcher,DSU Campus,invite_code,Manager,direct,(direct),none,none,desktop,India,Karnataka,Research Lab / Academia,1-10,Security & Compliance,1,1,2,5,1,1,2026-06-24,3,1,2026-06-26,5,45,42,1,10,1442979,7.82,2026-08-09,0,8
usr_00623,vis_008893,Rahul Novak,2026-06-22,Mon,14,2026-06,gmail.com,1,Product Manager,DSU Campus,campus_workshop,Individual Contributor,referral,referral,referral,partner_aiweekly,desktop,India,Karnataka,Research Lab / Academia,1-10,Cost Optimization,1,0,2,4,1,1,2026-06-22,0,1,2026-06-22,0,65,25,0,10,770332,1.66,2026-08-26,0,8
usr_00624,vis_008917,Zoe Rossi,2026-06-23,Tue,20,2026-06,gmail.com,1,Data Scientist,DSU Campus,campus_workshop,Manager,linkedin,linkedin,social,b2b_mlsops_q2,desktop,India,Karnataka,Research Lab / Academia,1-10,Performance Monitoring,0,0,3,5,1,1,2026-06-24,1,1,2026-06-24,1,88,2,0,26,1807510,4.01,2026-09-18,1,8
usr_00628,vis_008972,Liam Nair,2026-06-22,Mon,12,2026-06,gmail.com,1,Founder / Exec,DSU Campus,open_beta,Team Lead,direct,(direct),none,none,desktop,India,Karnataka,E-commerce,1-10,Quality Assurance,0,0,1,5,1,0,,,0,,,,,0,0,0,0.0,,0,
usr_00632,vis_009039,Kenji Costa,2026-06-22,Mon,7,2026-06,university.edu,1,Security Engineer,DSU Campus,campus_workshop,Individual Contributor,social_twitter,social_twitter,social,llm_observability_buzz,desktop,India,Karnataka,Research Lab / Academia,1-10,Research & Experimentation,0,0,0,5,1,1,2026-06-22,0,1,2026-06-22,0,90,5,0,24,1894640,9.63,2026-09-15,0,
usr_00636,vis_009126,Zoe Silva,2026-06-25,Thu,14,2026-06,gmail.com,1,ML Engineer,DSU Campus,invite_code,Individual Contributor,newsletter,newsletter,email,beta_waitlist,desktop,India,Karnataka,E-commerce,1-10,Performance Monitoring,1,0,3,5,1,1,2026-06-25,0,1,2026-06-25,0,87,0,0,33,3985823,27.4,2026-09-20,1,7
usr_00637,vis_009127,Aisha Novak,2026-06-22,Mon,7,2026-06,gmail.com,1,Data Scientist,DSU Campus,campus_workshop,Team Lead,linkedin,linkedin,social,b2b_mlsops_q2,desktop,India,Karnataka,Research Lab / Academia,1-10,Performance Monitoring,0,0,0,3,0,1,2026-06-22,0,1,2026-06-23,1,89,0,0,26,1940761,6.78,2026-09-20,1,10
usr_00641,vis_009192,Omar Rossi,2026-06-23,Tue,20,2026-06,university.edu,1,Data Scientist,DSU Campus,invite_code,Manager,newsletter,newsletter,email,beta_waitlist,tablet,India,Karnataka,Research Lab / Academia,1000+,Security & Compliance,1,0,0,3,0,1,2026-06-26,3,1,2026-06-26,3,86,0,0,32,2472773,6.15,2026-09-20,1,7
usr_00643,vis_009214,Priya Kim,2026-06-24,Wed,13,2026-06,company.com,1,Product Manager,DSU Campus,campus_workshop,Individual Contributor,organic_search,organic_search,organic,none,desktop,India,Karnataka,Healthcare,1-10,Cost Optimization,0,0,1,5,1,0,,,0,,,,,0,0,0,0.0,,0,
usr_00645,vis_009245,Mei Tanaka,2026-06-23,Tue,15,2026-06,university.edu,1,ML Engineer,DSU Campus,campus_workshop,Individual Contributor,direct,(direct),none,none,desktop,India,Karnataka,Research Lab / Academia,1-10,Security & Compliance,0,0,0,4,1,1,2026-06-25,2,1,2026-06-25,2,46,52,1,7,437111,2.43,2026-07-30,0,8
usr_00648,vis_009293,Fatima Novak,2026-06-24,Wed,17,2026-06,university.edu,1,Security Engineer,DSU Campus,campus_workshop,Team Lead,newsletter,newsletter,email,beta_waitlist,desktop,India,Karnataka,Research Lab / Academia,1-10,Quality Assurance,0,0,0,2,0,0,,,0,,,,,0,0,0,0.0,,0,
usr_00649,vis_009298,Yuki Verma,2026-06-26,Fri,12,2026-06,university.edu,1,ML Engineer,DSU Campus,campus_workshop,Individual Contributor,organic_search,organic_search,organic,none,desktop,India,Karnataka,Media & Gaming,1-10,Performance Monitoring,0,0,2,2,0,0,,,0,,,,,0,0,0,0.0,,0,
usr_00650,vis_009304,Yuki Muller,2026-06-24,Wed,13,2026-06,company.com,0,ML Engineer,DSU Campus,invite_code,Manager,organic_search,organic_search,organic,none,desktop,India,Karnataka,Research Lab / Academia,1-10,Cost Optimization,1,0,0,3,0,0,,,0,,,,,0,0,0,0.0,,0,
usr_00653,vis_009317,Nadia Lindqvist,2026-07-02,Thu,16,2026-07,gmail.com,1,Product Manager,DSU Campus,open_beta,Individual Contributor,direct,(direct),none,none,mobile,India,Karnataka,SaaS / Software,1-10,Security & Compliance,0,0,8,4,1,0,,,0,,,,,0,0,0,0.0,,0,
usr_00658,vis_009354,Hassan Garcia,2026-06-24,Wed,15,2026-06,university.edu,1,Security Engineer,DSU Campus,open_beta,Individual Contributor,social_twitter,social_twitter,social,llm_observability_buzz,mobile,India,Karnataka,Research Lab / Academia,11-50,Performance Monitoring,0,0,0,3,0,0,,,0,,,,,0,0,0,0.0,,0,
usr_00660,vis_009387,Nadia Nair,2026-06-26,Fri,7,2026-06,proton.me,1,ML Engineer,DSU Campus,open_beta,Team Lead,organic_search,organic_search,organic,none,mobile,India,Karnataka,FinTech,1-10,Security & Compliance,0,0,2,5,1,0,,,0,,,,,0,0,0,0.0,,0,
usr_00681,vis_009708,Elena Iyer,2026-06-27,Sat,21,2026-06,university.edu,0,Data Scientist,DSU Campus,open_beta,Manager,referral,referral,referral,partner_aiweekly,mobile,India,Karnataka,Research Lab / Academia,51-200,Performance Monitoring,1,0,0,5,1,1,2026-06-27,0,0,,,,,0,0,0,0.0,,0,
usr_00688,vis_009853,Diego Smith,2026-06-30,Tue,11,2026-06,gmail.com,1,ML Engineer,DSU Campus,campus_workshop,Individual Contributor,newsletter,newsletter,email,beta_waitlist,mobile,India,Karnataka,Research Lab / Academia,1-10,Performance Monitoring,0,0,1,5,1,0,,,0,,,,,0,0,0,0.0,,0,
usr_00694,vis_009966,Ingrid Nair,2026-06-30,Tue,13,2026-06,company.com,1,Security Engineer,DSU Campus,campus_workshop,Individual Contributor,social_twitter,social_twitter,social,llm_observability_buzz,mobile,India,Karnataka,SaaS / Software,1-10,Research & Experimentation,0,0,0,3,0,0,,,0,,,,,0,0,0,0.0,,0,
usr_00695,vis_009990,Lucas Yamamoto,2026-07-05,Sun,10,2026-07,outlook.com,1,Data Scientist,DSU Campus,open_beta,Executive,linkedin,linkedin,social,b2b_mlsops_q2,desktop,India,Karnataka,Research Lab / Academia,1-10,Cost Optimization,0,0,5,5,1,1,2026-07-06,1,1,2026-07-06,1,76,2,0,26,2275030,1.38,2026-09-18,1,
usr_00700,vis_010033,Nadia Kim,2026-07-02,Thu,9,2026-07,university.edu,0,ML Engineer,DSU Campus,campus_workshop,Team Lead,newsletter,newsletter,email,beta_waitlist,mobile,India,Karnataka,Consulting / Agency,1-10,Performance Monitoring,0,0,1,5,1,1,2026-07-02,0,1,2026-07-03,1,79,0,0,29,2373380,1.46,2026-09-20,1,6
usr_00702,vis_010037,Sofia Johnson,2026-07-01,Wed,10,2026-07,gmail.com,1,Data Scientist,DSU Campus,campus_workshop,Executive,direct,(direct),none,none,mobile,India,Karnataka,Enterprise IT,1-10,Performance Monitoring,0,0,0,5,1,1,2026-07-01,0,1,2026-07-01,0,22,60,1,3,354132,0.75,2026-07-22,0,8
usr_00704,vis_010075,Ethan Khan,2026-07-02,Thu,15,2026-07,university.edu,0,Data Scientist,DSU Campus,campus_workshop,Executive,direct,(direct),none,none,desktop,India,Karnataka,Research Lab / Academia,1-10,Cost Optimization,0,0,1,5,1,0,,,0,,,,,0,0,0,0.0,,0,
usr_00710,vis_010151,Hassan Smith,2026-07-01,Wed,15,2026-07,university.edu,1,Researcher,DSU Campus,invite_code,Individual Contributor,social_twitter,social_twitter,social,llm_observability_buzz,desktop,India,Karnataka,E-commerce,1-10,Cost Optimization,1,0,0,0,0,1,2026-07-02,1,1,2026-07-03,2,6,78,1,6,577224,1.92,2026-07-04,0,7
usr_00715,vis_010252,Kenji Kim,2026-07-05,Sun,15,2026-07,gmail.com,1,ML Engineer,DSU Campus,invite_code,Individual Contributor,referral,referral,referral,partner_aiweekly,mobile,India,Karnataka,E-commerce,1-10,Research & Experimentation,1,0,3,5,1,0,,,0,,,,,0,0,0,0.0,,0,
usr_00717,vis_010259,Sofia Petrova,2026-07-02,Thu,10,2026-07,gmail.com,1,Researcher,DSU Campus,invite_code,Team Lead,social_twitter,social_twitter,social,llm_observability_buzz,desktop,India,Karnataka,Media & Gaming,1-10,Cost Optimization,1,0,0,0,0,1,2026-07-02,0,1,2026-07-02,0,80,1,0,23,1973589,7.56,2026-09-19,0,
usr_00720,vis_010312,Tomas Yamamoto,2026-07-05,Sun,14,2026-07,gmail.com,1,Researcher,DSU Campus,invite_code,Individual Contributor,linkedin,linkedin,social,b2b_mlsops_q2,desktop,India,Karnataka,Research Lab / Academia,1-10,Cost Optimization,1,0,2,5,1,1,2026-07-05,0,1,2026-07-05,0,77,0,0,25,2933074,1.84,2026-09-20,1,10
usr_00722,vis_010323,Mei Silva,2026-07-04,Sat,14,2026-07,gmail.com,0,ML Engineer,DSU Campus,campus_workshop,Individual Contributor,referral,referral,referral,partner_aiweekly,desktop,India,Karnataka,Healthcare,1-10,Security & Compliance,1,0,1,4,1,1,2026-07-05,1,1,2026-07-05,1,77,0,0,16,1727219,11.78,2026-09-20,0,10
usr_00732,vis_010504,Arjun Brown,2026-07-10,Fri,13,2026-07,gmail.com,1,Data Scientist,DSU Campus,campus_workshop,Individual Contributor,social_twitter,social_twitter,social,llm_observability_buzz,desktop,India,Karnataka,Enterprise IT,1-10,Research & Experimentation,0,0,5,4,1,1,2026-07-11,1,0,,,,,0,0,0,0.0,,0,
usr_00734,vis_010513,Tomas Khan,2026-07-13,Mon,7,2026-07,gmail.com,1,ML Engineer,DSU Campus,open_beta,Individual Contributor,organic_search,organic_search,organic,none,mobile,India,Karnataka,Consulting / Agency,1-10,Cost Optimization,0,0,8,5,1,1,2026-07-13,0,1,2026-07-13,0,69,6,0,21,1732420,2.32,2026-09-14,0,8
usr_00735,vis_010521,Emma Khan,2026-07-06,Mon,20,2026-07,university.edu,1,ML Engineer,DSU Campus,campus_workshop,Individual Contributor,organic_search,organic_search,organic,none,desktop,India,Karnataka,Research Lab / Academia,1-10,Cost Optimization,0,0,1,5,1,1,2026-07-06,0,1,2026-07-07,1,46,29,0,14,914959,4.95,2026-08-22,0,
usr_00736,vis_010531,Arjun Sharma,2026-07-05,Sun,11,2026-07,company.com,1,ML Engineer,DSU Campus,campus_workshop,Individual Contributor,newsletter,newsletter,email,beta_waitlist,desktop,India,Karnataka,E-commerce,201-1000,Cost Optimization,0,0,0,5,1,1,2026-07-05,0,1,2026-07-06,1,15,61,1,8,797953,0.47,2026-07-21,0,8
usr_00739,vis_010581,Yuki Garcia,2026-07-11,Sat,12,2026-07,outlook.com,1,Researcher,DSU Campus,invite_code,Manager,direct,(direct),none,none,mobile,India,Karnataka,SaaS / Software,1-10,Cost Optimization,1,0,5,0,0,0,,,0,,,,,0,0,0,0.0,,0,
usr_00746,vis_010686,Fatima Haddad,2026-07-09,Thu,20,2026-07,university.edu,1,ML Engineer,DSU Campus,invite_code,Individual Contributor,organic_search,organic_search,organic,none,mobile,India,Karnataka,Research Lab / Academia,1-10,Security & Compliance,1,0,2,5,1,0,,,0,,,,,0,0,0,0.0,,0,
usr_00747,vis_010708,Emma Sharma,2026-07-07,Tue,8,2026-07,university.edu,1,Data Scientist,DSU Campus,open_beta,Individual Contributor,referral,referral,referral,partner_aiweekly,mobile,India,Karnataka,Media & Gaming,1-10,Research & Experimentation,1,0,0,5,1,1,2026-07-07,0,1,2026-07-07,0,75,8,0,17,1441657,8.86,2026-09-12,0,7
usr_00751,vis_010787,Fatima Haddad,2026-07-07,Tue,9,2026-07,gmail.com,1,ML Engineer,DSU Campus,campus_workshop,Team Lead,hackernews,hackernews,social,show_hn_launch,mobile,India,Karnataka,Research Lab / Academia,1-10,Cost Optimization,0,0,0,5,1,0,,,0,,,,,0,0,0,0.0,,0,
usr_00759,vis_010927,Diego Garcia,2026-07-09,Thu,10,2026-07,proton.me,1,ML Engineer,DSU Campus,open_beta,Individual Contributor,referral,referral,referral,partner_aiweekly,desktop,India,Karnataka,Research Lab / Academia,1-10,Performance Monitoring,1,0,0,0,0,1,2026-07-11,2,1,2026-07-13,4,69,6,0,20,942832,3.34,2026-09-14,0,
usr_00762,vis_010967,Diego Yamamoto,2026-07-09,Thu,8,2026-07,university.edu,1,ML Engineer,DSU Campus,campus_workshop,Individual Contributor,referral,referral,referral,partner_aiweekly,tablet,India,Karnataka,Research Lab / Academia,1-10,Performance Monitoring,1,0,0,5,1,1,2026-07-09,0,0,,,,,0,0,0,0.0,,0,
usr_00763,vis_011001,Diego Costa,2026-07-09,Thu,11,2026-07,proton.me,1,ML Engineer,DSU Campus,campus_workshop,Individual Contributor,direct,(direct),none,none,mobile,India,Karnataka,FinTech,1-10,Security & Compliance,0,0,0,2,0,1,2026-07-09,0,1,2026-07-09,0,25,51,1,12,1241240,8.59,2026-07-31,0,9
usr_00766,vis_011042,Yuki Nair,2026-07-11,Sat,9,2026-07,gmail.com,1,ML Engineer,DSU Campus,campus_workshop,Executive,referral,referral,referral,partner_aiweekly,mobile,India,Karnataka,FinTech,1-10,Quality Assurance,1,0,1,4,1,1,2026-07-12,1,1,2026-07-12,1,45,25,0,14,1249618,9.19,2026-08-26,0,9
usr_00767,vis_011068,Liam Rossi,2026-07-10,Fri,17,2026-07,gmail.com,1,ML Engineer,DSU Campus,invite_code,Individual Contributor,paid_search,paid_search,cpc,brand_llm_monitoring,desktop,India,Karnataka,Research Lab / Academia,1-10,Performance Monitoring,1,0,0,5,1,1,2026-07-13,3,1,2026-07-13,3,21,48,1,20,1507244,5.83,2026-08-03,0,8
usr_00768,vis_011120,Mei Haddad,2026-07-12,Sun,15,2026-07,proton.me,1,ML Engineer,DSU Campus,campus_workshop,Team Lead,direct,(direct),none,none,desktop,India,Karnataka,Research Lab / Academia,1-10,Quality Assurance,0,0,2,5,1,1,2026-07-14,2,1,2026-07-14,2,68,5,0,21,2280317,1.4,2026-09-15,0,6
usr_00772,vis_011209,Nadia Kim,2026-07-11,Sat,11,2026-07,university.edu,1,ML Engineer,DSU Campus,open_beta,Individual Contributor,social_twitter,social_twitter,social,llm_observability_buzz,desktop,India,Karnataka,Research Lab / Academia,11-50,Cost Optimization,0,0,0,5,1,1,2026-07-11,0,1,2026-07-11,0,61,14,0,25,2029048,2.45,2026-09-06,1,8
usr_00774,vis_011223,Lucas Smith,2026-07-11,Sat,8,2026-07,university.edu,1,Researcher,DSU Campus,invite_code,Team Lead,linkedin,linkedin,social,b2b_mlsops_q2,mobile,India,Karnataka,FinTech,1-10,Performance Monitoring,1,0,0,4,1,1,2026-07-11,0,1,2026-07-11,0,71,0,0,27,2161567,5.33,2026-09-20,1,9
usr_00775,vis_011245,Hassan Iyer,2026-07-13,Mon,17,2026-07,gmail.com,1,Researcher,DSU Campus,invite_code,Team Lead,organic_search,organic_search,organic,none,mobile,India,Karnataka,Research Lab / Academia,1-10,Quality Assurance,1,0,1,5,1,0,,,0,,,,,0,0,0,0.0,,0,
usr_00776,vis_011262,Elena Johnson,2026-07-12,Sun,22,2026-07,proton.me,1,Researcher,DSU Campus,campus_workshop,Individual Contributor,organic_search,organic_search,organic,none,tablet,India,Karnataka,Healthcare,1-10,Cost Optimization,0,0,0,3,0,1,2026-07-13,1,1,2026-07-13,1,69,3,0,19,1785877,6.48,2026-09-17,0,
usr_00779,vis_011287,Hassan Silva,2026-07-12,Sun,11,2026-07,company.com,0,ML Engineer,DSU Campus,campus_workshop,Individual Contributor,newsletter,newsletter,email,beta_waitlist,desktop,India,Karnataka,E-commerce,1-10,Quality Assurance,0,0,0,4,1,1,2026-07-12,0,1,2026-07-12,0,25,45,1,16,1254621,5.08,2026-08-06,0,7
usr_00780,vis_011295,Maya Yamamoto,2026-07-20,Mon,21,2026-07,university.edu,1,Data Scientist,DSU Campus,campus_workshop,Individual Contributor,direct,(direct),none,none,mobile,India,Karnataka,Research Lab / Academia,51-200,Quality Assurance,0,0,8,5,1,1,2026-07-20,0,1,2026-07-20,0,59,3,0,23,2793346,1.71,2026-09-17,0,
usr_00783,vis_011328,Ingrid Iyer,2026-07-13,Mon,17,2026-07,university.edu,1,Data Scientist,DSU Campus,campus_workshop,Individual Contributor,direct,(direct),none,none,desktop,India,Karnataka,Research Lab / Academia,1-10,Quality Assurance,0,0,0,5,1,1,2026-07-14,1,1,2026-07-14,1,68,4,0,20,1897596,7.39,2026-09-16,0,10
usr_00784,vis_011331,Yuki Rossi,2026-07-13,Mon,7,2026-07,gmail.com,0,ML Engineer,DSU Campus,invite_code,Individual Contributor,direct,(direct),none,none,mobile,India,Karnataka,Consulting / Agency,201-1000,Security & Compliance,1,0,0,5,1,0,,,0,,,,,0,0,0,0.0,,0,
usr_00785,vis_011337,Ingrid Novak,2026-07-13,Mon,8,2026-07,company.com,1,Data Scientist,DSU Campus,open_beta,Team Lead,newsletter,newsletter,email,beta_waitlist,mobile,India,Karnataka,Research Lab / Academia,51-200,Performance Monitoring,0,1,0,5,1,1,2026-07-13,0,1,2026-07-13,0,45,24,0,18,1417774,1.78,2026-08-27,0,9
usr_00787,vis_011392,Nadia Muller,2026-07-13,Mon,9,2026-07,university.edu,1,Data Scientist,DSU Campus,open_beta,Individual Contributor,newsletter,newsletter,email,beta_waitlist,desktop,India,Karnataka,Research Lab / Academia,11-50,Quality Assurance,0,0,0,5,1,1,2026-07-15,2,1,2026-07-16,3,66,0,0,22,2065574,1.32,2026-09-20,0,7
usr_00790,vis_011441,Sofia Sharma,2026-07-22,Wed,7,2026-07,proton.me,1,Data Scientist,DSU Campus,invite_code,Manager,referral,referral,referral,partner_aiweekly,mobile,India,Karnataka,Research Lab / Academia,1-10,Cost Optimization,1,0,8,5,1,1,2026-07-22,0,1,2026-07-22,0,60,0,0,23,1875843,12.38,2026-09-20,0,
usr_00794,vis_011561,Ingrid Ali,2026-07-15,Wed,14,2026-07,university.edu,0,Researcher,DSU Campus,invite_code,Individual Contributor,newsletter,newsletter,email,beta_waitlist,mobile,India,Karnataka,Enterprise IT,1-10,Cost Optimization,1,0,1,5,1,0,,,0,,,,,0,0,0,0.0,,0,
usr_00805,vis_011744,Elena Walker,2026-07-16,Thu,14,2026-07,university.edu,1,ML Engineer,DSU Campus,campus_workshop,Individual Contributor,newsletter,newsletter,email,beta_waitlist,mobile,India,Karnataka,Enterprise IT,1-10,Performance Monitoring,0,0,0,4,1,0,,,0,,,,,0,0,0,0.0,,0,
usr_00807,vis_011784,Maya Rossi,2026-07-16,Thu,22,2026-07,university.edu,1,Data Scientist,DSU Campus,campus_workshop,Manager,direct,(direct),none,none,desktop,India,Karnataka,E-commerce,1-10,Performance Monitoring,0,0,0,5,1,0,,,0,,,,,0,0,0,0.0,,0,
usr_00808,vis_011793,Elena Lindqvist,2026-07-16,Thu,14,2026-07,gmail.com,1,Founder / Exec,DSU Campus,open_beta,Team Lead,social_twitter,social_twitter,social,llm_observability_buzz,mobile,India,Karnataka,Healthcare,1-10,Security & Compliance,0,0,0,5,1,0,,,0,,,,,0,0,0,0.0,,0,
usr_00812,vis_011870,Sofia Nair,2026-07-17,Fri,9,2026-07,university.edu,1,Researcher,DSU Campus,open_beta,Individual Contributor,direct,(direct),none,none,mobile,India,Karnataka,Consulting / Agency,1-10,Security & Compliance,0,1,0,1,0,0,,,0,,,,,0,0,0,0.0,,0,
usr_00819,vis_011917,Chen Wang,2026-07-18,Sat,8,2026-07,university.edu,1,Product Manager,DSU Campus,open_beta,Team Lead,organic_search,organic_search,organic,none,mobile,India,Karnataka,Research Lab / Academia,1-10,Security & Compliance,0,0,1,5,1,1,2026-07-18,0,1,2026-07-18,0,7,57,1,9,525629,2.63,2026-07-25,0,6
usr_00820,vis_011921,Diego Sharma,2026-07-17,Fri,11,2026-07,university.edu,1,ML Engineer,DSU Campus,campus_workshop,Team Lead,social_twitter,social_twitter,social,llm_observability_buzz,desktop,India,Karnataka,FinTech,1-10,Security & Compliance,0,0,0,0,0,0,,,0,,,,,0,0,0,0.0,,0,
usr_00827,vis_012008,Aisha Sharma,2026-07-21,Tue,7,2026-07,university.edu,1,ML Engineer,DSU Campus,open_beta,Individual Contributor,organic_search,organic_search,organic,none,desktop,India,Karnataka,E-commerce,201-1000,Quality Assurance,0,0,3,5,1,0,,,0,,,,,0,0,0,0.0,,0,
usr_00829,vis_012041,Mei Nair,2026-07-19,Sun,15,2026-07,gmail.com,1,Data Scientist,DSU Campus,campus_workshop,Individual Contributor,referral,referral,referral,partner_aiweekly,mobile,India,Karnataka,Research Lab / Academia,1-10,Performance Monitoring,1,0,0,5,1,0,,,0,,,,,0,0,0,0.0,,0,
usr_00834,vis_012146,Mei Muller,2026-07-21,Tue,15,2026-07,proton.me,1,ML Engineer,DSU Campus,campus_workshop,Individual Contributor,referral,referral,referral,partner_aiweekly,desktop,India,Karnataka,Research Lab / Academia,1-10,Security & Compliance,1,0,1,0,0,1,2026-07-21,0,1,2026-07-22,1,29,31,1,10,1126635,1.34,2026-08-20,0,8
usr_00841,vis_012200,Liam Iyer,2026-07-20,Mon,21,2026-07,university.edu,1,Data Scientist,DSU Campus,invite_code,Individual Contributor,social_twitter,social_twitter,social,llm_observability_buzz,desktop,India,Karnataka,Research Lab / Academia,1-10,Cost Optimization,1,0,0,0,0,1,2026-07-22,2,1,2026-07-22,2,54,11,0,29,2771189,1.63,2026-09-09,1,
usr_00846,vis_012312,Rahul Smith,2026-07-22,Wed,20,2026-07,university.edu,1,ML Engineer,DSU Campus,campus_workshop,Individual Contributor,direct,(direct),none,none,mobile,India,Karnataka,Research Lab / Academia,1000+,Security & Compliance,0,0,1,5,1,1,2026-07-23,1,1,2026-07-25,3,57,0,0,20,2351353,5.19,2026-09-20,0,
usr_00849,vis_012334,Kenji Ali,2026-07-22,Wed,10,2026-07,gmail.com,0,ML Engineer,DSU Campus,invite_code,Individual Contributor,social_twitter,social_twitter,social,llm_observability_buzz,desktop,India,Karnataka,Healthcare,51-200,Security & Compliance,1,0,1,4,1,0,,,0,,,,,0,0,0,0.0,,0,
usr_00850,vis_012335,Yuki Johnson,2026-07-21,Tue,7,2026-07,gmail.com,1,ML Engineer,DSU Campus,campus_workshop,Manager,social_twitter,social_twitter,social,llm_observability_buzz,desktop,India,Karnataka,Research Lab / Academia,1-10,Cost Optimization,0,0,0,3,0,1,2026-07-22,1,1,2026-07-22,1,60,0,0,25,1601818,7.19,2026-09-20,1,8
usr_00851,vis_012337,Sofia Muller,2026-07-22,Wed,15,2026-07,gmail.com,1,Data Scientist,DSU Campus,campus_workshop,Executive,direct,(direct),none,none,mobile,India,Karnataka,Research Lab / Academia,1-10,Security & Compliance,0,0,1,5,1,1,2026-07-23,1,1,2026-07-23,1,59,8,0,14,747756,3.08,2026-09-12,0,
usr_00855,vis_012394,Arjun Costa,2026-07-22,Wed,13,2026-07,university.edu,1,ML Engineer,DSU Campus,campus_workshop,Individual Contributor,referral,referral,referral,partner_aiweekly,desktop,India,Karnataka,Research Lab / Academia,1-10,Cost Optimization,1,0,0,5,1,0,,,0,,,,,0,0,0,0.0,,0,
usr_00856,vis_012395,Nadia Walker,2026-07-22,Wed,14,2026-07,gmail.com,1,Data Scientist,DSU Campus,campus_workshop,Individual Contributor,linkedin,linkedin,social,b2b_mlsops_q2,desktop,India,Karnataka,SaaS / Software,1-10,Performance Monitoring,0,0,0,5,1,0,,,0,,,,,0,0,0,0.0,,0,
usr_00857,vis_012411,Aisha Walker,2026-07-23,Thu,16,2026-07,outlook.com,1,Researcher,DSU Campus,campus_workshop,Individual Contributor,newsletter,newsletter,email,beta_waitlist,desktop,India,Karnataka,Research Lab / Academia,1-10,Quality Assurance,0,0,1,1,0,0,,,0,,,,,0,0,0,0.0,,0,
usr_00860,vis_012426,Chen Brown,2026-07-22,Wed,13,2026-07,university.edu,1,Security Engineer,DSU Campus,invite_code,Individual Contributor,newsletter,newsletter,email,beta_waitlist,desktop,India,Karnataka,Research Lab / Academia,1-10,Security & Compliance,1,0,0,1,0,1,2026-07-22,0,0,,,,,0,0,0,0.0,,0,
usr_00861,vis_012430,Tomas Khan,2026-07-24,Fri,21,2026-07,university.edu,1,ML Engineer,DSU Campus,open_beta,Team Lead,hackernews,hackernews,social,show_hn_launch,mobile,India,Karnataka,Consulting / Agency,1-10,Cost Optimization,0,0,2,5,1,1,2026-07-25,1,0,,,,,0,0,0,0.0,,0,
usr_00863,vis_012453,Priya Johnson,2026-07-22,Wed,10,2026-07,university.edu,1,ML Engineer,DSU Campus,campus_workshop,Team Lead,organic_search,organic_search,organic,none,desktop,India,Karnataka,Enterprise IT,51-200,Security & Compliance,0,0,0,4,1,0,,,0,,,,,0,0,0,0.0,,0,
usr_00865,vis_012484,Elena Sharma,2026-07-24,Fri,19,2026-07,gmail.com,1,Data Scientist,DSU Campus,invite_code,Individual Contributor,referral,referral,referral,partner_aiweekly,desktop,India,Karnataka,Research Lab / Academia,201-1000,Cost Optimization,1,0,2,5,1,1,2026-07-25,1,1,2026-07-25,1,21,36,1,9,963236,4.65,2026-08-15,0,10
usr_00866,vis_012487,Lucas Novak,2026-07-22,Wed,18,2026-07,proton.me,0,Data Scientist,DSU Campus,campus_workshop,Individual Contributor,newsletter,newsletter,email,beta_waitlist,desktop,India,Karnataka,SaaS / Software,1-10,Quality Assurance,0,0,0,3,0,1,2026-07-24,2,1,2026-07-24,2,58,0,0,17,1050729,0.65,2026-09-20,0,7
usr_00867,vis_012506,Lucas Nair,2026-07-22,Wed,8,2026-07,gmail.com,0,ML Engineer,DSU Campus,invite_code,Manager,social_twitter,social_twitter,social,llm_observability_buzz,desktop,India,Karnataka,Research Lab / Academia,1-10,Cost Optimization,1,0,0,4,1,1,2026-07-26,4,0,,,,,0,0,0,0.0,,0,
usr_00871,vis_012560,Fatima Novak,2026-07-23,Thu,18,2026-07,university.edu,1,Researcher,DSU Campus,invite_code,Individual Contributor,social_twitter,social_twitter,social,llm_observability_buzz,desktop,India,Karnataka,Consulting / Agency,1-10,Performance Monitoring,1,0,0,3,0,1,2026-07-23,0,1,2026-07-24,1,58,0,0,18,1854196,2.22,2026-09-20,0,6
usr_00874,vis_012606,Elena Brown,2026-07-23,Thu,14,2026-07,university.edu,1,Researcher,DSU Campus,open_beta,Executive,hackernews,hackernews,social,show_hn_launch,mobile,India,Karnataka,E-commerce,1-10,Security & Compliance,0,0,0,4,1,1,2026-07-26,3,0,,,,,0,0,0,0.0,,0,
usr_00876,vis_012630,Lucas Sharma,2026-07-23,Thu,10,2026-07,proton.me,1,Researcher,DSU Campus,open_beta,Team Lead,linkedin,linkedin,social,b2b_mlsops_q2,mobile,India,Karnataka,FinTech,1-10,Cost Optimization,0,0,0,4,1,1,2026-07-24,1,0,,,,,0,0,0,0.0,,0,
usr_00877,vis_012649,Chen Ali,2026-07-23,Thu,13,2026-07,university.edu,1,Data Scientist,DSU Campus,campus_workshop,Individual Contributor,referral,referral,referral,partner_aiweekly,desktop,India,Karnataka,Consulting / Agency,1-10,Performance Monitoring,1,0,0,5,1,0,,,0,,,,,0,0,0,0.0,,0,
usr_00878,vis_012680,Arjun Wang,2026-07-24,Fri,15,2026-07,university.edu,1,Data Scientist,DSU Campus,campus_workshop,Individual Contributor,social_twitter,social_twitter,social,llm_observability_buzz,desktop,India,Karnataka,Research Lab / Academia,11-50,Performance Monitoring,0,1,0,5,1,1,2026-07-25,1,1,2026-07-25,1,57,1,0,18,1511114,0.93,2026-09-19,0,8
usr_00880,vis_012721,Aisha Muller,2026-08-01,Sat,15,2026-08,gmail.com,0,ML Engineer,DSU Campus,campus_workshop,Manager,referral,referral,referral,partner_aiweekly,mobile,India,Karnataka,Research Lab / Academia,1-10,Security & Compliance,1,0,8,5,1,1,2026-08-02,1,1,2026-08-03,2,48,1,0,20,1320496,0.86,2026-09-19,0,10
usr_00884,vis_012768,Priya Garcia,2026-07-24,Fri,7,2026-07,proton.me,0,ML Engineer,DSU Campus,campus_workshop,Individual Contributor,referral,referral,referral,partner_aiweekly,desktop,India,Karnataka,Research Lab / Academia,1-10,Quality Assurance,1,0,0,5,1,0,,,0,,,,,0,0,0,0.0,,0,
usr_00904,vis_013039,Chen Tanaka,2026-07-27,Mon,18,2026-07,university.edu,1,Product Manager,DSU Campus,invite_code,Individual Contributor,hackernews,hackernews,social,show_hn_launch,desktop,India,Karnataka,Research Lab / Academia,1-10,Cost Optimization,1,0,0,3,0,1,2026-07-27,0,1,2026-07-28,1,54,3,0,15,1364203,4.55,2026-09-17,0,8
usr_00914,vis_013169,Elena Garcia,2026-07-29,Wed,20,2026-07,university.edu,1,Researcher,DSU Campus,campus_workshop,Individual Contributor,referral,referral,referral,partner_aiweekly,mobile,India,Karnataka,SaaS / Software,1-10,Security & Compliance,1,0,1,5,1,1,2026-08-01,3,1,2026-08-01,3,3,49,1,1,126800,0.18,2026-08-02,0,8
usr_00917,vis_013215,Hassan Walker,2026-07-28,Tue,11,2026-07,university.edu,0,ML Engineer,DSU Campus,campus_workshop,Manager,newsletter,newsletter,email,beta_waitlist,desktop,India,Karnataka,Healthcare,1-10,Security & Compliance,0,0,0,4,1,1,2026-07-28,0,0,,,,,0,0,0,0.0,,0,
usr_00918,vis_013226,Noah Muller,2026-07-28,Tue,20,2026-07,university.edu,1,Data Scientist,DSU Campus,campus_workshop,Individual Contributor,referral,referral,referral,partner_aiweekly,desktop,India,Karnataka,SaaS / Software,201-1000,Performance Monitoring,1,0,0,0,0,1,2026-07-28,0,1,2026-07-28,0,54,18,0,8,641614,2.64,2026-09-02,0,10
usr_00919,vis_013236,Zoe Haddad,2026-07-28,Tue,18,2026-07,proton.me,0,ML Engineer,DSU Campus,invite_code,Manager,referral,referral,referral,partner_aiweekly,desktop,India,Karnataka,Research Lab / Academia,51-200,Security & Compliance,1,0,0,2,0,0,,,0,,,,,0,0,0,0.0,,0,
usr_00920,vis_013247,Zoe Iyer,2026-07-28,Tue,18,2026-07,university.edu,1,ML Engineer,DSU Campus,campus_workshop,Individual Contributor,newsletter,newsletter,email,beta_waitlist,mobile,India,Karnataka,Research Lab / Academia,1-10,Performance Monitoring,0,0,0,5,1,1,2026-07-28,0,0,,,,,0,0,0,0.0,,0,
usr_00923,vis_013290,Ingrid Nair,2026-07-28,Tue,21,2026-07,gmail.com,0,ML Engineer,DSU Campus,invite_code,Individual Contributor,organic_search,organic_search,organic,none,mobile,India,Karnataka,Enterprise IT,1-10,Research & Experimentation,1,0,0,4,1,1,2026-07-28,0,1,2026-07-28,0,54,0,0,24,1874292,1.21,2026-09-20,0,7
usr_00927,vis_013321,Kenji Verma,2026-07-28,Tue,20,2026-07,gmail.com,0,Researcher,DSU Campus,invite_code,Individual Contributor,referral,referral,referral,partner_aiweekly,desktop,India,Karnataka,SaaS / Software,11-50,Performance Monitoring,1,0,0,3,0,0,,,0,,,,,0,0,0,0.0,,0,
usr_00931,vis_013403,Fatima Novak,2026-07-28,Tue,9,2026-07,university.edu,1,Product Manager,DSU Campus,open_beta,Individual Contributor,newsletter,newsletter,email,beta_waitlist,mobile,India,Karnataka,Healthcare,1-10,Security & Compliance,0,0,0,1,0,0,,,0,,,,,0,0,0,0.0,,0,
usr_00934,vis_013460,Aisha Yamamoto,2026-07-29,Wed,13,2026-07,gmail.com,1,Security Engineer,DSU Campus,invite_code,Team Lead,linkedin,linkedin,social,b2b_mlsops_q2,desktop,India,Karnataka,FinTech,1-10,Quality Assurance,1,0,0,4,1,1,2026-07-29,0,0,,,,,0,0,0,0.0,,0,
usr_00937,vis_013490,Priya Kim,2026-07-29,Wed,14,2026-07,gmail.com,1,ML Engineer,DSU Campus,campus_workshop,Manager,referral,referral,referral,partner_aiweekly,desktop,India,Karnataka,FinTech,1-10,Quality Assurance,1,0,0,5,1,0,,,0,,,,,0,0,0,0.0,,0,
usr_00946,vis_013632,Noah Yamamoto,2026-07-30,Thu,8,2026-07,university.edu,1,Data Scientist,DSU Campus,open_beta,Manager,direct,(direct),none,none,desktop,India,Karnataka,Research Lab / Academia,11-50,Cost Optimization,0,0,0,4,1,1,2026-07-30,0,1,2026-07-30,0,52,0,0,20,1644569,6.15,2026-09-20,0,
usr_00947,vis_013635,Yuki Kim,2026-07-30,Thu,16,2026-07,university.edu,1,ML Engineer,DSU Campus,campus_workshop,Individual Contributor,referral,referral,referral,partner_aiweekly,desktop,India,Karnataka,Research Lab / Academia,1-10,Security & Compliance,1,0,0,5,1,1,2026-08-01,2,1,2026-08-02,3,49,0,0,12,751677,0.46,2026-09-20,0,10
usr_00953,vis_013753,Zoe Kim,2026-07-31,Fri,17,2026-07,gmail.com,1,ML Engineer,DSU Campus,campus_workshop,Individual Contributor,hackernews,hackernews,social,show_hn_launch,desktop,India,Karnataka,E-commerce,1-10,Cost Optimization,0,0,0,5,1,1,2026-08-04,4,1,2026-08-04,4,47,9,0,15,1544301,6.27,2026-09-11,0,8
usr_00956,vis_013775,Ethan Silva,2026-08-02,Sun,18,2026-08,outlook.com,1,Security Engineer,DSU Campus,invite_code,Team Lead,organic_search,organic_search,organic,none,mobile,India,Karnataka,FinTech,1-10,Quality Assurance,1,0,2,2,0,0,,,0,,,,,0,0,0,0.0,,0,
usr_00958,vis_013797,Aisha Ali,2026-08-01,Sat,14,2026-08,proton.me,1,Data Scientist,DSU Campus,invite_code,Team Lead,direct,(direct),none,none,desktop,India,Karnataka,Research Lab / Academia,1-10,Security & Compliance,1,0,1,4,1,0,,,0,,,,,0,0,0,0.0,,0,
usr_00960,vis_013811,Tomas Johnson,2026-08-05,Wed,17,2026-08,outlook.com,1,ML Engineer,DSU Campus,campus_workshop,Individual Contributor,organic_search,organic_search,organic,none,desktop,India,Karnataka,Research Lab / Academia,1-10,Security & Compliance,0,0,5,5,1,0,,,0,,,,,0,0,0,0.0,,0,
usr_00967,vis_013980,Zoe Nair,2026-08-03,Mon,9,2026-08,university.edu,1,Researcher,DSU Campus,open_beta,Team Lead,referral,referral,referral,partner_aiweekly,desktop,India,Karnataka,SaaS / Software,1-10,Performance Monitoring,1,0,1,5,1,1,2026-08-03,0,1,2026-08-05,2,46,0,0,17,1415002,1.11,2026-09-20,0,10
usr_00969,vis_014009,Emma Johnson,2026-08-03,Mon,20,2026-08,university.edu,1,ML Engineer,DSU Campus,campus_workshop,Individual Contributor,social_twitter,social_twitter,social,llm_observability_buzz,desktop,India,Karnataka,Research Lab / Academia,1-10,Research & Experimentation,0,0,0,5,1,0,,,0,,,,,0,0,0,0.0,,0,
usr_00973,vis_014082,Hassan Sharma,2026-08-03,Mon,17,2026-08,university.edu,1,Researcher,DSU Campus,campus_workshop,Manager,referral,referral,referral,partner_aiweekly,mobile,India,Karnataka,Enterprise IT,1-10,Performance Monitoring,1,1,0,5,1,1,2026-08-04,1,1,2026-08-04,1,47,3,0,9,640029,4.48,2026-09-17,0,8
usr_00975,vis_014100,Tomas Novak,2026-08-04,Tue,21,2026-08,proton.me,1,Security Engineer,DSU Campus,open_beta,Individual Contributor,linkedin,linkedin,social,b2b_mlsops_q2,mobile,India,Karnataka,Research Lab / Academia,1-10,Security & Compliance,0,0,1,5,1,0,,,0,,,,,0,0,0,0.0,,0,
usr_00982,vis_014185,Hassan Verma,2026-08-04,Tue,18,2026-08,gmail.com,1,Data Scientist,DSU Campus,open_beta,Individual Contributor,linkedin,linkedin,social,b2b_mlsops_q2,desktop,India,Karnataka,FinTech,1-10,Security & Compliance,0,0,0,5,1,1,2026-08-04,0,1,2026-08-04,0,47,0,0,16,1567280,7.76,2026-09-20,0,9
usr_00987,vis_014229,Lucas Johnson,2026-08-04,Tue,8,2026-08,gmail.com,1,Security Engineer,DSU Campus,campus_workshop,Team Lead,linkedin,linkedin,social,b2b_mlsops_q2,mobile,India,Karnataka,Healthcare,1-10,Cost Optimization,0,1,0,3,0,1,2026-08-06,2,0,,,,,0,0,0,0.0,,0,
usr_00990,vis_014269,Priya Khan,2026-08-06,Thu,9,2026-08,university.edu,1,Data Scientist,DSU Campus,open_beta,Individual Contributor,organic_search,organic_search,organic,none,tablet,India,Karnataka,Research Lab / Academia,1-10,Cost Optimization,0,0,1,5,1,0,,,0,,,,,0,0,0,0.0,,0,
usr_00996,vis_014359,Emma Haddad,2026-08-05,Wed,22,2026-08,gmail.com,1,Data Scientist,DSU Campus,open_beta,Manager,newsletter,newsletter,email,beta_waitlist,mobile,India,Karnataka,Research Lab / Academia,1-10,Security & Compliance,0,0,0,5,1,0,,,0,,,,,0,0,0,0.0,,0,
usr_00997,vis_014365,Omar Haddad,2026-08-13,Thu,7,2026-08,university.edu,1,Founder / Exec,DSU Campus,open_beta,Individual Contributor,referral,referral,referral,partner_aiweekly,desktop,India,Karnataka,SaaS / Software,1-10,Cost Optimization,1,0,8,5,1,0,,,0,,,,,0,0,0,0.0,,0,
usr_00998,vis_014374,Rahul Wang,2026-08-05,Wed,22,2026-08,gmail.com,1,Researcher,DSU Campus,campus_workshop,Manager,newsletter,newsletter,email,beta_waitlist,mobile,India,Karnataka,Research Lab / Academia,11-50,Security & Compliance,0,0,0,4,1,0,,,0,,,,,0,0,0,0.0,,0,
usr_00999,vis_014376,Chen Smith,2026-08-06,Thu,9,2026-08,university.edu,1,Data Scientist,DSU Campus,campus_workshop,Manager,newsletter,newsletter,email,beta_waitlist,desktop,India,Karnataka,Research Lab / Academia,1-10,Security & Compliance,0,0,1,5,1,1,2026-08-13,7,1,2026-08-15,9,17,22,0,10,769244,2.97,2026-08-29,0,9
usr_01006,vis_014422,Diego Sharma,2026-08-06,Thu,17,2026-08,university.edu,0,ML Engineer,DSU Campus,campus_workshop,Team Lead,hackernews,hackernews,social,show_hn_launch,mobile,India,Karnataka,Research Lab / Academia,1-10,Cost Optimization,0,0,0,4,1,0,,,0,,,,,0,0,0,0.0,,0,
usr_01008,vis_014437,Zoe Lindqvist,2026-08-06,Thu,9,2026-08,university.edu,1,Data Scientist,DSU Campus,campus_workshop,Individual Contributor,newsletter,newsletter,email,beta_waitlist,desktop,India,Karnataka,Consulting / Agency,1-10,Cost Optimization,0,0,0,4,1,1,2026-08-06,0,0,,,,,0,0,0,0.0,,0,
usr_01010,vis_014454,Noah Yamamoto,2026-08-06,Thu,8,2026-08,university.edu,1,Data Scientist,DSU Campus,campus_workshop,Team Lead,referral,referral,referral,partner_aiweekly,desktop,India,Karnataka,Research Lab / Academia,1-10,Cost Optimization,1,0,0,5,1,0,,,0,,,,,0,0,0,0.0,,0,
usr_01012,vis_014495,Kenji Haddad,2026-08-06,Thu,12,2026-08,gmail.com,1,Security Engineer,DSU Campus,campus_workshop,Individual Contributor,referral,referral,referral,partner_aiweekly,mobile,India,Karnataka,Media & Gaming,11-50,Security & Compliance,1,0,0,2,0,0,,,0,,,,,0,0,0,0.0,,0,
usr_01013,vis_014530,Zoe Tanaka,2026-08-06,Thu,19,2026-08,university.edu,1,Data Scientist,DSU Campus,campus_workshop,Team Lead,referral,referral,referral,partner_aiweekly,desktop,India,Karnataka,Research Lab / Academia,1-10,Security & Compliance,1,0,0,3,0,1,2026-08-08,2,1,2026-08-08,2,10,33,1,5,313868,0.27,2026-08-18,0,10
usr_01015,vis_014555,Tomas Kim,2026-08-10,Mon,11,2026-08,university.edu,0,ML Engineer,DSU Campus,open_beta,Individual Contributor,referral,referral,referral,partner_aiweekly,desktop,India,Karnataka,SaaS / Software,1-10,Security & Compliance,1,0,3,5,1,1,2026-08-12,2,1,2026-08-12,2,39,0,0,22,2696482,5.4,2026-09-20,0,
usr_01019,vis_014606,Chen Sharma,2026-08-07,Fri,8,2026-08,university.edu,1,Data Scientist,DSU Campus,open_beta,Individual Contributor,direct,(direct),none,none,mobile,India,Karnataka,FinTech,1000+,Performance Monitoring,0,1,0,4,1,1,2026-08-08,1,1,2026-08-08,1,43,7,0,17,3285595,17.43,2026-09-13,0,7
usr_01023,vis_014718,Aisha Nair,2026-08-09,Sun,22,2026-08,university.edu,1,Data Scientist,DSU Campus,invite_code,Individual Contributor,linkedin,linkedin,social,b2b_mlsops_q2,desktop,India,Karnataka,Research Lab / Academia,1-10,Security & Compliance,1,0,1,4,1,1,2026-08-09,0,1,2026-08-09,0,3,41,1,6,434536,2.22,2026-08-10,0,9
usr_01024,vis_014734,Nadia Smith,2026-08-08,Sat,20,2026-08,gmail.com,0,Product Manager,DSU Campus,open_beta,Individual Contributor,referral,referral,referral,partner_aiweekly,desktop,India,Karnataka,Consulting / Agency,51-200,Quality Assurance,1,0,0,5,1,1,2026-08-11,3,1,2026-08-11,3,40,6,0,9,642330,2.36,2026-09-14,0,6
usr_01028,vis_014746,Yuki Yamamoto,2026-08-10,Mon,11,2026-08,proton.me,1,Researcher,DSU Campus,campus_workshop,Team Lead,paid_search,paid_search,cpc,brand_llm_monitoring,desktop,India,Karnataka,E-commerce,1-10,Cost Optimization,0,1,2,3,0,1,2026-08-12,2,1,2026-08-12,2,39,0,0,11,914191,0.55,2026-09-20,0,10
usr_01029,vis_014757,Aisha Rossi,2026-08-08,Sat,20,2026-08,university.edu,1,ML Engineer,DSU Campus,campus_workshop,Team Lead,organic_search,organic_search,organic,none,mobile,India,Karnataka,SaaS / Software,1-10,Cost Optimization,0,0,0,3,0,1,2026-08-08,0,0,,,,,0,0,0,0.0,,0,
usr_01030,vis_014782,Ingrid Kim,2026-08-09,Sun,10,2026-08,gmail.com,1,Product Manager,DSU Campus,open_beta,Manager,newsletter,newsletter,email,beta_waitlist,mobile,India,Karnataka,Consulting / Agency,1-10,Performance Monitoring,0,0,0,5,1,0,,,0,,,,,0,0,0,0.0,,0,
usr_01033,vis_014810,Liam Muller,2026-08-12,Wed,21,2026-08,gmail.com,1,ML Engineer,DSU Campus,invite_code,Individual Contributor,organic_search,organic_search,organic,none,desktop,India,Karnataka,SaaS / Software,1-10,Research & Experimentation,1,0,3,4,1,0,,,0,,,,,0,0,0,0.0,,0,
usr_01036,vis_014848,Diego Muller,2026-08-11,Tue,8,2026-08,university.edu,1,ML Engineer,DSU Campus,invite_code,Individual Contributor,referral,referral,referral,partner_aiweekly,mobile,India,Karnataka,Enterprise IT,1-10,Quality Assurance,1,0,2,0,0,1,2026-08-11,0,1,2026-08-11,0,10,32,1,9,459071,1.81,2026-08-19,0,
usr_01041,vis_014918,Nadia Nair,2026-08-10,Mon,8,2026-08,university.edu,1,Data Scientist,DSU Campus,campus_workshop,Manager,referral,referral,referral,partner_aiweekly,mobile,India,Karnataka,E-commerce,1-10,Security & Compliance,1,0,0,3,0,0,,,0,,,,,0,0,0,0.0,,0,
usr_01049,vis_014992,Emma Kim,2026-08-11,Tue,9,2026-08,gmail.com,1,Security Engineer,DSU Campus,campus_workshop,Team Lead,referral,referral,referral,partner_aiweekly,desktop,India,Karnataka,Research Lab / Academia,1-10,Cost Optimization,1,1,0,5,1,1,2026-08-13,2,1,2026-08-14,3,37,0,0,7,706411,3.7,2026-09-20,0,10
usr_01051,vis_015060,Fatima Sharma,2026-08-11,Tue,8,2026-08,gmail.com,1,Researcher,DSU Campus,invite_code,Team Lead,direct,(direct),none,none,desktop,India,Karnataka,Research Lab / Academia,1-10,Security & Compliance,1,0,0,5,1,1,2026-08-12,1,1,2026-08-12,1,39,0,0,18,2517452,1.57,2026-09-20,0,8
usr_01055,vis_015110,Diego Khan,2026-08-11,Tue,8,2026-08,university.edu,1,Data Scientist,DSU Campus,campus_workshop,Individual Contributor,paid_search,paid_search,cpc,brand_llm_monitoring,desktop,India,Karnataka,Research Lab / Academia,1-10,Performance Monitoring,0,0,0,5,1,0,,,0,,,,,0,0,0,0.0,,0,
usr_01061,vis_015194,Hassan Sato,2026-08-12,Wed,15,2026-08,university.edu,1,Data Scientist,DSU Campus,open_beta,Individual Contributor,hackernews,hackernews,social,show_hn_launch,desktop,India,Karnataka,Consulting / Agency,11-50,Security & Compliance,0,0,0,5,1,1,2026-08-12,0,1,2026-08-13,1,38,16,0,10,661658,0.77,2026-09-04,0,
usr_01063,vis_015284,Lucas Petrova,2026-08-12,Wed,10,2026-08,university.edu,1,ML Engineer,DSU Campus,campus_workshop,Individual Contributor,referral,referral,referral,partner_aiweekly,desktop,India,Karnataka,FinTech,1-10,Security & Compliance,1,0,0,5,1,1,2026-08-13,1,1,2026-08-13,1,38,3,0,11,1367914,0.81,2026-09-17,0,10
usr_01064,vis_015312,Hassan Rossi,2026-08-13,Thu,17,2026-08,gmail.com,1,Researcher,DSU Campus,invite_code,Individual Contributor,referral,referral,referral,partner_aiweekly,mobile,India,Karnataka,E-commerce,1-10,Quality Assurance,1,0,0,4,1,1,2026-08-13,0,1,2026-08-13,0,38,0,0,22,1368519,1.22,2026-09-20,0,8
usr_01067,vis_015344,Noah Muller,2026-08-14,Fri,10,2026-08,gmail.com,0,Data Scientist,DSU Campus,campus_workshop,Team Lead,linkedin,linkedin,social,b2b_mlsops_q2,desktop,India,Karnataka,FinTech,1-10,Security & Compliance,0,0,1,5,1,0,,,0,,,,,0,0,0,0.0,,0,
usr_01069,vis_015386,Emma Smith,2026-08-13,Thu,11,2026-08,university.edu,1,Data Scientist,DSU Campus,invite_code,Executive,direct,(direct),none,none,desktop,India,Karnataka,SaaS / Software,1-10,Cost Optimization,1,0,0,5,1,1,2026-08-13,0,0,,,,,0,0,0,0.0,,0,
usr_01071,vis_015400,Fatima Garcia,2026-08-13,Thu,11,2026-08,university.edu,1,Security Engineer,DSU Campus,invite_code,Individual Contributor,referral,referral,referral,partner_aiweekly,desktop,India,Karnataka,Research Lab / Academia,1-10,Performance Monitoring,1,0,0,5,1,0,,,0,,,,,0,0,0,0.0,,0,
usr_01073,vis_015429,Noah Johnson,2026-08-21,Fri,21,2026-08,gmail.com,1,Researcher,DSU Campus,invite_code,Team Lead,organic_search,organic_search,organic,none,mobile,India,Karnataka,Research Lab / Academia,1-10,Quality Assurance,1,0,8,5,1,1,2026-08-27,6,1,2026-08-27,6,24,3,0,9,613441,3.1,2026-09-17,0,
usr_01076,vis_015469,Maya Tanaka,2026-08-14,Fri,7,2026-08,university.edu,1,Researcher,DSU Campus,invite_code,Executive,newsletter,newsletter,email,beta_waitlist,desktop,India,Karnataka,SaaS / Software,201-1000,Performance Monitoring,1,0,0,5,1,0,,,0,,,,,0,0,0,0.0,,0,
usr_01086,vis_015662,Ethan Sato,2026-08-16,Sun,12,2026-08,university.edu,1,ML Engineer,DSU Campus,campus_workshop,Team Lead,referral,referral,referral,partner_aiweekly,desktop,India,Karnataka,SaaS / Software,1-10,Quality Assurance,1,0,0,5,1,1,2026-08-18,2,1,2026-08-18,2,33,0,0,15,1403428,7.95,2026-09-20,0,10
usr_01089,vis_015738,Priya Smith,2026-08-24,Mon,20,2026-08,university.edu,1,Data Scientist,DSU Campus,campus_workshop,Team Lead,organic_search,organic_search,organic,none,mobile,India,Karnataka,Media & Gaming,1-10,Quality Assurance,0,0,8,5,1,1,2026-08-24,0,1,2026-08-24,0,14,13,0,3,335519,0.61,2026-09-07,0,10
usr_01091,vis_015766,Emma Petrova,2026-08-17,Mon,14,2026-08,gmail.com,1,Data Scientist,DSU Campus,campus_workshop,Executive,direct,(direct),none,none,mobile,India,Karnataka,Research Lab / Academia,1-10,Performance Monitoring,0,0,0,5,1,1,2026-08-20,3,1,2026-08-21,4,14,16,0,11,880551,3.24,2026-09-04,0,8
usr_01092,vis_015820,Noah Sato,2026-08-18,Tue,20,2026-08,gmail.com,1,Researcher,DSU Campus,open_beta,Individual Contributor,referral,referral,referral,partner_aiweekly,desktop,India,Karnataka,Research Lab / Academia,1-10,Security & Compliance,1,0,1,5,1,0,,,0,,,,,0,0,0,0.0,,0,
usr_01094,vis_015827,Noah Khan,2026-08-17,Mon,15,2026-08,outlook.com,1,ML Engineer,DSU Campus,invite_code,Manager,referral,referral,referral,partner_aiweekly,mobile,India,Karnataka,Research Lab / Academia,11-50,Cost Optimization,1,0,0,5,1,1,2026-08-17,0,1,2026-08-18,1,33,12,0,11,1111442,4.54,2026-09-08,0,7
usr_01095,vis_015838,Nadia Tanaka,2026-08-20,Thu,7,2026-08,gmail.com,1,Data Scientist,DSU Campus,campus_workshop,Individual Contributor,newsletter,newsletter,email,beta_waitlist,desktop,India,Karnataka,Consulting / Agency,1-10,Cost Optimization,0,0,3,1,0,1,2026-08-20,0,1,2026-08-22,2,29,0,0,9,947756,3.17,2026-09-20,0,9
usr_01097,vis_015850,Elena Tanaka,2026-08-18,Tue,20,2026-08,gmail.com,1,ML Engineer,DSU Campus,campus_workshop,Individual Contributor,organic_search,organic_search,organic,none,desktop,India,Karnataka,Healthcare,1-10,Research & Experimentation,0,0,1,5,1,1,2026-08-21,3,1,2026-08-21,3,30,2,0,17,2140472,8.84,2026-09-18,0,9
usr_01105,vis_016004,Rahul Sato,2026-08-19,Wed,21,2026-08,proton.me,1,ML Engineer,DSU Campus,campus_workshop,Individual Contributor,direct,(direct),none,none,mobile,India,Karnataka,Research Lab / Academia,1-10,Security & Compliance,0,0,1,4,1,0,,,0,,,,,0,0,0,0.0,,0,
usr_01106,vis_016017,Ethan Khan,2026-08-18,Tue,15,2026-08,company.com,1,ML Engineer,DSU Campus,campus_workshop,Manager,linkedin,linkedin,social,b2b_mlsops_q2,desktop,India,Karnataka,Research Lab / Academia,1000+,Quality Assurance,0,0,0,5,1,0,,,0,,,,,0,0,0,0.0,,0,
usr_01111,vis_016065,Aisha Petrova,2026-08-27,Thu,22,2026-08,gmail.com,1,ML Engineer,DSU Campus,invite_code,Manager,organic_search,organic_search,organic,none,mobile,India,Karnataka,Research Lab / Academia,1-10,Quality Assurance,1,0,8,5,1,0,,,0,,,,,0,0,0,0.0,,0,
usr_01114,vis_016084,Yuki Wang,2026-08-19,Wed,9,2026-08,university.edu,1,Data Scientist,DSU Campus,open_beta,Team Lead,direct,(direct),none,none,desktop,India,Karnataka,Healthcare,1-10,Cost Optimization,0,0,0,5,1,0,,,0,,,,,0,0,0,0.0,,0,
usr_01115,vis_016097,Zoe Smith,2026-08-20,Thu,14,2026-08,university.edu,1,Researcher,DSU Campus,invite_code,Individual Contributor,referral,referral,referral,partner_aiweekly,desktop,India,Karnataka,Enterprise IT,1-10,Research & Experimentation,1,0,1,4,1,1,2026-08-21,1,1,2026-08-21,1,30,0,0,9,839591,3.55,2026-09-20,0,10
usr_01116,vis_016103,Kenji Rossi,2026-08-19,Wed,16,2026-08,proton.me,1,Data Scientist,DSU Campus,invite_code,Individual Contributor,referral,referral,referral,partner_aiweekly,mobile,India,Karnataka,Research Lab / Academia,1-10,Security & Compliance,1,0,0,5,1,1,2026-08-20,1,1,2026-08-21,2,30,2,0,9,540815,2.58,2026-09-18,0,10
usr_01117,vis_016113,Omar Novak,2026-08-19,Wed,18,2026-08,gmail.com,1,ML Engineer,DSU Campus,campus_workshop,Individual Contributor,organic_search,organic_search,organic,none,mobile,India,Karnataka,Research Lab / Academia,1-10,Security & Compliance,0,0,0,5,1,0,,,0,,,,,0,0,0,0.0,,0,
usr_01120,vis_016138,Maya Sharma,2026-08-19,Wed,22,2026-08,university.edu,1,ML Engineer,DSU Campus,campus_workshop,Manager,paid_search,paid_search,cpc,brand_llm_monitoring,desktop,India,Karnataka,Research Lab / Academia,1000+,Cost Optimization,0,0,0,4,1,1,2026-08-22,3,0,,,,,0,0,0,0.0,,0,
usr_01121,vis_016143,Nadia Yamamoto,2026-08-19,Wed,11,2026-08,gmail.com,1,Founder / Exec,DSU Campus,campus_workshop,Manager,social_twitter,social_twitter,social,llm_observability_buzz,mobile,India,Karnataka,Research Lab / Academia,1-10,Performance Monitoring,0,0,0,4,1,0,,,0,,,,,0,0,0,0.0,,0,
usr_01126,vis_016202,Priya Khan,2026-08-19,Wed,13,2026-08,university.edu,1,ML Engineer,DSU Campus,open_beta,Individual Contributor,hackernews,hackernews,social,show_hn_launch,mobile,India,Karnataka,Research Lab / Academia,1-10,Security & Compliance,0,0,0,3,0,1,2026-08-21,2,1,2026-08-23,4,28,0,0,12,935543,3.69,2026-09-20,0,5
usr_01132,vis_016300,Fatima Yamamoto,2026-08-28,Fri,14,2026-08,gmail.com,1,Founder / Exec,DSU Campus,campus_workshop,Individual Contributor,direct,(direct),none,none,desktop,India,Karnataka,Media & Gaming,1-10,Cost Optimization,0,0,8,5,1,1,2026-08-31,3,1,2026-08-31,3,3,,0,0,0,0.0,,0,
usr_01137,vis_016322,Yuki Garcia,2026-08-20,Thu,9,2026-08,gmail.com,0,Data Scientist,DSU Campus,open_beta,Manager,direct,(direct),none,none,mobile,India,Karnataka,Media & Gaming,1-10,Security & Compliance,0,0,0,5,1,0,,,0,,,,,0,0,0,0.0,,0,
usr_01138,vis_016323,Fatima Nair,2026-08-20,Thu,11,2026-08,gmail.com,1,Data Scientist,DSU Campus,open_beta,Individual Contributor,linkedin,linkedin,social,b2b_mlsops_q2,desktop,India,Karnataka,Enterprise IT,11-50,Performance Monitoring,0,0,0,5,1,1,2026-08-20,0,1,2026-08-20,0,19,13,0,7,729290,3.33,2026-09-07,0,
usr_01143,vis_016412,Liam Haddad,2026-08-21,Fri,7,2026-08,university.edu,1,Researcher,DSU Campus,invite_code,Manager,newsletter,newsletter,email,beta_waitlist,desktop,India,Karnataka,Media & Gaming,1-10,Security & Compliance,1,0,0,5,1,0,,,0,,,,,0,0,0,0.0,,0,
usr_01144,vis_016421,Kenji Haddad,2026-08-21,Fri,22,2026-08,gmail.com,1,Researcher,DSU Campus,campus_workshop,Individual Contributor,organic_search,organic_search,organic,none,desktop,India,Karnataka,Research Lab / Academia,1-10,Quality Assurance,0,0,0,5,1,0,,,0,,,,,0,0,0,0.0,,0,
usr_01149,vis_016469,Kenji Muller,2026-08-22,Sat,8,2026-08,university.edu,1,Researcher,DSU Campus,invite_code,Individual Contributor,paid_search,paid_search,cpc,brand_llm_monitoring,mobile,India,Karnataka,Research Lab / Academia,51-200,Security & Compliance,1,0,1,2,0,0,,,0,,,,,0,0,0,0.0,,0,
usr_01151,vis_016518,Kenji Nair,2026-08-22,Sat,8,2026-08,outlook.com,1,ML Engineer,DSU Campus,campus_workshop,Executive,direct,(direct),none,none,mobile,India,Karnataka,Research Lab / Academia,1-10,Cost Optimization,0,0,0,5,1,0,,,0,,,,,0,0,0,0.0,,0,
usr_01157,vis_016571,Ingrid Nair,2026-08-22,Sat,19,2026-08,gmail.com,1,Data Scientist,DSU Campus,campus_workshop,Team Lead,linkedin,linkedin,social,b2b_mlsops_q2,desktop,India,Karnataka,Healthcare,1-10,Quality Assurance,0,0,0,5,1,1,2026-08-22,0,1,2026-08-23,1,16,12,0,9,656175,2.67,2026-09-08,0,9
usr_01165,vis_016713,Lucas Haddad,2026-08-25,Tue,10,2026-08,gmail.com,0,Security Engineer,DSU Campus,open_beta,Individual Contributor,newsletter,newsletter,email,beta_waitlist,desktop,India,Karnataka,Research Lab / Academia,1-10,Security & Compliance,0,0,1,5,1,1,2026-08-26,1,0,,,,,0,0,0,0.0,,0,
usr_01167,vis_016722,Ethan Johnson,2026-08-25,Tue,16,2026-08,outlook.com,1,Data Scientist,DSU Campus,open_beta,Team Lead,direct,(direct),none,none,mobile,India,Karnataka,SaaS / Software,1-10,Cost Optimization,0,0,1,4,1,1,2026-08-25,0,1,2026-08-31,6,20,6,0,13,1555936,3.96,2026-09-14,0,8
usr_01173,vis_016813,Ethan Nair,2026-08-26,Wed,20,2026-08,university.edu,0,ML Engineer,DSU Campus,campus_workshop,Executive,social_twitter,social_twitter,social,llm_observability_buzz,mobile,India,Karnataka,SaaS / Software,1-10,Research & Experimentation,0,0,2,2,0,0,,,0,,,,,0,0,0,0.0,,0,
usr_01179,vis_016917,Zoe Sato,2026-08-25,Tue,13,2026-08,gmail.com,1,Security Engineer,DSU Campus,campus_workshop,Team Lead,organic_search,organic_search,organic,none,desktop,India,Karnataka,Research Lab / Academia,1-10,Research & Experimentation,0,0,0,5,1,1,2026-08-27,2,1,2026-08-27,2,24,0,0,11,776152,6.18,2026-09-20,0,9
usr_01183,vis_017014,Mei Verma,2026-08-28,Fri,15,2026-08,university.edu,0,Data Scientist,DSU Campus,open_beta,Individual Contributor,social_twitter,social_twitter,social,llm_observability_buzz,mobile,India,Karnataka,Research Lab / Academia,1-10,Security & Compliance,0,0,2,5,1,0,,,0,,,,,0,0,0,0.0,,0,
usr_01185,vis_017024,Ingrid Sato,2026-08-26,Wed,10,2026-08,university.edu,1,Founder / Exec,DSU Campus,open_beta,Individual Contributor,referral,referral,referral,partner_aiweekly,mobile,India,Karnataka,Research Lab / Academia,51-200,Performance Monitoring,1,0,0,5,1,1,2026-08-27,1,1,2026-08-27,1,24,0,0,9,698082,4.89,2026-09-20,0,
usr_01186,vis_017056,Zoe Brown,2026-08-27,Thu,18,2026-08,university.edu,1,Data Scientist,DSU Campus,campus_workshop,Executive,organic_search,organic_search,organic,none,mobile,India,Karnataka,Research Lab / Academia,1-10,Performance Monitoring,0,0,1,5,1,1,2026-08-28,1,1,2026-08-28,1,14,21,0,2,126777,0.08,2026-08-30,0,6
usr_01192,vis_017149,Chen Walker,2026-09-01,Tue,16,2026-09,gmail.com,1,Researcher,DSU Campus,campus_workshop,Manager,referral,referral,referral,partner_aiweekly,mobile,India,Karnataka,Research Lab / Academia,1-10,Cost Optimization,1,0,5,5,1,1,2026-09-01,0,1,2026-09-02,1,18,0,0,5,453203,1.65,2026-09-20,0,
usr_01193,vis_017162,Fatima Brown,2026-08-30,Sun,13,2026-08,university.edu,1,ML Engineer,DSU Campus,invite_code,Executive,social_twitter,social_twitter,social,llm_observability_buzz,mobile,India,Karnataka,Research Lab / Academia,1000+,Quality Assurance,1,0,3,5,1,0,,,0,,,,,0,0,0,0.0,,0,
usr_01195,vis_017195,Diego Smith,2026-08-27,Thu,12,2026-08,gmail.com,0,Security Engineer,DSU Campus,invite_code,Manager,direct,(direct),none,none,mobile,India,Karnataka,Research Lab / Academia,1-10,Performance Monitoring,1,0,0,0,0,1,2026-08-29,2,0,,,,,0,0,0,0.0,,0,
usr_01201,vis_017281,Chen Muller,2026-08-27,Thu,18,2026-08,university.edu,1,ML Engineer,DSU Campus,campus_workshop,Executive,direct,(direct),none,none,mobile,India,Karnataka,Research Lab / Academia,1-10,Quality Assurance,0,0,0,0,0,0,,,0,,,,,0,0,0,0.0,,0,
usr_01202,vis_017323,Rahul Silva,2026-08-28,Fri,15,2026-08,university.edu,0,Researcher,DSU Campus,campus_workshop,Team Lead,organic_search,organic_search,organic,none,mobile,India,Karnataka,Consulting / Agency,1-10,Quality Assurance,0,0,0,3,0,0,,,0,,,,,0,0,0,0.0,,0,
usr_01205,vis_017341,Hassan Muller,2026-08-28,Fri,10,2026-08,gmail.com,1,Researcher,DSU Campus,invite_code,Executive,referral,referral,referral,partner_aiweekly,desktop,India,Karnataka,Enterprise IT,1-10,Performance Monitoring,1,0,0,5,1,1,2026-08-28,0,1,2026-08-28,0,23,0,0,13,604053,1.64,2026-09-20,0,
usr_01207,vis_017378,Arjun Rossi,2026-08-29,Sat,15,2026-08,university.edu,1,Researcher,DSU Campus,campus_workshop,Individual Contributor,linkedin,linkedin,social,b2b_mlsops_q2,mobile,India,Karnataka,FinTech,1-10,Performance Monitoring,0,0,1,5,1,1,2026-09-01,3,0,,,,,0,0,0,0.0,,0,
usr_01210,vis_017429,Sofia Nair,2026-08-28,Fri,19,2026-08,university.edu,1,Data Scientist,DSU Campus,campus_workshop,Individual Contributor,social_twitter,social_twitter,social,llm_observability_buzz,mobile,India,Karnataka,SaaS / Software,1000+,Cost Optimization,0,0,0,5,1,0,,,0,,,,,0,0,0,0.0,,0,
usr_01211,vis_017446,Ingrid Walker,2026-08-29,Sat,11,2026-08,proton.me,1,Product Manager,DSU Campus,invite_code,Individual Contributor,referral,referral,referral,partner_aiweekly,desktop,India,Karnataka,Research Lab / Academia,1-10,Performance Monitoring,1,0,0,5,1,0,,,0,,,,,0,0,0,0.0,,0,
usr_01212,vis_017449,Priya Khan,2026-08-29,Sat,13,2026-08,gmail.com,0,Data Scientist,DSU Campus,invite_code,Executive,direct,(direct),none,none,mobile,India,Karnataka,Research Lab / Academia,1-10,Security & Compliance,1,0,0,5,1,1,2026-08-30,1,1,2026-08-31,2,18,5,0,11,734606,0.38,2026-09-15,0,10
usr_01213,vis_017463,Fatima Brown,2026-08-29,Sat,8,2026-08,gmail.com,1,Founder / Exec,DSU Campus,invite_code,Individual Contributor,direct,(direct),none,none,mobile,India,Karnataka,Research Lab / Academia,1-10,Cost Optimization,1,0,0,5,1,0,,,0,,,,,0,0,0,0.0,,0,
usr_01215,vis_017487,Yuki Garcia,2026-08-29,Sat,14,2026-08,gmail.com,1,Data Scientist,DSU Campus,campus_workshop,Individual Contributor,organic_search,organic_search,organic,none,desktop,India,Karnataka,Research Lab / Academia,1-10,Performance Monitoring,0,0,0,5,1,1,2026-08-29,0,1,2026-08-29,0,5,17,0,3,268694,0.33,2026-09-03,0,
usr_01216,vis_017493,Emma Novak,2026-08-29,Sat,13,2026-08,gmail.com,1,Data Scientist,DSU Campus,invite_code,Individual Contributor,organic_search,organic_search,organic,none,mobile,India,Karnataka,Healthcare,1-10,Security & Compliance,1,0,0,4,1,1,2026-08-29,0,0,,,,,0,0,0,0.0,,0,
usr_01222,vis_017591,Tomas Ali,2026-08-30,Sun,10,2026-08,university.edu,1,Founder / Exec,DSU Campus,invite_code,Team Lead,paid_search,paid_search,cpc,brand_llm_monitoring,mobile,India,Karnataka,Research Lab / Academia,1-10,Quality Assurance,1,0,0,3,0,0,,,0,,,,,0,0,0,0.0,,0,
usr_01225,vis_017628,Ingrid Petrova,2026-08-30,Sun,12,2026-08,gmail.com,1,Data Scientist,DSU Campus,campus_workshop,Individual Contributor,newsletter,newsletter,email,beta_waitlist,mobile,India,Karnataka,Research Lab / Academia,1-10,Security & Compliance,0,0,0,5,1,1,2026-09-02,3,1,2026-09-03,4,17,0,0,6,544272,3.17,2026-09-20,0,9
usr_01227,vis_017650,Ethan Haddad,2026-09-03,Thu,7,2026-09,gmail.com,1,ML Engineer,DSU Campus,open_beta,Individual Contributor,linkedin,linkedin,social,b2b_mlsops_q2,desktop,India,Karnataka,Research Lab / Academia,1-10,Security & Compliance,0,0,3,5,1,0,,,0,,,,,0,0,0,0.0,,0,
usr_01228,vis_017654,Priya Tanaka,2026-09-08,Tue,11,2026-09,gmail.com,0,ML Engineer,DSU Campus,campus_workshop,Executive,social_twitter,social_twitter,social,llm_observability_buzz,mobile,India,Karnataka,Enterprise IT,1-10,Performance Monitoring,0,0,8,4,1,1,2026-09-09,1,1,2026-09-09,1,11,4,0,5,599460,2.03,2026-09-16,0,
usr_01229,vis_017706,Ethan Smith,2026-08-31,Mon,21,2026-08,university.edu,1,Data Scientist,DSU Campus,campus_workshop,Team Lead,referral,referral,referral,partner_aiweekly,mobile,India,Karnataka,Research Lab / Academia,1-10,Cost Optimization,1,0,0,5,1,0,,,0,,,,,0,0,0,0.0,,0,
usr_01233,vis_017821,Kenji Muller,2026-09-01,Tue,8,2026-09,outlook.com,1,ML Engineer,DSU Campus,invite_code,Manager,direct,(direct),none,none,desktop,India,Karnataka,Research Lab / Academia,1-10,Security & Compliance,1,0,0,5,1,1,2026-09-01,0,1,2026-09-02,1,6,16,0,4,497901,1.63,2026-09-04,0,10
usr_01239,vis_017886,Chen Tanaka,2026-09-01,Tue,22,2026-09,gmail.com,1,Security Engineer,DSU Campus,campus_workshop,Individual Contributor,linkedin,linkedin,social,b2b_mlsops_q2,mobile,India,Karnataka,Research Lab / Academia,11-50,Cost Optimization,0,0,0,3,0,1,2026-09-03,2,1,2026-09-05,4,15,0,0,8,1119026,0.58,2026-09-20,0,7
usr_01242,vis_017918,Tomas Garcia,2026-09-01,Tue,12,2026-09,company.com,1,ML Engineer,DSU Campus,open_beta,Individual Contributor,referral,referral,referral,partner_aiweekly,desktop,India,Karnataka,SaaS / Software,1-10,Quality Assurance,1,0,0,3,0,1,2026-09-02,1,1,2026-09-03,2,17,0,0,12,1060741,3.32,2026-09-20,0,8
usr_01243,vis_017923,Nadia Lindqvist,2026-09-04,Fri,17,2026-09,outlook.com,1,Data Scientist,DSU Campus,open_beta,Individual Contributor,newsletter,newsletter,email,beta_waitlist,desktop,India,Karnataka,Research Lab / Academia,1-10,Performance Monitoring,0,0,3,4,1,1,2026-09-04,0,1,2026-09-05,1,15,0,0,2,35555,0.27,2026-09-20,0,9
usr_01244,vis_017927,Arjun Iyer,2026-09-01,Tue,17,2026-09,company.com,1,ML Engineer,DSU Campus,open_beta,Individual Contributor,direct,(direct),none,none,desktop,India,Karnataka,E-commerce,1-10,Performance Monitoring,0,0,0,5,1,0,,,0,,,,,0,0,0,0.0,,0,
usr_01245,vis_017952,Ingrid Costa,2026-09-01,Tue,21,2026-09,proton.me,1,Data Scientist,DSU Campus,invite_code,Individual Contributor,paid_search,paid_search,cpc,brand_llm_monitoring,desktop,India,Karnataka,Research Lab / Academia,1-10,Cost Optimization,1,0,0,5,1,1,2026-09-04,3,1,2026-09-05,4,15,0,0,12,787896,6.72,2026-09-20,0,10
usr_01249,vis_018031,Hassan Tanaka,2026-09-05,Sat,10,2026-09,gmail.com,1,ML Engineer,DSU Campus,campus_workshop,Manager,referral,referral,referral,partner_aiweekly,desktop,India,Karnataka,Research Lab / Academia,1-10,Cost Optimization,1,0,3,5,1,0,,,0,,,,,0,0,0,0.0,,0,
usr_01251,vis_018052,Hassan Sharma,2026-09-02,Wed,14,2026-09,proton.me,1,Data Scientist,DSU Campus,open_beta,Individual Contributor,social_twitter,social_twitter,social,llm_observability_buzz,desktop,India,Karnataka,Research Lab / Academia,1-10,Cost Optimization,0,0,0,4,1,1,2026-09-02,0,1,2026-09-02,0,18,4,0,10,878896,3.9,2026-09-16,0,6
usr_01257,vis_018120,Maya Novak,2026-09-03,Thu,9,2026-09,university.edu,1,Researcher,DSU Campus,campus_workshop,Team Lead,hackernews,hackernews,social,show_hn_launch,desktop,India,Karnataka,SaaS / Software,1-10,Security & Compliance,0,0,0,5,1,0,,,0,,,,,0,0,0,0.0,,0,
usr_01262,vis_018171,Noah Iyer,2026-09-03,Thu,10,2026-09,university.edu,1,Data Scientist,DSU Campus,campus_workshop,Individual Contributor,paid_search,paid_search,cpc,brand_llm_monitoring,desktop,India,Karnataka,Media & Gaming,1-10,Performance Monitoring,0,0,0,5,1,1,2026-09-03,0,1,2026-09-05,2,7,8,0,5,1337647,0.72,2026-09-12,0,8
usr_01263,vis_018172,Fatima Yamamoto,2026-09-11,Fri,10,2026-09,university.edu,1,Data Scientist,DSU Campus,campus_workshop,Manager,linkedin,linkedin,social,b2b_mlsops_q2,mobile,India,Karnataka,Media & Gaming,1-10,Security & Compliance,0,1,8,5,1,0,,,0,,,,,0,0,0,0.0,,0,
usr_01273,vis_018383,Yuki Walker,2026-09-05,Sat,12,2026-09,university.edu,1,Data Scientist,DSU Campus,campus_workshop,Team Lead,referral,referral,referral,partner_aiweekly,desktop,India,Karnataka,SaaS / Software,11-50,Cost Optimization,1,0,1,5,1,0,,,0,,,,,0,0,0,0.0,,0,
usr_01275,vis_018388,Tomas Brown,2026-09-04,Fri,21,2026-09,university.edu,0,Data Scientist,DSU Campus,open_beta,Manager,referral,referral,referral,partner_aiweekly,desktop,India,Karnataka,SaaS / Software,1-10,Quality Assurance,1,0,0,5,1,1,2026-09-05,1,1,2026-09-06,2,14,0,0,11,998285,3.89,2026-09-20,0,6
usr_01278,vis_018452,Tomas Kim,2026-09-08,Tue,13,2026-09,university.edu,1,ML Engineer,DSU Campus,open_beta,Team Lead,referral,referral,referral,partner_aiweekly,mobile,India,Karnataka,Research Lab / Academia,1-10,Cost Optimization,1,0,3,5,1,1,2026-09-09,1,0,,,,,0,0,0,0.0,,0,
usr_01282,vis_018472,Liam Yamamoto,2026-09-05,Sat,18,2026-09,university.edu,1,Data Scientist,DSU Campus,open_beta,Team Lead,linkedin,linkedin,social,b2b_mlsops_q2,mobile,India,Karnataka,E-commerce,1000+,Security & Compliance,0,0,0,5,1,0,,,0,,,,,0,0,0,0.0,,0,
usr_01285,vis_018589,Nadia Garcia,2026-09-08,Tue,17,2026-09,gmail.com,1,Data Scientist,DSU Campus,campus_workshop,Team Lead,linkedin,linkedin,social,b2b_mlsops_q2,mobile,India,Karnataka,SaaS / Software,1-10,Security & Compliance,0,1,2,5,1,1,2026-09-09,1,1,2026-09-09,1,11,7,0,1,27269,0.06,2026-09-13,0,10
usr_01288,vis_018610,Noah Kim,2026-09-09,Wed,16,2026-09,gmail.com,1,ML Engineer,DSU Campus,open_beta,Executive,direct,(direct),none,none,mobile,India,Karnataka,SaaS / Software,1-10,Quality Assurance,0,0,3,3,0,1,2026-09-09,0,1,2026-09-10,1,10,0,0,3,283288,0.16,2026-09-20,0,7
usr_01289,vis_018622,Rahul Costa,2026-09-06,Sun,12,2026-09,gmail.com,1,Data Scientist,DSU Campus,open_beta,Team Lead,direct,(direct),none,none,desktop,India,Karnataka,Enterprise IT,1-10,Quality Assurance,0,0,0,5,1,1,2026-09-08,2,1,2026-09-08,2,11,5,0,4,262397,1.36,2026-09-15,0,8
usr_01295,vis_018708,Chen Muller,2026-09-07,Mon,15,2026-09,gmail.com,0,Product Manager,DSU Campus,open_beta,Individual Contributor,organic_search,organic_search,organic,none,mobile,India,Karnataka,Enterprise IT,1-10,Cost Optimization,0,0,0,1,0,1,2026-09-07,0,1,2026-09-07,0,13,0,0,1,58144,0.49,2026-09-20,0,8
usr_01296,vis_018714,Yuki Petrova,2026-09-07,Mon,19,2026-09,gmail.com,1,Data Scientist,DSU Campus,campus_workshop,Individual Contributor,referral,referral,referral,partner_aiweekly,mobile,India,Karnataka,SaaS / Software,1000+,Security & Compliance,1,0,0,5,1,1,2026-09-11,4,1,2026-09-11,4,4,,0,0,0,0.0,,0,8
usr_01299,vis_018731,Sofia Yamamoto,2026-09-07,Mon,18,2026-09,gmail.com,1,Data Scientist,DSU Campus,invite_code,Individual Contributor,social_twitter,social_twitter,social,llm_observability_buzz,mobile,India,Karnataka,Consulting / Agency,1-10,Performance Monitoring,1,0,0,5,1,0,,,0,,,,,0,0,0,0.0,,0,
usr_01301,vis_018744,Fatima Ali,2026-09-07,Mon,7,2026-09,university.edu,0,Founder / Exec,DSU Campus,campus_workshop,Individual Contributor,direct,(direct),none,none,desktop,India,Karnataka,SaaS / Software,1-10,Cost Optimization,0,0,0,3,0,0,,,0,,,,,0,0,0,0.0,,0,
usr_01302,vis_018753,Nadia Johnson,2026-09-08,Tue,12,2026-09,university.edu,1,Researcher,DSU Campus,open_beta,Team Lead,direct,(direct),none,none,desktop,India,Karnataka,Enterprise IT,1-10,Security & Compliance,0,1,1,5,1,1,2026-09-08,0,0,,,,,0,0,0,0.0,,0,
usr_01308,vis_018806,Maya Haddad,2026-09-13,Sun,15,2026-09,company.com,1,Data Scientist,DSU Campus,campus_workshop,Individual Contributor,newsletter,newsletter,email,beta_waitlist,desktop,India,Karnataka,Research Lab / Academia,1-10,Performance Monitoring,0,0,5,4,1,0,,,0,,,,,0,0,0,0.0,,0,
usr_01310,vis_018835,Liam Iyer,2026-09-08,Tue,13,2026-09,outlook.com,1,Founder / Exec,DSU Campus,invite_code,Individual Contributor,direct,(direct),none,none,desktop,India,Karnataka,Research Lab / Academia,1-10,Quality Assurance,1,0,0,5,1,0,,,0,,,,,0,0,0,0.0,,0,
usr_01311,vis_018846,Diego Walker,2026-09-09,Wed,13,2026-09,university.edu,1,Data Scientist,DSU Campus,open_beta,Executive,referral,referral,referral,partner_aiweekly,mobile,India,Karnataka,Research Lab / Academia,1-10,Cost Optimization,1,0,1,5,1,0,,,0,,,,,0,0,0,0.0,,0,
usr_01313,vis_018853,Chen Haddad,2026-09-08,Tue,8,2026-09,university.edu,1,Data Scientist,DSU Campus,campus_workshop,Individual Contributor,direct,(direct),none,none,desktop,India,Karnataka,Research Lab / Academia,1-10,Cost Optimization,0,0,0,5,1,1,2026-09-09,1,1,2026-09-09,1,11,2,0,7,585648,0.36,2026-09-18,0,9
usr_01315,vis_018870,Ethan Tanaka,2026-09-08,Tue,20,2026-09,gmail.com,1,Data Scientist,DSU Campus,campus_workshop,Individual Contributor,direct,(direct),none,none,mobile,India,Karnataka,E-commerce,11-50,Security & Compliance,0,0,0,4,1,1,2026-09-08,0,1,2026-09-11,3,3,6,0,1,100968,0.62,2026-09-14,0,
usr_01320,vis_018950,Emma Nair,2026-09-10,Thu,10,2026-09,university.edu,1,ML Engineer,DSU Campus,open_beta,Individual Contributor,newsletter,newsletter,email,beta_waitlist,desktop,India,Karnataka,FinTech,1-10,Quality Assurance,0,0,1,0,0,1,2026-09-11,1,1,2026-09-15,5,5,2,0,6,1229969,2.38,2026-09-18,0,7
usr_01322,vis_018979,Omar Walker,2026-09-10,Thu,10,2026-09,gmail.com,1,Researcher,DSU Campus,campus_workshop,Team Lead,referral,referral,referral,partner_aiweekly,mobile,India,Karnataka,Research Lab / Academia,1-10,Quality Assurance,1,0,1,5,1,1,2026-09-10,0,1,2026-09-11,1,9,0,0,8,387189,0.93,2026-09-20,0,7
usr_01326,vis_019066,Aisha Ali,2026-09-09,Wed,11,2026-09,university.edu,1,ML Engineer,DSU Campus,campus_workshop,Individual Contributor,direct,(direct),none,none,mobile,India,Karnataka,Media & Gaming,1-10,Cost Optimization,0,0,0,5,1,0,,,0,,,,,0,0,0,0.0,,0,
usr_01328,vis_019089,Lucas Muller,2026-09-09,Wed,15,2026-09,university.edu,1,Researcher,DSU Campus,invite_code,Individual Contributor,hackernews,hackernews,social,show_hn_launch,desktop,India,Karnataka,Research Lab / Academia,1-10,Cost Optimization,1,0,0,5,1,1,2026-09-09,0,1,2026-09-12,3,8,0,0,3,524922,0.46,2026-09-20,0,
usr_01331,vis_019171,Fatima Nair,2026-09-09,Wed,20,2026-09,gmail.com,1,Founder / Exec,DSU Campus,campus_workshop,Individual Contributor,linkedin,linkedin,social,b2b_mlsops_q2,mobile,India,Karnataka,Healthcare,51-200,Performance Monitoring,0,0,0,5,1,0,,,0,,,,,0,0,0,0.0,,0,
usr_01334,vis_019178,Zoe Lindqvist,2026-09-09,Wed,17,2026-09,university.edu,1,ML Engineer,DSU Campus,open_beta,Manager,direct,(direct),none,none,desktop,India,Karnataka,Research Lab / Academia,1-10,Cost Optimization,0,0,0,5,1,1,2026-09-09,0,1,2026-09-09,0,11,4,0,7,581848,2.69,2026-09-16,0,9
usr_01336,vis_019196,Noah Tanaka,2026-09-09,Wed,18,2026-09,university.edu,0,ML Engineer,DSU Campus,open_beta,Individual Contributor,referral,referral,referral,partner_aiweekly,desktop,India,Karnataka,SaaS / Software,1-10,Cost Optimization,1,0,0,5,1,1,2026-09-15,6,1,2026-09-16,7,4,2,0,2,289536,1.01,2026-09-18,0,
usr_01337,vis_019209,Rahul Wang,2026-09-13,Sun,13,2026-09,university.edu,1,Researcher,DSU Campus,campus_workshop,Team Lead,newsletter,newsletter,email,beta_waitlist,desktop,India,Karnataka,Research Lab / Academia,51-200,Performance Monitoring,0,0,3,0,0,1,2026-09-13,0,0,,,,,0,0,0,0.0,,0,
usr_01339,vis_019260,Mei Silva,2026-09-11,Fri,14,2026-09,university.edu,1,ML Engineer,DSU Campus,campus_workshop,Team Lead,organic_search,organic_search,organic,none,desktop,India,Karnataka,SaaS / Software,201-1000,Performance Monitoring,0,0,1,5,1,1,2026-09-11,0,1,2026-09-11,0,9,0,0,3,274517,0.19,2026-09-20,0,7
usr_01340,vis_019261,Tomas Nair,2026-09-10,Thu,19,2026-09,company.com,1,Researcher,DSU Campus,campus_workshop,Executive,linkedin,linkedin,social,b2b_mlsops_q2,mobile,India,Karnataka,Research Lab / Academia,1-10,Research & Experimentation,0,0,0,4,1,1,2026-09-11,1,1,2026-09-12,2,8,0,0,3,403135,0.72,2026-09-20,0,
usr_01341,vis_019306,Rahul Sharma,2026-09-11,Fri,12,2026-09,outlook.com,1,Researcher,DSU Campus,open_beta,Team Lead,referral,referral,referral,partner_aiweekly,desktop,India,Karnataka,Research Lab / Academia,1-10,Performance Monitoring,1,0,1,5,1,1,2026-09-14,3,1,2026-09-14,3,6,1,0,5,693384,2.01,2026-09-19,0,
usr_01343,vis_019334,Diego Novak,2026-09-10,Thu,11,2026-09,university.edu,0,ML Engineer,DSU Campus,invite_code,Individual Contributor,newsletter,newsletter,email,beta_waitlist,desktop,India,Karnataka,Consulting / Agency,1-10,Cost Optimization,1,0,0,1,0,1,2026-09-10,0,1,2026-09-10,0,10,3,0,8,727430,0.43,2026-09-17,0,7
usr_01346,vis_019350,Aisha Silva,2026-09-10,Thu,17,2026-09,outlook.com,1,Product Manager,DSU Campus,campus_workshop,Team Lead,referral,referral,referral,partner_aiweekly,desktop,India,Karnataka,SaaS / Software,1-10,Performance Monitoring,1,0,0,5,1,0,,,0,,,,,0,0,0,0.0,,0,
usr_01349,vis_019404,Ethan Iyer,2026-09-13,Sun,13,2026-09,university.edu,1,ML Engineer,DSU Campus,invite_code,Team Lead,hackernews,hackernews,social,show_hn_launch,desktop,India,Karnataka,SaaS / Software,1-10,Cost Optimization,1,0,2,4,1,1,2026-09-14,1,1,2026-09-14,1,6,1,0,5,290993,2.27,2026-09-19,0,10
usr_01351,vis_019425,Chen Kim,2026-09-11,Fri,21,2026-09,gmail.com,1,Researcher,DSU Campus,open_beta,Individual Contributor,paid_search,paid_search,cpc,brand_llm_monitoring,desktop,India,Karnataka,Consulting / Agency,11-50,Quality Assurance,0,0,0,5,1,1,2026-09-11,0,1,2026-09-11,0,9,0,0,3,262616,1.41,2026-09-20,0,
usr_01353,vis_019434,Chen Novak,2026-09-11,Fri,19,2026-09,gmail.com,1,ML Engineer,DSU Campus,campus_workshop,Team Lead,referral,referral,referral,partner_aiweekly,desktop,India,Karnataka,E-commerce,1-10,Cost Optimization,1,0,0,4,1,1,2026-09-11,0,1,2026-09-11,0,9,0,0,3,229495,1.1,2026-09-20,0,6
usr_01361,vis_019492,Ingrid Garcia,2026-09-11,Fri,17,2026-09,university.edu,1,ML Engineer,DSU Campus,campus_workshop,Individual Contributor,hackernews,hackernews,social,show_hn_launch,tablet,India,Karnataka,SaaS / Software,1-10,Security & Compliance,0,0,0,5,1,1,2026-09-11,0,1,2026-09-11,0,9,2,0,8,584872,3.01,2026-09-18,0,9
usr_01367,vis_019610,Ethan Garcia,2026-09-13,Sun,21,2026-09,university.edu,1,Security Engineer,DSU Campus,campus_workshop,Individual Contributor,organic_search,organic_search,organic,none,desktop,India,Karnataka,Research Lab / Academia,1-10,Quality Assurance,0,0,0,5,1,0,,,0,,,,,0,0,0,0.0,,0,
usr_01369,vis_019639,Elena Nair,2026-09-15,Tue,18,2026-09,university.edu,1,Data Scientist,DSU Campus,open_beta,Individual Contributor,direct,(direct),none,none,mobile,India,Karnataka,SaaS / Software,51-200,Quality Assurance,0,0,2,2,0,0,,,0,,,,,0,0,0,0.0,,0,
usr_01372,vis_019672,Hassan Costa,2026-09-13,Sun,22,2026-09,gmail.com,1,Data Scientist,DSU Campus,campus_workshop,Individual Contributor,referral,referral,referral,partner_aiweekly,tablet,India,Karnataka,E-commerce,1-10,Performance Monitoring,1,0,0,0,0,0,,,0,,,,,0,0,0,0.0,,0,
usr_01375,vis_019717,Noah Silva,2026-09-14,Mon,20,2026-09,company.com,1,Data Scientist,DSU Campus,campus_workshop,Individual Contributor,organic_search,organic_search,organic,none,mobile,India,Karnataka,Research Lab / Academia,1-10,Security & Compliance,0,0,0,5,1,1,2026-09-17,3,1,2026-09-17,3,3,0,0,5,711123,2.78,2026-09-20,0,7
usr_01376,vis_019726,Kenji Nair,2026-09-14,Mon,10,2026-09,gmail.com,1,Researcher,DSU Campus,invite_code,Team Lead,referral,referral,referral,partner_aiweekly,mobile,India,Karnataka,E-commerce,1-10,Cost Optimization,1,0,0,5,1,0,,,0,,,,,0,0,0,0.0,,0,
usr_01377,vis_019727,Ingrid Verma,2026-09-14,Mon,11,2026-09,gmail.com,1,Security Engineer,DSU Campus,open_beta,Manager,direct,(direct),none,none,desktop,India,Karnataka,Research Lab / Academia,1-10,Cost Optimization,0,0,0,0,0,1,2026-09-16,2,0,,,,,0,0,0,0.0,,0,
usr_01380,vis_019814,Priya Haddad,2026-09-20,Sun,10,2026-09,company.com,1,Product Manager,DSU Campus,invite_code,Manager,referral,referral,referral,partner_aiweekly,desktop,India,Karnataka,Research Lab / Academia,1-10,Security & Compliance,1,0,8,5,1,0,,,0,,,,,0,0,0,0.0,,0,
usr_01382,vis_019849,Mei Verma,2026-09-16,Wed,19,2026-09,university.edu,0,ML Engineer,DSU Campus,campus_workshop,Individual Contributor,paid_search,paid_search,cpc,brand_llm_monitoring,desktop,India,Karnataka,FinTech,1-10,Cost Optimization,0,0,2,5,1,1,2026-09-18,2,0,,,,,0,0,0,0.0,,0,
usr_01384,vis_019880,Elena Garcia,2026-09-15,Tue,10,2026-09,university.edu,1,Founder / Exec,DSU Campus,open_beta,Individual Contributor,organic_search,organic_search,organic,none,desktop,India,Karnataka,Research Lab / Academia,1-10,Security & Compliance,0,0,0,3,0,0,,,0,,,,,0,0,0,0.0,,0,
usr_01385,vis_019897,Priya Sato,2026-09-17,Thu,15,2026-09,gmail.com,1,ML Engineer,DSU Campus,invite_code,Individual Contributor,newsletter,newsletter,email,beta_waitlist,mobile,India,Karnataka,SaaS / Software,1-10,Performance Monitoring,1,0,2,5,1,1,2026-09-20,3,1,2026-09-20,3,0,0,0,4,446467,0.27,2026-09-20,0,9
usr_01388,vis_020023,Lucas Brown,2026-09-15,Tue,15,2026-09,university.edu,1,ML Engineer,DSU Campus,campus_workshop,Individual Contributor,organic_search,organic_search,organic,none,desktop,India,Karnataka,Research Lab / Academia,1-10,Quality Assurance,0,0,0,4,1,0,,,0,,,,,0,0,0,0.0,,0,
usr_01389,vis_020035,Emma Sharma,2026-09-16,Wed,19,2026-09,university.edu,0,ML Engineer,DSU Campus,campus_workshop,Team Lead,newsletter,newsletter,email,beta_waitlist,mobile,India,Karnataka,Research Lab / Academia,1-10,Cost Optimization,0,0,0,5,1,0,,,0,,,,,0,0,0,0.0,,0,
usr_01392,vis_020067,Priya Johnson,2026-09-16,Wed,17,2026-09,company.com,1,ML Engineer,DSU Campus,campus_workshop,Manager,referral,referral,referral,partner_aiweekly,desktop,India,Karnataka,SaaS / Software,1-10,Cost Optimization,1,0,0,5,1,0,,,0,,,,,0,0,0,0.0,,0,
usr_01393,vis_020119,Aisha Brown,2026-09-17,Thu,22,2026-09,university.edu,1,Data Scientist,DSU Campus,campus_workshop,Executive,paid_search,paid_search,cpc,brand_llm_monitoring,desktop,India,Karnataka,Research Lab / Academia,1-10,Performance Monitoring,0,0,1,5,1,1,2026-09-17,0,1,2026-09-18,1,2,0,0,1,38130,0.07,2026-09-20,0,5
usr_01394,vis_020153,Sofia Smith,2026-09-16,Wed,11,2026-09,university.edu,1,Researcher,DSU Campus,open_beta,Individual Contributor,organic_search,organic_search,organic,none,desktop,India,Karnataka,Enterprise IT,1-10,Performance Monitoring,0,0,0,5,1,0,,,0,,,,,0,0,0,0.0,,0,
usr_01402,vis_020214,Elena Petrova,2026-09-17,Thu,14,2026-09,university.edu,0,ML Engineer,DSU Campus,campus_workshop,Individual Contributor,referral,referral,referral,partner_aiweekly,tablet,India,Karnataka,Research Lab / Academia,1-10,Quality Assurance,1,0,0,5,1,1,2026-09-17,0,1,2026-09-17,0,3,0,0,3,215817,1.32,2026-09-20,0,
usr_01406,vis_020289,Mei Kim,2026-09-17,Thu,19,2026-09,university.edu,0,Researcher,DSU Campus,campus_workshop,Team Lead,social_twitter,social_twitter,social,llm_observability_buzz,mobile,India,Karnataka,Research Lab / Academia,1-10,Security & Compliance,0,0,0,5,1,0,,,0,,,,,0,0,0,0.0,,0,
usr_01410,vis_020341,Rahul Haddad,2026-09-17,Thu,13,2026-09,university.edu,1,Data Scientist,DSU Campus,campus_workshop,Individual Contributor,social_twitter,social_twitter,social,llm_observability_buzz,desktop,India,Karnataka,Research Lab / Academia,1-10,Security & Compliance,0,0,0,0,0,0,,,0,,,,,0,0,0,0.0,,0,
usr_01414,vis_020383,Fatima Iyer,2026-09-18,Fri,21,2026-09,university.edu,1,ML Engineer,DSU Campus,open_beta,Team Lead,referral,referral,referral,partner_aiweekly,mobile,India,Karnataka,Media & Gaming,1-10,Performance Monitoring,1,1,0,5,1,1,2026-09-20,2,1,2026-09-20,2,0,0,0,4,325240,1.18,2026-09-20,0,
usr_01418,vis_020494,Liam Sharma,2026-09-20,Sun,18,2026-09,university.edu,1,Security Engineer,DSU Campus,campus_workshop,Individual Contributor,organic_search,organic_search,organic,none,mobile,India,Karnataka,Research Lab / Academia,1-10,Quality Assurance,0,0,5,5,1,0,,,0,,,,,0,0,0,0.0,,0,
usr_01419,vis_020495,Priya Smith,2026-09-20,Sun,10,2026-09,university.edu,1,Data Scientist,DSU Campus,campus_workshop,Individual Contributor,social_twitter,social_twitter,social,llm_observability_buzz,desktop,India,Karnataka,Healthcare,1-10,Quality Assurance,0,0,2,4,1,0,,,0,,,,,0,0,0,0.0,,0,
usr_01420,vis_020500,Elena Muller,2026-09-18,Fri,21,2026-09,gmail.com,1,Data Scientist,DSU Campus,open_beta,Team Lead,hackernews,hackernews,social,show_hn_launch,desktop,India,Karnataka,SaaS / Software,1-10,Performance Monitoring,0,0,0,2,0,1,2026-09-18,0,1,2026-09-18,0,2,0,0,3,196672,0.6,2026-09-20,0,9
usr_01421,vis_020505,Zoe Ali,2026-09-18,Fri,12,2026-09,university.edu,1,Security Engineer,DSU Campus,invite_code,Individual Contributor,social_twitter,social_twitter,social,llm_observability_buzz,desktop,India,Karnataka,Research Lab / Academia,1-10,Quality Assurance,1,0,0,4,1,1,2026-09-20,2,1,2026-09-20,2,0,0,0,5,649384,4.81,2026-09-20,0,8
usr_01425,vis_020561,Fatima Sato,2026-09-19,Sat,12,2026-09,university.edu,1,Researcher,DSU Campus,open_beta,Team Lead,organic_search,organic_search,organic,none,mobile,India,Karnataka,SaaS / Software,51-200,Quality Assurance,0,0,0,5,1,1,2026-09-19,0,1,2026-09-19,0,1,1,0,1,34873,0.02,2026-09-19,0,7
usr_01429,vis_020584,Elena Khan,2026-09-19,Sat,8,2026-09,company.com,1,ML Engineer,DSU Campus,open_beta,Team Lead,social_twitter,social_twitter,social,llm_observability_buzz,desktop,India,Karnataka,Research Lab / Academia,1-10,Cost Optimization,0,0,0,3,0,0,,,0,,,,,0,0,0,0.0,,0,
usr_01430,vis_020604,Mei Iyer,2026-09-19,Sat,7,2026-09,university.edu,1,Researcher,DSU Campus,open_beta,Individual Contributor,organic_search,organic_search,organic,none,desktop,India,Karnataka,Research Lab / Academia,1-10,Cost Optimization,0,0,0,0,0,1,2026-09-20,1,1,2026-09-20,1,0,0,0,6,607219,3.29,2026-09-20,0,9
usr_01436,vis_020688,Hassan Yamamoto,2026-09-20,Sun,16,2026-09,gmail.com,0,ML Engineer,DSU Campus,open_beta,Individual Contributor,direct,(direct),none,none,desktop,India,Karnataka,Research Lab / Academia,1-10,Quality Assurance,0,0,2,5,1,1,2026-09-20,0,1,2026-09-20,0,0,0,0,4,473599,1.98,2026-09-20,0,7
