user_id,anonymous_visitor_id,display_name,signup_date,signup_weekday,signup_hour,cohort_month,email_domain_type,email_verified_flag,persona,collection_location,signup_program,role_seniority,acquisition_channel,utm_source,utm_medium,utm_campaign,device_type_at_signup,country,region,industry,company_size,primary_use_case,referral_flag,invited_by_teammate_flag,days_visit_to_signup,onboarding_steps_completed,onboarding_completed_flag,api_key_connected_flag,first_config_date,days_to_first_config,activated_within_7d_flag,activation_date,days_to_activate,lifetime_days_active,days_since_last_active,inactive_30d_flag,total_sessions,total_tokens_used,total_llm_cost_usd,last_active_date,power_user_flag,nps_score
usr_00001,vis_000033,Diego Verma,2026-03-01,Sun,15,2026-03,gmail.com,1,ML Engineer,Outside Campus,open_beta,Individual Contributor,linkedin,linkedin,social,b2b_mlsops_q2,desktop,United States,California,SaaS / Software,1-10,Performance Monitoring,0,0,0,5,1,1,2026-03-02,1,0,,,,,0,0,0,0.0,,0,
usr_00002,vis_000038,Kenji Lindqvist,2026-03-01,Sun,21,2026-03,gmail.com,1,ML Engineer,Outside Campus,open_beta,Individual Contributor,social_twitter,social_twitter,social,llm_observability_buzz,desktop,United States,California,Media & Gaming,51-200,Cost Optimization,0,0,0,5,1,1,2026-03-02,1,1,2026-03-04,3,138,66,1,51,4420267,4.7,2026-07-16,1,9
usr_00003,vis_000053,Ingrid Lindqvist,2026-03-02,Mon,20,2026-03,company.com,1,Product Manager,Outside Campus,open_beta,Manager,organic_search,organic_search,organic,none,desktop,United Kingdom,England,E-commerce,1000+,Cost Optimization,0,0,0,4,1,0,,,0,,,,,0,0,0,0.0,,0,
usr_00005,vis_000062,Omar Nair,2026-03-02,Mon,9,2026-03,company.com,1,ML Engineer,Outside Campus,open_beta,Executive,hackernews,hackernews,social,show_hn_launch,desktop,United States,California,Consulting / Agency,1000+,Cost Optimization,0,0,0,3,0,0,,,0,,,,,0,0,0,0.0,,0,
usr_00007,vis_000102,Diego Khan,2026-03-06,Fri,10,2026-03,gmail.com,1,Data Scientist,Outside Campus,open_beta,Individual Contributor,direct,(direct),none,none,mobile,Singapore,Central,FinTech,11-50,Cost Optimization,0,0,3,4,1,0,,,0,,,,,0,0,0,0.0,,0,
usr_00008,vis_000103,Arjun Muller,2026-03-06,Fri,21,2026-03,gmail.com,1,Founder / Exec,Outside Campus,waitlist,Individual Contributor,linkedin,linkedin,social,b2b_mlsops_q2,desktop,United States,New York,Healthcare,51-200,Cost Optimization,0,0,3,5,1,1,2026-03-07,1,1,2026-03-12,6,28,164,1,8,950133,5.21,2026-04-09,0,9
usr_00009,vis_000124,Noah Costa,2026-03-06,Fri,14,2026-03,proton.me,1,ML Engineer,Outside Campus,open_beta,Individual Contributor,referral,referral,referral,partner_aiweekly,desktop,United Kingdom,England,Enterprise IT,201-1000,Cost Optimization,1,0,3,2,0,1,2026-03-08,2,1,2026-03-08,2,18,178,1,9,760388,2.62,2026-03-26,0,9
usr_00010,vis_000131,Sofia Wang,2026-03-03,Tue,12,2026-03,company.com,1,Researcher,Outside Campus,open_beta,Individual Contributor,referral,referral,referral,partner_aiweekly,desktop,India,Karnataka,Research Lab / Academia,1-10,Cost Optimization,1,0,0,1,0,0,,,0,,,,,0,0,0,0.0,,0,
usr_00011,vis_000132,Arjun Kim,2026-03-03,Tue,18,2026-03,gmail.com,1,Researcher,Outside Campus,invite_code,Executive,social_twitter,social_twitter,social,llm_observability_buzz,desktop,United States,New York,Research Lab / Academia,11-50,Performance Monitoring,1,1,0,5,1,1,2026-03-03,0,1,2026-03-03,0,180,24,0,36,2548457,18.11,2026-08-27,1,10
usr_00012,vis_000133,Zoe Smith,2026-03-05,Thu,14,2026-03,gmail.com,1,ML Engineer,Outside Campus,open_beta,Executive,newsletter,newsletter,email,beta_waitlist,desktop,Spain,Catalonia,Consulting / Agency,1-10,Performance Monitoring,0,0,2,5,1,1,2026-03-05,0,1,2026-03-05,0,24,175,1,10,1160942,9.6,2026-03-29,0,8
usr_00013,vis_000134,Diego Wang,2026-03-03,Tue,20,2026-03,gmail.com,1,ML Engineer,Outside Campus,open_beta,Team Lead,referral,referral,referral,partner_aiweekly,desktop,United States,California,Consulting / Agency,1-10,Security & Compliance,1,0,0,5,1,1,2026-03-04,1,0,,,,,0,0,0,0.0,,0,
usr_00014,vis_000137,Nadia Costa,2026-03-05,Thu,18,2026-03,gmail.com,1,Product Manager,Outside Campus,open_beta,Individual Contributor,organic_search,organic_search,organic,none,desktop,United Kingdom,England,SaaS / Software,51-200,Quality Assurance,0,0,2,1,0,1,2026-03-05,0,1,2026-03-05,0,56,152,1,12,879771,2.63,2026-04-21,0,9
usr_00016,vis_000178,Ingrid Wang,2026-03-05,Thu,14,2026-03,gmail.com,1,ML Engineer,Outside Campus,invite_code,Individual Contributor,linkedin,linkedin,social,b2b_mlsops_q2,mobile,United States,California,E-commerce,1-10,Cost Optimization,1,0,1,5,1,1,2026-03-06,1,0,,,,,0,0,0,0.0,,0,
usr_00017,vis_000186,Diego Garcia,2026-03-04,Wed,22,2026-03,gmail.com,1,ML Engineer,Outside Campus,open_beta,Manager,linkedin,linkedin,social,b2b_mlsops_q2,mobile,India,Karnataka,Research Lab / Academia,11-50,Security & Compliance,0,0,0,4,1,1,2026-03-04,0,1,2026-03-04,0,85,120,1,30,1678675,1.07,2026-05-23,1,9
usr_00018,vis_000210,Tomas Walker,2026-03-05,Thu,10,2026-03,gmail.com,1,ML Engineer,Outside Campus,waitlist,Individual Contributor,social_twitter,social_twitter,social,llm_observability_buzz,desktop,United States,California,SaaS / Software,201-1000,Performance Monitoring,0,0,1,5,1,1,2026-03-06,1,1,2026-03-08,3,181,35,1,48,4939295,29.02,2026-08-16,1,9
usr_00019,vis_000244,Sofia Khan,2026-03-13,Fri,9,2026-03,gmail.com,1,Data Scientist,Outside Campus,invite_code,Individual Contributor,hackernews,hackernews,social,show_hn_launch,tablet,Canada,Ontario,SaaS / Software,11-50,Quality Assurance,1,0,8,5,1,0,,,0,,,,,0,0,0,0.0,,0,
usr_00020,vis_000245,Priya Haddad,2026-03-05,Thu,9,2026-03,gmail.com,1,Data Scientist,Outside Campus,invite_code,Individual Contributor,paid_search,paid_search,cpc,brand_llm_monitoring,desktop,United States,California,Consulting / Agency,51-200,Quality Assurance,1,0,0,4,1,1,2026-03-05,0,1,2026-03-05,0,199,25,0,54,5073920,3.19,2026-08-26,1,
usr_00021,vis_000254,Zoe Muller,2026-03-08,Sun,19,2026-03,company.com,1,Data Scientist,Outside Campus,invite_code,Executive,paid_search,paid_search,cpc,brand_llm_monitoring,desktop,United States,California,SaaS / Software,201-1000,Security & Compliance,1,0,3,5,1,1,2026-03-08,0,1,2026-03-09,1,195,4,0,56,4782454,18.96,2026-09-16,1,
usr_00022,vis_000260,Ethan Wang,2026-03-05,Thu,11,2026-03,proton.me,1,Researcher,Outside Campus,open_beta,Individual Contributor,social_twitter,social_twitter,social,llm_observability_buzz,mobile,Japan,Tokyo,Healthcare,201-1000,Security & Compliance,0,0,0,5,1,1,2026-03-08,3,1,2026-03-09,4,56,139,1,19,2524117,22.46,2026-05-04,0,
usr_00023,vis_000272,Priya Nair,2026-03-07,Sat,22,2026-03,company.com,1,Founder / Exec,Outside Campus,open_beta,Individual Contributor,social_twitter,social_twitter,social,llm_observability_buzz,desktop,Australia,New South Wales,Healthcare,11-50,Security & Compliance,0,0,2,5,1,1,2026-03-07,0,1,2026-03-08,1,38,160,1,13,1172507,5.1,2026-04-13,0,
usr_00024,vis_000287,Liam Costa,2026-03-06,Fri,17,2026-03,gmail.com,1,Researcher,Outside Campus,invite_code,Executive,hackernews,hackernews,social,show_hn_launch,desktop,United States,California,Research Lab / Academia,1-10,Security & Compliance,1,0,0,3,0,1,2026-03-07,1,1,2026-03-10,4,148,46,1,40,3545987,4.19,2026-08-05,1,
usr_00025,vis_000289,Rahul Wang,2026-03-09,Mon,18,2026-03,company.com,1,Researcher,Outside Campus,open_beta,Team Lead,referral,referral,referral,partner_aiweekly,mobile,Canada,Ontario,Healthcare,51-200,Security & Compliance,1,0,3,4,1,1,2026-03-09,0,1,2026-03-09,0,21,174,1,9,556739,4.75,2026-03-30,0,
usr_00026,vis_000292,Chen Johnson,2026-03-08,Sun,11,2026-03,gmail.com,0,Founder / Exec,Outside Campus,open_beta,Manager,organic_search,organic_search,organic,none,desktop,United States,California,SaaS / Software,11-50,Cost Optimization,0,0,2,3,0,1,2026-03-09,1,1,2026-03-10,2,29,167,1,7,268119,1.52,2026-04-06,0,9
usr_00028,vis_000299,Omar Petrova,2026-03-06,Fri,8,2026-03,gmail.com,1,Security Engineer,Outside Campus,waitlist,Individual Contributor,direct,(direct),none,none,desktop,Canada,Ontario,SaaS / Software,1-10,Cost Optimization,0,0,0,5,1,1,2026-03-07,1,0,,,,,0,0,0,0.0,,0,
usr_00029,vis_000310,Emma Smith,2026-03-07,Sat,7,2026-03,gmail.com,0,ML Engineer,Outside Campus,waitlist,Team Lead,paid_search,paid_search,cpc,brand_llm_monitoring,desktop,France,Ile-de-France,SaaS / Software,1-10,Quality Assurance,0,0,1,5,1,1,2026-03-08,1,1,2026-03-09,2,20,176,1,12,1068816,0.66,2026-03-28,0,6
usr_00030,vis_000312,Ingrid Yamamoto,2026-03-06,Fri,18,2026-03,gmail.com,1,ML Engineer,Outside Campus,open_beta,Manager,organic_search,organic_search,organic,none,mobile,United States,California,Media & Gaming,11-50,Research & Experimentation,0,0,0,3,0,0,,,0,,,,,0,0,0,0.0,,0,
usr_00031,vis_000318,Ingrid Costa,2026-03-07,Sat,15,2026-03,gmail.com,1,Data Scientist,Outside Campus,open_beta,Individual Contributor,referral,referral,referral,partner_aiweekly,desktop,Brazil,Sao Paulo,Media & Gaming,11-50,Research & Experimentation,1,0,1,5,1,1,2026-03-11,4,1,2026-03-11,4,52,143,1,20,1688599,5.52,2026-04-30,0,7
usr_00033,vis_000370,Ingrid Costa,2026-03-07,Sat,9,2026-03,gmail.com,1,Data Scientist,Outside Campus,open_beta,Individual Contributor,linkedin,linkedin,social,b2b_mlsops_q2,desktop,United Kingdom,England,Enterprise IT,51-200,Cost Optimization,0,0,0,4,1,1,2026-03-07,0,1,2026-03-08,1,187,11,0,46,3818537,16.24,2026-09-09,1,
usr_00034,vis_000377,Hassan Khan,2026-03-08,Sun,20,2026-03,company.com,0,ML Engineer,Outside Campus,open_beta,Team Lead,direct,(direct),none,none,desktop,United States,California,Research Lab / Academia,1-10,Performance Monitoring,0,0,0,5,1,1,2026-03-09,1,1,2026-03-10,2,120,74,1,44,3430858,21.2,2026-07-08,1,
usr_00035,vis_000391,Sofia Sharma,2026-03-13,Fri,22,2026-03,company.com,1,Security Engineer,Outside Campus,invite_code,Individual Contributor,paid_search,paid_search,cpc,brand_llm_monitoring,mobile,Netherlands,North Holland,Research Lab / Academia,1000+,Performance Monitoring,1,0,5,5,1,1,2026-03-14,1,1,2026-03-16,3,188,12,0,60,5450202,20.09,2026-09-08,1,9
usr_00037,vis_000417,Priya Kim,2026-03-09,Mon,16,2026-03,company.com,1,Researcher,Outside Campus,open_beta,Individual Contributor,linkedin,linkedin,social,b2b_mlsops_q2,mobile,Netherlands,North Holland,SaaS / Software,51-200,Security & Compliance,0,0,0,5,1,1,2026-03-09,0,1,2026-03-09,0,100,95,1,23,1849844,7.62,2026-06-17,0,10
usr_00038,vis_000454,Ingrid Silva,2026-03-09,Mon,16,2026-03,gmail.com,1,Data Scientist,Outside Campus,open_beta,Individual Contributor,organic_search,organic_search,organic,none,mobile,United Kingdom,England,E-commerce,51-200,Security & Compliance,0,0,0,5,1,1,2026-03-09,0,1,2026-03-12,3,3,189,1,1,34763,0.11,2026-03-15,0,10
usr_00040,vis_000466,Chen Walker,2026-03-09,Mon,22,2026-03,gmail.com,1,Researcher,Outside Campus,open_beta,Individual Contributor,organic_search,organic_search,organic,none,desktop,Canada,Ontario,SaaS / Software,1-10,Quality Assurance,0,0,0,5,1,1,2026-03-09,0,1,2026-03-09,0,53,144,1,13,956191,3.69,2026-04-29,0,9
usr_00041,vis_000473,Noah Walker,2026-03-10,Tue,18,2026-03,company.com,1,Security Engineer,Outside Campus,waitlist,Team Lead,social_twitter,social_twitter,social,llm_observability_buzz,mobile,United Kingdom,England,Consulting / Agency,11-50,Performance Monitoring,0,0,0,5,1,0,,,0,,,,,0,0,0,0.0,,0,
usr_00042,vis_000523,Liam Ali,2026-03-10,Tue,14,2026-03,gmail.com,1,Product Manager,Outside Campus,open_beta,Individual Contributor,organic_search,organic_search,organic,none,desktop,Germany,Bavaria,E-commerce,51-200,Security & Compliance,0,0,0,5,1,1,2026-03-10,0,1,2026-03-10,0,64,130,1,12,1262904,4.56,2026-05-13,0,8
usr_00044,vis_000558,Omar Costa,2026-03-14,Sat,18,2026-03,company.com,1,ML Engineer,Outside Campus,open_beta,Individual Contributor,social_twitter,social_twitter,social,llm_observability_buzz,desktop,United States,California,SaaS / Software,51-200,Research & Experimentation,0,0,3,5,1,1,2026-03-16,2,1,2026-03-16,2,5,186,1,3,211073,0.14,2026-03-18,0,6
usr_00045,vis_000570,Omar Garcia,2026-03-11,Wed,15,2026-03,gmail.com,1,Product Manager,Outside Campus,open_beta,Executive,hackernews,hackernews,social,show_hn_launch,desktop,Germany,Bavaria,Enterprise IT,1-10,Security & Compliance,0,0,0,5,1,0,,,0,,,,,0,0,0,0.0,,0,
usr_00048,vis_000582,Noah Iyer,2026-03-11,Wed,16,2026-03,gmail.com,1,Product Manager,Outside Campus,invite_code,Individual Contributor,organic_search,organic_search,organic,none,mobile,France,Ile-de-France,Enterprise IT,1-10,Cost Optimization,1,0,0,5,1,1,2026-03-11,0,0,,,,,0,0,0,0.0,,0,
usr_00049,vis_000602,Lucas Sharma,2026-03-12,Thu,7,2026-03,gmail.com,1,Product Manager,Outside Campus,waitlist,Team Lead,paid_search,paid_search,cpc,brand_llm_monitoring,mobile,France,Ile-de-France,SaaS / Software,51-200,Cost Optimization,0,0,0,1,0,1,2026-03-15,3,1,2026-03-15,3,7,182,1,1,67770,0.06,2026-03-22,0,
usr_00051,vis_000633,Sofia Sharma,2026-03-12,Thu,21,2026-03,company.com,0,Founder / Exec,Outside Campus,open_beta,Team Lead,organic_search,organic_search,organic,none,tablet,Germany,Bavaria,Enterprise IT,51-200,Security & Compliance,0,0,0,5,1,1,2026-03-15,3,1,2026-03-17,5,67,127,1,13,797360,6.08,2026-05-16,0,8
usr_00052,vis_000635,Zoe Rossi,2026-03-12,Thu,7,2026-03,gmail.com,1,Data Scientist,Outside Campus,waitlist,Individual Contributor,organic_search,organic_search,organic,none,desktop,United States,California,Consulting / Agency,51-200,Security & Compliance,0,0,0,2,0,0,,,0,,,,,0,0,0,0.0,,0,
usr_00053,vis_000638,Hassan Petrova,2026-03-14,Sat,13,2026-03,gmail.com,1,Researcher,Outside Campus,invite_code,Manager,hackernews,hackernews,social,show_hn_launch,desktop,United States,California,FinTech,201-1000,Security & Compliance,1,0,2,5,1,1,2026-03-14,0,1,2026-03-15,1,25,164,1,14,1304326,4.69,2026-04-09,0,10
usr_00055,vis_000678,Noah Sharma,2026-03-14,Sat,14,2026-03,company.com,1,Data Scientist,Outside Campus,invite_code,Manager,paid_search,paid_search,cpc,brand_llm_monitoring,desktop,United States,California,SaaS / Software,1-10,Quality Assurance,1,0,1,5,1,1,2026-03-14,0,1,2026-03-15,1,144,48,1,50,4013287,14.3,2026-08-03,1,
usr_00056,vis_000686,Noah Verma,2026-03-18,Wed,12,2026-03,gmail.com,1,Data Scientist,Outside Campus,waitlist,Team Lead,referral,referral,referral,partner_aiweekly,desktop,United Kingdom,England,Enterprise IT,11-50,Performance Monitoring,1,0,5,0,0,1,2026-03-19,1,1,2026-03-19,1,15,170,1,5,415076,0.26,2026-04-03,0,8
usr_00057,vis_000689,Yuki Lindqvist,2026-03-16,Mon,21,2026-03,gmail.com,1,Data Scientist,Outside Campus,waitlist,Executive,organic_search,organic_search,organic,none,desktop,United States,New York,FinTech,1-10,Performance Monitoring,0,0,3,5,1,0,,,0,,,,,0,0,0,0.0,,0,
usr_00059,vis_000721,Elena Rossi,2026-03-14,Sat,10,2026-03,outlook.com,1,Researcher,Outside Campus,invite_code,Team Lead,organic_search,organic_search,organic,none,desktop,Japan,Tokyo,E-commerce,1-10,Cost Optimization,1,0,0,5,1,1,2026-03-14,0,1,2026-03-14,0,13,180,1,6,1258775,3.67,2026-03-24,0,7
usr_00061,vis_000727,Maya Johnson,2026-03-16,Mon,16,2026-03,company.com,1,Data Scientist,Outside Campus,waitlist,Individual Contributor,paid_search,paid_search,cpc,brand_llm_monitoring,desktop,United States,California,SaaS / Software,11-50,Cost Optimization,0,0,2,5,1,1,2026-03-16,0,1,2026-03-17,1,33,154,1,12,1319091,3.64,2026-04-19,0,
usr_00064,vis_000766,Diego Yamamoto,2026-03-15,Sun,22,2026-03,gmail.com,1,Data Scientist,Outside Campus,open_beta,Manager,direct,(direct),none,none,desktop,United States,California,SaaS / Software,11-50,Cost Optimization,0,0,0,4,1,1,2026-03-15,0,1,2026-03-16,1,16,175,1,8,819261,4.01,2026-03-29,0,8
usr_00066,vis_000824,Zoe Walker,2026-03-16,Mon,22,2026-03,company.com,1,Founder / Exec,Outside Campus,open_beta,Individual Contributor,hackernews,hackernews,social,show_hn_launch,desktop,Australia,New South Wales,Enterprise IT,11-50,Security & Compliance,0,0,0,5,1,0,,,0,,,,,0,0,0,0.0,,0,
usr_00067,vis_000837,Elena Rossi,2026-03-21,Sat,10,2026-03,proton.me,1,Data Scientist,Outside Campus,invite_code,Manager,newsletter,newsletter,email,beta_waitlist,mobile,Canada,Ontario,Research Lab / Academia,51-200,Cost Optimization,1,0,5,5,1,1,2026-03-22,1,1,2026-03-22,1,182,4,0,54,4891998,16.8,2026-09-16,1,8
usr_00068,vis_000838,Kenji Sharma,2026-03-16,Mon,19,2026-03,company.com,1,ML Engineer,Outside Campus,waitlist,Team Lead,direct,(direct),none,none,desktop,Spain,Catalonia,E-commerce,201-1000,Quality Assurance,0,0,0,4,1,1,2026-03-16,0,1,2026-03-16,0,16,172,1,7,787848,3.54,2026-04-01,0,7
usr_00069,vis_000840,Arjun Petrova,2026-03-17,Tue,9,2026-03,company.com,1,Founder / Exec,Outside Campus,open_beta,Manager,newsletter,newsletter,email,beta_waitlist,desktop,United States,California,Media & Gaming,51-200,Security & Compliance,0,0,1,3,0,1,2026-03-17,0,1,2026-03-17,0,187,9,0,26,2255409,6.49,2026-09-11,1,
usr_00070,vis_000865,Sofia Nair,2026-03-18,Wed,13,2026-03,company.com,1,Security Engineer,Outside Campus,open_beta,Team Lead,linkedin,linkedin,social,b2b_mlsops_q2,desktop,Germany,Bavaria,Enterprise IT,201-1000,Security & Compliance,0,0,2,5,1,1,2026-03-18,0,0,,,,,0,0,0,0.0,,0,
usr_00071,vis_000881,Hassan Ali,2026-03-18,Wed,7,2026-03,gmail.com,1,ML Engineer,Outside Campus,waitlist,Individual Contributor,direct,(direct),none,none,desktop,United States,California,SaaS / Software,1-10,Cost Optimization,0,0,1,5,1,1,2026-03-20,2,1,2026-03-20,2,133,51,1,35,2748892,1.79,2026-07-31,1,10
usr_00072,vis_000894,Liam Iyer,2026-03-25,Wed,10,2026-03,company.com,1,Product Manager,Outside Campus,open_beta,Individual Contributor,linkedin,linkedin,social,b2b_mlsops_q2,tablet,United States,California,FinTech,1-10,Security & Compliance,0,0,8,4,1,1,2026-03-25,0,1,2026-03-26,1,178,0,0,25,1847960,1.2,2026-09-20,1,8
usr_00073,vis_000922,Tomas Iyer,2026-03-17,Tue,14,2026-03,company.com,1,Researcher,Outside Campus,open_beta,Individual Contributor,direct,(direct),none,none,desktop,India,Karnataka,Consulting / Agency,201-1000,Research & Experimentation,0,0,0,4,1,1,2026-03-17,0,0,,,,,0,0,0,0.0,,0,
usr_00076,vis_000942,Nadia Johnson,2026-03-18,Wed,20,2026-03,gmail.com,1,ML Engineer,Outside Campus,waitlist,Individual Contributor,organic_search,organic_search,organic,none,desktop,United States,California,Consulting / Agency,51-200,Performance Monitoring,0,0,0,5,1,1,2026-03-20,2,1,2026-03-20,2,20,170,1,10,1050997,5.1,2026-04-03,0,
usr_00077,vis_000952,Hassan Costa,2026-03-21,Sat,9,2026-03,outlook.com,1,Product Manager,Outside Campus,open_beta,Team Lead,direct,(direct),none,none,desktop,United States,California,E-commerce,51-200,Performance Monitoring,0,0,3,5,1,0,,,0,,,,,0,0,0,0.0,,0,
usr_00078,vis_000958,Elena Walker,2026-03-18,Wed,20,2026-03,gmail.com,0,Researcher,Outside Campus,invite_code,Team Lead,hackernews,hackernews,social,show_hn_launch,desktop,India,Karnataka,E-commerce,51-200,Performance Monitoring,1,0,0,1,0,1,2026-03-22,4,0,,,,,0,0,0,0.0,,0,
usr_00080,vis_001013,Elena Nair,2026-03-21,Sat,19,2026-03,gmail.com,1,Data Scientist,Outside Campus,open_beta,Individual Contributor,direct,(direct),none,none,desktop,Canada,Ontario,E-commerce,1-10,Performance Monitoring,0,0,2,2,0,0,,,0,,,,,0,0,0,0.0,,0,
usr_00082,vis_001017,Mei Kim,2026-03-20,Fri,10,2026-03,proton.me,1,Data Scientist,Outside Campus,open_beta,Team Lead,paid_search,paid_search,cpc,brand_llm_monitoring,desktop,United States,California,Healthcare,201-1000,Security & Compliance,0,0,1,0,0,0,,,0,,,,,0,0,0,0.0,,0,
usr_00085,vis_001106,Fatima Verma,2026-03-28,Sat,10,2026-03,gmail.com,1,ML Engineer,Outside Campus,open_beta,Individual Contributor,paid_search,paid_search,cpc,brand_llm_monitoring,mobile,India,Karnataka,Consulting / Agency,201-1000,Performance Monitoring,0,0,8,5,1,1,2026-03-28,0,1,2026-03-30,2,51,125,1,26,3116354,1.9,2026-05-18,1,8
usr_00087,vis_001129,Kenji Sato,2026-03-20,Fri,11,2026-03,gmail.com,0,Security Engineer,Outside Campus,open_beta,Individual Contributor,direct,(direct),none,none,desktop,United States,California,SaaS / Software,1000+,Security & Compliance,0,0,0,1,0,1,2026-03-21,1,1,2026-03-21,1,183,3,0,35,2524412,14.39,2026-09-17,1,7
usr_00088,vis_001143,Emma Lindqvist,2026-03-23,Mon,18,2026-03,proton.me,1,Data Scientist,Outside Campus,open_beta,Manager,newsletter,newsletter,email,beta_waitlist,desktop,India,Karnataka,Enterprise IT,1000+,Quality Assurance,0,0,2,5,1,1,2026-03-28,5,1,2026-03-28,5,157,29,0,45,3497456,2.16,2026-08-22,1,9
usr_00089,vis_001150,Hassan Verma,2026-03-22,Sun,7,2026-03,company.com,1,Product Manager,Outside Campus,invite_code,Individual Contributor,linkedin,linkedin,social,b2b_mlsops_q2,desktop,Brazil,Sao Paulo,SaaS / Software,51-200,Cost Optimization,1,0,1,5,1,0,,,0,,,,,0,0,0,0.0,,0,
usr_00092,vis_001213,Rahul Kim,2026-03-24,Tue,21,2026-03,gmail.com,1,ML Engineer,Outside Campus,waitlist,Executive,referral,referral,referral,partner_aiweekly,tablet,United States,California,Enterprise IT,51-200,Cost Optimization,1,0,2,5,1,1,2026-03-25,1,1,2026-03-27,3,171,19,0,55,4803437,12.85,2026-09-01,1,7
usr_00093,vis_001242,Aisha Nair,2026-03-23,Mon,8,2026-03,company.com,0,ML Engineer,Outside Campus,invite_code,Individual Contributor,linkedin,linkedin,social,b2b_mlsops_q2,desktop,Singapore,Central,Consulting / Agency,51-200,Quality Assurance,1,0,0,4,1,1,2026-03-25,2,0,,,,,0,0,0,0.0,,0,
usr_00094,vis_001248,Lucas Tanaka,2026-03-23,Mon,18,2026-03,company.com,1,Founder / Exec,Outside Campus,invite_code,Individual Contributor,organic_search,organic_search,organic,none,desktop,United States,California,Healthcare,51-200,Security & Compliance,1,0,0,0,0,0,,,0,,,,,0,0,0,0.0,,0,
usr_00095,vis_001289,Zoe Johnson,2026-03-31,Tue,22,2026-03,gmail.com,1,ML Engineer,Outside Campus,waitlist,Individual Contributor,referral,referral,referral,partner_aiweekly,desktop,France,Ile-de-France,Healthcare,11-50,Security & Compliance,1,0,8,5,1,1,2026-03-31,0,1,2026-04-05,5,14,154,1,9,531115,0.33,2026-04-19,0,
usr_00097,vis_001343,Emma Lindqvist,2026-03-26,Thu,16,2026-03,company.com,1,Data Scientist,Outside Campus,open_beta,Individual Contributor,newsletter,newsletter,email,beta_waitlist,mobile,Spain,Catalonia,SaaS / Software,1000+,Research & Experimentation,0,0,2,5,1,1,2026-03-28,2,1,2026-03-30,4,90,84,1,27,2144922,9.07,2026-06-28,1,
usr_00098,vis_001362,Yuki Garcia,2026-03-24,Tue,18,2026-03,gmail.com,1,Security Engineer,Outside Campus,waitlist,Individual Contributor,direct,(direct),none,none,desktop,United States,California,Media & Gaming,51-200,Cost Optimization,0,0,0,2,0,1,2026-03-26,2,1,2026-03-26,2,90,89,1,22,2544694,12.54,2026-06-23,0,10
usr_00100,vis_001393,Yuki Sato,2026-03-25,Wed,8,2026-03,gmail.com,0,Product Manager,Outside Campus,open_beta,Manager,referral,referral,referral,partner_aiweekly,desktop,India,Karnataka,SaaS / Software,51-200,Cost Optimization,1,0,0,4,1,0,,,0,,,,,0,0,0,0.0,,0,
usr_00102,vis_001414,Lucas Rossi,2026-03-25,Wed,16,2026-03,gmail.com,1,Researcher,Outside Campus,waitlist,Individual Contributor,paid_search,paid_search,cpc,brand_llm_monitoring,mobile,South Korea,Seoul,SaaS / Software,1-10,Cost Optimization,0,0,0,4,1,1,2026-04-01,7,0,,,,,0,0,0,0.0,,0,
usr_00103,vis_001415,Mei Walker,2026-04-02,Thu,14,2026-04,gmail.com,1,Researcher,Outside Campus,waitlist,Individual Contributor,referral,referral,referral,partner_aiweekly,desktop,France,Ile-de-France,SaaS / Software,1-10,Research & Experimentation,1,0,8,5,1,1,2026-04-02,0,1,2026-04-02,0,70,101,1,18,2225550,2.57,2026-06-11,0,
usr_00104,vis_001449,Sofia Iyer,2026-03-26,Thu,15,2026-03,company.com,1,Researcher,Outside Campus,open_beta,Individual Contributor,social_twitter,social_twitter,social,llm_observability_buzz,mobile,United States,California,SaaS / Software,11-50,Performance Monitoring,0,0,0,5,1,1,2026-03-27,1,1,2026-03-28,2,12,166,1,2,55467,0.24,2026-04-07,0,
usr_00106,vis_001469,Zoe Garcia,2026-03-28,Sat,19,2026-03,company.com,1,Data Scientist,Outside Campus,waitlist,Individual Contributor,newsletter,newsletter,email,beta_waitlist,mobile,Germany,Bavaria,FinTech,201-1000,Security & Compliance,0,0,2,2,0,0,,,0,,,,,0,0,0,0.0,,0,
usr_00107,vis_001496,Tomas Novak,2026-03-26,Thu,16,2026-03,company.com,1,Data Scientist,Outside Campus,waitlist,Individual Contributor,organic_search,organic_search,organic,none,tablet,Canada,Ontario,FinTech,11-50,Cost Optimization,0,0,0,5,1,1,2026-03-26,0,1,2026-03-26,0,26,152,1,7,581698,0.35,2026-04-21,0,
usr_00110,vis_001541,Lucas Sato,2026-03-29,Sun,12,2026-03,outlook.com,1,ML Engineer,Outside Campus,open_beta,Individual Contributor,direct,(direct),none,none,desktop,Germany,Bavaria,SaaS / Software,51-200,Security & Compliance,0,1,2,4,1,1,2026-04-01,3,1,2026-04-02,4,171,27,0,45,3772408,8.96,2026-08-24,1,8
usr_00113,vis_001576,Noah Lindqvist,2026-03-27,Fri,10,2026-03,gmail.com,1,Data Scientist,Outside Campus,open_beta,Manager,hackernews,hackernews,social,show_hn_launch,desktop,India,Karnataka,Consulting / Agency,11-50,Quality Assurance,0,0,0,5,1,1,2026-03-27,0,1,2026-03-30,3,13,164,1,3,318939,1.72,2026-04-09,0,
usr_00115,vis_001601,Zoe Novak,2026-03-28,Sat,16,2026-03,outlook.com,1,ML Engineer,Outside Campus,open_beta,Manager,referral,referral,referral,partner_aiweekly,desktop,United Kingdom,England,SaaS / Software,11-50,Security & Compliance,1,0,0,5,1,1,2026-03-28,0,1,2026-03-29,1,23,152,1,8,448339,0.56,2026-04-21,0,8
usr_00116,vis_001614,Sofia Silva,2026-03-28,Sat,12,2026-03,gmail.com,0,Data Scientist,Outside Campus,invite_code,Individual Contributor,organic_search,organic_search,organic,none,desktop,United States,California,SaaS / Software,1-10,Cost Optimization,1,0,0,5,1,1,2026-03-29,1,1,2026-03-29,1,53,123,1,19,2370649,11.18,2026-05-20,0,8
usr_00118,vis_001630,Maya Walker,2026-03-28,Sat,16,2026-03,gmail.com,1,Product Manager,Outside Campus,open_beta,Individual Contributor,organic_search,organic_search,organic,none,desktop,Canada,Ontario,E-commerce,51-200,Security & Compliance,0,0,0,4,1,1,2026-03-28,0,1,2026-03-31,3,91,82,1,18,1071757,7.34,2026-06-30,0,8
usr_00120,vis_001665,Sofia Smith,2026-03-29,Sun,7,2026-03,company.com,1,Product Manager,Outside Campus,open_beta,Individual Contributor,newsletter,newsletter,email,beta_waitlist,desktop,Brazil,Sao Paulo,Enterprise IT,1-10,Cost Optimization,0,0,0,4,1,1,2026-03-30,1,1,2026-03-31,2,54,123,1,11,1317726,0.65,2026-05-20,0,7
usr_00121,vis_001666,Kenji Silva,2026-03-29,Sun,20,2026-03,gmail.com,1,ML Engineer,Outside Campus,invite_code,Individual Contributor,paid_search,paid_search,cpc,brand_llm_monitoring,desktop,South Korea,Seoul,FinTech,1-10,Cost Optimization,1,0,0,5,1,1,2026-03-29,0,1,2026-03-29,0,175,0,0,50,3857988,25.42,2026-09-20,1,8
usr_00122,vis_001676,Ethan Smith,2026-03-29,Sun,10,2026-03,proton.me,1,Data Scientist,Outside Campus,open_beta,Individual Contributor,paid_search,paid_search,cpc,brand_llm_monitoring,desktop,United Kingdom,England,Consulting / Agency,201-1000,Quality Assurance,0,0,0,4,1,1,2026-03-29,0,1,2026-03-29,0,55,124,1,23,2299640,7.59,2026-05-19,0,7
usr_00123,vis_001683,Chen Smith,2026-03-29,Sun,19,2026-03,outlook.com,1,Data Scientist,Outside Campus,invite_code,Individual Contributor,linkedin,linkedin,social,b2b_mlsops_q2,desktop,United States,California,FinTech,1-10,Cost Optimization,1,0,0,0,0,1,2026-03-29,0,1,2026-04-01,3,13,163,1,6,522573,1.06,2026-04-10,0,7
usr_00125,vis_001760,Yuki Garcia,2026-04-01,Wed,13,2026-04,gmail.com,1,Product Manager,Outside Campus,invite_code,Team Lead,paid_search,paid_search,cpc,brand_llm_monitoring,desktop,Singapore,Central,E-commerce,201-1000,Cost Optimization,1,0,1,4,1,0,,,0,,,,,0,0,0,0.0,,0,
usr_00126,vis_001812,Nadia Petrova,2026-04-01,Wed,12,2026-04,gmail.com,1,ML Engineer,Outside Campus,open_beta,Individual Contributor,linkedin,linkedin,social,b2b_mlsops_q2,desktop,United States,California,SaaS / Software,1-10,Performance Monitoring,0,0,1,5,1,0,,,0,,,,,0,0,0,0.0,,0,
usr_00127,vis_001814,Noah Walker,2026-03-31,Tue,15,2026-03,gmail.com,1,ML Engineer,Outside Campus,open_beta,Team Lead,linkedin,linkedin,social,b2b_mlsops_q2,desktop,Australia,New South Wales,E-commerce,11-50,Quality Assurance,0,0,0,2,0,0,,,0,,,,,0,0,0,0.0,,0,
usr_00128,vis_001817,Rahul Kim,2026-03-31,Tue,8,2026-03,gmail.com,1,ML Engineer,Outside Campus,waitlist,Team Lead,paid_search,paid_search,cpc,brand_llm_monitoring,desktop,India,Karnataka,E-commerce,1-10,Research & Experimentation,0,0,0,5,1,1,2026-04-02,2,1,2026-04-02,2,171,0,0,34,2882396,13.16,2026-09-20,1,5
usr_00129,vis_001843,Tomas Lindqvist,2026-04-01,Wed,14,2026-04,gmail.com,0,Data Scientist,Outside Campus,waitlist,Individual Contributor,referral,referral,referral,partner_aiweekly,desktop,United States,California,Enterprise IT,201-1000,Performance Monitoring,1,0,0,0,0,1,2026-04-02,1,1,2026-04-04,3,160,12,0,36,4171835,11.96,2026-09-08,1,
usr_00130,vis_001845,Chen Smith,2026-04-01,Wed,7,2026-04,gmail.com,0,Security Engineer,Outside Campus,invite_code,Individual Contributor,organic_search,organic_search,organic,none,desktop,United States,California,Research Lab / Academia,51-200,Research & Experimentation,1,0,0,3,0,1,2026-04-02,1,0,,,,,0,0,0,0.0,,0,
usr_00131,vis_001848,Fatima Tanaka,2026-04-01,Wed,22,2026-04,gmail.com,1,Product Manager,Outside Campus,open_beta,Individual Contributor,referral,referral,referral,partner_aiweekly,desktop,United States,California,Enterprise IT,11-50,Security & Compliance,1,0,0,5,1,1,2026-04-01,0,1,2026-04-03,2,140,30,0,23,1946198,1.23,2026-08-21,0,5
usr_00132,vis_001864,Yuki Iyer,2026-04-02,Thu,17,2026-04,company.com,0,ML Engineer,Outside Campus,open_beta,Individual Contributor,social_twitter,social_twitter,social,llm_observability_buzz,desktop,Spain,Catalonia,FinTech,51-200,Cost Optimization,0,0,1,5,1,1,2026-04-02,0,1,2026-04-03,1,19,153,1,12,848944,2.66,2026-04-20,0,
usr_00133,vis_001874,Zoe Lindqvist,2026-04-02,Thu,15,2026-04,university.edu,1,ML Engineer,Outside Campus,waitlist,Team Lead,linkedin,linkedin,social,b2b_mlsops_q2,tablet,United States,California,SaaS / Software,1000+,Performance Monitoring,0,0,1,3,0,1,2026-04-03,1,1,2026-04-04,2,14,155,1,6,586656,0.73,2026-04-18,0,10
usr_00134,vis_001891,Maya Petrova,2026-04-02,Thu,19,2026-04,gmail.com,1,Product Manager,Outside Campus,invite_code,Manager,direct,(direct),none,none,desktop,United States,California,Healthcare,51-200,Performance Monitoring,1,0,1,4,1,1,2026-04-04,2,0,,,,,0,0,0,0.0,,0,
usr_00135,vis_001915,Zoe Haddad,2026-04-02,Thu,22,2026-04,gmail.com,1,Product Manager,Outside Campus,open_beta,Individual Contributor,organic_search,organic_search,organic,none,desktop,Germany,Bavaria,Research Lab / Academia,11-50,Security & Compliance,0,0,0,5,1,1,2026-04-03,1,1,2026-04-03,1,31,139,1,13,864157,3.42,2026-05-04,0,7
usr_00137,vis_001920,Aisha Sato,2026-04-03,Fri,22,2026-04,company.com,0,ML Engineer,Outside Campus,open_beta,Executive,direct,(direct),none,none,desktop,Canada,Ontario,SaaS / Software,51-200,Security & Compliance,0,1,1,5,1,1,2026-04-04,1,1,2026-04-04,1,169,0,0,32,2914793,3.65,2026-09-20,1,9
usr_00138,vis_001926,Hassan Ali,2026-04-03,Fri,12,2026-04,gmail.com,1,Data Scientist,Outside Campus,invite_code,Team Lead,organic_search,organic_search,organic,none,desktop,United Kingdom,England,E-commerce,201-1000,Performance Monitoring,1,0,1,5,1,1,2026-04-03,0,0,,,,,0,0,0,0.0,,0,
usr_00140,vis_001943,Zoe Johnson,2026-04-03,Fri,7,2026-04,gmail.com,1,ML Engineer,Outside Campus,waitlist,Manager,linkedin,linkedin,social,b2b_mlsops_q2,mobile,Germany,Bavaria,Media & Gaming,1-10,Security & Compliance,0,1,1,5,1,0,,,0,,,,,0,0,0,0.0,,0,
usr_00141,vis_001948,Elena Smith,2026-04-02,Thu,13,2026-04,outlook.com,1,Founder / Exec,Outside Campus,waitlist,Executive,referral,referral,referral,partner_aiweekly,desktop,United States,California,Enterprise IT,1-10,Research & Experimentation,1,0,0,5,1,0,,,0,,,,,0,0,0,0.0,,0,
usr_00143,vis_001974,Arjun Verma,2026-04-02,Thu,18,2026-04,outlook.com,1,Data Scientist,Outside Campus,open_beta,Manager,linkedin,linkedin,social,b2b_mlsops_q2,desktop,United States,California,FinTech,51-200,Performance Monitoring,0,0,0,5,1,1,2026-04-02,0,1,2026-04-02,0,110,65,1,27,2193549,11.93,2026-07-17,1,
usr_00145,vis_001993,Lucas Verma,2026-04-11,Sat,13,2026-04,gmail.com,1,Data Scientist,Outside Campus,open_beta,Individual Contributor,linkedin,linkedin,social,b2b_mlsops_q2,desktop,Brazil,Sao Paulo,Healthcare,1-10,Quality Assurance,0,1,8,5,1,1,2026-04-11,0,1,2026-04-12,1,136,30,0,33,3099209,3.31,2026-08-21,1,
usr_00148,vis_002065,Ingrid Sharma,2026-04-06,Mon,21,2026-04,university.edu,1,Security Engineer,Outside Campus,open_beta,Individual Contributor,organic_search,organic_search,organic,none,desktop,United States,New York,SaaS / Software,1-10,Security & Compliance,0,0,2,0,0,1,2026-04-06,0,1,2026-04-06,0,167,5,0,40,3236505,1.96,2026-09-15,1,8
usr_00150,vis_002067,Elena Sharma,2026-04-04,Sat,12,2026-04,gmail.com,0,Data Scientist,Outside Campus,open_beta,Manager,organic_search,organic_search,organic,none,tablet,India,Karnataka,E-commerce,201-1000,Security & Compliance,0,0,0,5,1,1,2026-04-06,2,1,2026-04-06,2,167,4,0,44,4106387,2.48,2026-09-16,1,10
usr_00151,vis_002089,Elena Johnson,2026-04-04,Sat,9,2026-04,gmail.com,1,ML Engineer,Outside Campus,open_beta,Individual Contributor,organic_search,organic_search,organic,none,mobile,India,Karnataka,Media & Gaming,1-10,Performance Monitoring,0,0,0,5,1,1,2026-04-05,1,1,2026-04-05,1,79,89,1,31,2796758,19.97,2026-06-23,1,
usr_00153,vis_002109,Ingrid Iyer,2026-04-05,Sun,14,2026-04,proton.me,1,Researcher,Outside Campus,open_beta,Individual Contributor,organic_search,organic_search,organic,none,desktop,Germany,Bavaria,Research Lab / Academia,51-200,Research & Experimentation,0,0,0,5,1,0,,,0,,,,,0,0,0,0.0,,0,
usr_00155,vis_002161,Rahul Khan,2026-04-06,Mon,18,2026-04,university.edu,1,Researcher,Outside Campus,open_beta,Team Lead,organic_search,organic_search,organic,none,desktop,United States,California,SaaS / Software,1000+,Security & Compliance,0,0,0,5,1,1,2026-04-06,0,1,2026-04-08,2,93,78,1,27,1665970,2.34,2026-07-04,1,7
usr_00156,vis_002167,Kenji Sato,2026-04-09,Thu,10,2026-04,outlook.com,1,ML Engineer,Outside Campus,waitlist,Individual Contributor,newsletter,newsletter,email,beta_waitlist,desktop,United States,California,SaaS / Software,1-10,Security & Compliance,0,0,3,5,1,1,2026-04-11,2,1,2026-04-11,2,24,140,1,11,614632,0.5,2026-05-03,0,7
usr_00158,vis_002177,Rahul Ali,2026-04-06,Mon,22,2026-04,company.com,1,ML Engineer,Outside Campus,open_beta,Executive,referral,referral,referral,partner_aiweekly,desktop,United Kingdom,England,SaaS / Software,11-50,Quality Assurance,1,0,0,5,1,1,2026-04-09,3,1,2026-04-10,4,24,139,1,9,1364316,4.45,2026-05-04,0,8
usr_00161,vis_002218,Ethan Nair,2026-04-06,Mon,20,2026-04,company.com,1,ML Engineer,Outside Campus,open_beta,Manager,social_twitter,social_twitter,social,llm_observability_buzz,desktop,United States,California,SaaS / Software,1000+,Cost Optimization,0,0,0,0,0,1,2026-04-06,0,1,2026-04-07,1,166,5,0,56,4489500,2.86,2026-09-15,1,6
usr_00162,vis_002235,Liam Sato,2026-04-07,Tue,15,2026-04,gmail.com,1,ML Engineer,Outside Campus,open_beta,Manager,hackernews,hackernews,social,show_hn_launch,desktop,Netherlands,North Holland,Media & Gaming,11-50,Cost Optimization,0,0,0,0,0,1,2026-04-07,0,0,,,,,0,0,0,0.0,,0,
usr_00164,vis_002274,Rahul Iyer,2026-04-07,Tue,10,2026-04,company.com,1,Security Engineer,Outside Campus,open_beta,Manager,direct,(direct),none,none,mobile,United States,New York,Healthcare,51-200,Quality Assurance,0,0,0,5,1,1,2026-04-12,5,1,2026-04-12,5,110,53,1,42,3304501,22.63,2026-07-29,1,8
usr_00165,vis_002284,Hassan Verma,2026-04-07,Tue,15,2026-04,gmail.com,1,Data Scientist,Outside Campus,open_beta,Individual Contributor,newsletter,newsletter,email,beta_waitlist,desktop,Australia,New South Wales,SaaS / Software,1-10,Security & Compliance,0,0,0,5,1,1,2026-04-07,0,1,2026-04-08,1,20,146,1,8,1063105,2.2,2026-04-27,0,10
usr_00166,vis_002301,Noah Yamamoto,2026-04-07,Tue,7,2026-04,company.com,1,Founder / Exec,Outside Campus,invite_code,Individual Contributor,organic_search,organic_search,organic,none,desktop,France,Ile-de-France,Enterprise IT,11-50,Cost Optimization,1,0,0,3,0,0,,,0,,,,,0,0,0,0.0,,0,
usr_00167,vis_002313,Priya Johnson,2026-04-11,Sat,20,2026-04,gmail.com,1,ML Engineer,Outside Campus,invite_code,Individual Contributor,organic_search,organic_search,organic,none,mobile,Germany,Bavaria,SaaS / Software,11-50,Research & Experimentation,1,0,3,5,1,1,2026-04-12,1,1,2026-04-12,1,70,91,1,32,2239622,4.88,2026-06-21,1,9
usr_00168,vis_002321,Arjun Rossi,2026-04-08,Wed,20,2026-04,university.edu,0,Security Engineer,Outside Campus,waitlist,Executive,newsletter,newsletter,email,beta_waitlist,tablet,United States,California,Consulting / Agency,11-50,Cost Optimization,0,0,0,5,1,1,2026-04-11,3,1,2026-04-12,4,79,82,1,25,2323030,8.63,2026-06-30,1,9
usr_00170,vis_002345,Aisha Costa,2026-04-09,Thu,10,2026-04,university.edu,1,Data Scientist,Outside Campus,open_beta,Individual Contributor,social_twitter,social_twitter,social,llm_observability_buzz,desktop,United States,California,Consulting / Agency,1-10,Cost Optimization,0,0,1,5,1,0,,,0,,,,,0,0,0,0.0,,0,
usr_00172,vis_002381,Priya Rossi,2026-04-08,Wed,22,2026-04,company.com,0,Security Engineer,Outside Campus,open_beta,Individual Contributor,social_twitter,social_twitter,social,llm_observability_buzz,tablet,Canada,Ontario,E-commerce,51-200,Quality Assurance,0,0,0,4,1,1,2026-04-09,1,1,2026-04-10,2,163,0,0,48,4041048,17.2,2026-09-20,1,7
usr_00174,vis_002435,Liam Wang,2026-04-11,Sat,16,2026-04,gmail.com,1,Researcher,Outside Campus,open_beta,Individual Contributor,direct,(direct),none,none,desktop,Singapore,Central,FinTech,1000+,Performance Monitoring,0,0,2,5,1,0,,,0,,,,,0,0,0,0.0,,0,
usr_00176,vis_002467,Ingrid Novak,2026-04-10,Fri,13,2026-04,gmail.com,1,Security Engineer,Outside Campus,open_beta,Team Lead,newsletter,newsletter,email,beta_waitlist,desktop,India,Karnataka,SaaS / Software,1-10,Performance Monitoring,0,0,1,4,1,1,2026-04-11,1,1,2026-04-12,2,37,124,1,19,1963831,1.21,2026-05-19,0,6
usr_00177,vis_002479,Maya Khan,2026-04-10,Fri,10,2026-04,outlook.com,1,Product Manager,Outside Campus,open_beta,Individual Contributor,social_twitter,social_twitter,social,llm_observability_buzz,desktop,India,Karnataka,SaaS / Software,1-10,Cost Optimization,0,0,0,5,1,1,2026-04-10,0,1,2026-04-10,0,93,86,1,20,1700667,10.88,2026-06-26,0,5
usr_00178,vis_002489,Emma Garcia,2026-04-10,Fri,8,2026-04,company.com,1,Product Manager,Outside Campus,open_beta,Individual Contributor,linkedin,linkedin,social,b2b_mlsops_q2,desktop,United States,California,FinTech,11-50,Security & Compliance,0,0,0,1,0,0,,,0,,,,,0,0,0,0.0,,0,
usr_00179,vis_002515,Tomas Brown,2026-04-13,Mon,13,2026-04,gmail.com,1,Founder / Exec,Outside Campus,invite_code,Team Lead,organic_search,organic_search,organic,none,desktop,United Kingdom,England,Enterprise IT,1-10,Performance Monitoring,1,0,3,5,1,1,2026-04-14,1,1,2026-04-19,6,25,138,1,7,691195,1.6,2026-05-05,0,7
usr_00180,vis_002523,Ingrid Sato,2026-04-10,Fri,10,2026-04,company.com,1,Founder / Exec,Outside Campus,open_beta,Individual Contributor,social_twitter,social_twitter,social,llm_observability_buzz,desktop,United Kingdom,England,Healthcare,1-10,Quality Assurance,0,0,0,5,1,0,,,0,,,,,0,0,0,0.0,,0,
usr_00183,vis_002594,Arjun Ali,2026-04-12,Sun,12,2026-04,outlook.com,1,ML Engineer,Outside Campus,waitlist,Individual Contributor,linkedin,linkedin,social,b2b_mlsops_q2,mobile,United States,California,Media & Gaming,11-50,Security & Compliance,0,0,0,5,1,1,2026-04-12,0,1,2026-04-12,0,26,137,1,14,1147582,0.7,2026-05-06,0,
usr_00184,vis_002633,Hassan Yamamoto,2026-04-12,Sun,21,2026-04,company.com,1,Data Scientist,Outside Campus,open_beta,Individual Contributor,hackernews,hackernews,social,show_hn_launch,desktop,Germany,Bavaria,SaaS / Software,1000+,Performance Monitoring,0,0,0,0,0,1,2026-04-13,1,1,2026-04-13,1,130,30,0,44,3961712,15.66,2026-08-21,1,
usr_00185,vis_002635,Fatima Khan,2026-04-12,Sun,16,2026-04,gmail.com,1,Researcher,Outside Campus,invite_code,Executive,social_twitter,social_twitter,social,llm_observability_buzz,desktop,India,Karnataka,Healthcare,51-200,Research & Experimentation,1,0,0,5,1,1,2026-04-14,2,1,2026-04-17,5,24,134,1,12,886297,0.54,2026-05-09,0,
usr_00186,vis_002640,Ingrid Verma,2026-04-13,Mon,8,2026-04,outlook.com,1,ML Engineer,Outside Campus,waitlist,Individual Contributor,social_twitter,social_twitter,social,llm_observability_buzz,desktop,United States,California,Enterprise IT,201-1000,Performance Monitoring,0,0,1,4,1,0,,,0,,,,,0,0,0,0.0,,0,
usr_00188,vis_002722,Sofia Iyer,2026-04-13,Mon,13,2026-04,gmail.com,1,Data Scientist,Outside Campus,invite_code,Individual Contributor,referral,referral,referral,partner_aiweekly,tablet,United States,California,SaaS / Software,11-50,Cost Optimization,1,0,0,5,1,1,2026-04-15,2,1,2026-04-15,2,131,37,1,33,3167069,10.24,2026-08-14,1,
usr_00189,vis_002758,Chen Silva,2026-04-15,Wed,13,2026-04,company.com,1,Product Manager,Outside Campus,open_beta,Team Lead,social_twitter,social_twitter,social,llm_observability_buzz,desktop,United States,California,Enterprise IT,201-1000,Security & Compliance,0,0,1,4,1,1,2026-04-15,0,0,,,,,0,0,0,0.0,,0,
usr_00190,vis_002783,Tomas Johnson,2026-04-14,Tue,7,2026-04,gmail.com,1,Founder / Exec,Outside Campus,invite_code,Individual Contributor,organic_search,organic_search,organic,none,desktop,United States,California,E-commerce,201-1000,Security & Compliance,1,0,0,5,1,1,2026-04-16,2,1,2026-04-16,2,8,149,1,3,216308,0.59,2026-04-24,0,8
usr_00191,vis_002790,Tomas Novak,2026-04-15,Wed,9,2026-04,company.com,0,Security Engineer,Outside Campus,open_beta,Executive,organic_search,organic_search,organic,none,desktop,Japan,Tokyo,E-commerce,11-50,Cost Optimization,0,0,1,5,1,1,2026-04-15,0,1,2026-04-15,0,52,107,1,12,1459531,4.6,2026-06-05,0,9
usr_00194,vis_002889,Lucas Garcia,2026-04-17,Fri,22,2026-04,gmail.com,0,Security Engineer,Outside Campus,open_beta,Individual Contributor,linkedin,linkedin,social,b2b_mlsops_q2,desktop,United States,California,E-commerce,11-50,Quality Assurance,0,0,2,2,0,1,2026-04-17,0,1,2026-04-17,0,156,4,0,36,2750141,7.05,2026-09-16,1,7
usr_00197,vis_002910,Chen Johnson,2026-04-16,Thu,10,2026-04,gmail.com,1,Product Manager,Outside Campus,invite_code,Team Lead,referral,referral,referral,partner_aiweekly,desktop,United Kingdom,England,Healthcare,1-10,Quality Assurance,1,0,0,4,1,1,2026-04-16,0,1,2026-04-18,2,60,97,1,9,927024,6.53,2026-06-15,0,
usr_00200,vis_002963,Liam Muller,2026-04-24,Fri,22,2026-04,company.com,1,Product Manager,Outside Campus,open_beta,Team Lead,direct,(direct),none,none,desktop,Netherlands,North Holland,Consulting / Agency,1-10,Performance Monitoring,0,0,8,3,0,0,,,0,,,,,0,0,0,0.0,,0,
usr_00201,vis_002964,Aisha Verma,2026-04-17,Fri,13,2026-04,gmail.com,1,Data Scientist,Outside Campus,open_beta,Team Lead,social_twitter,social_twitter,social,llm_observability_buzz,mobile,United States,California,SaaS / Software,11-50,Cost Optimization,0,0,1,3,0,1,2026-04-17,0,1,2026-04-21,4,16,136,1,5,420235,1.56,2026-05-07,0,8
usr_00203,vis_003070,Diego Verma,2026-04-18,Sat,9,2026-04,company.com,1,ML Engineer,Outside Campus,open_beta,Executive,paid_search,paid_search,cpc,brand_llm_monitoring,mobile,Israel,Tel Aviv,Enterprise IT,201-1000,Security & Compliance,0,0,0,0,0,1,2026-04-22,4,0,,,,,0,0,0,0.0,,0,
usr_00206,vis_003116,Diego Lindqvist,2026-04-19,Sun,19,2026-04,gmail.com,1,Product Manager,Outside Campus,open_beta,Individual Contributor,paid_search,paid_search,cpc,brand_llm_monitoring,desktop,India,Karnataka,FinTech,51-200,Performance Monitoring,0,0,0,5,1,0,,,0,,,,,0,0,0,0.0,,0,
usr_00207,vis_003149,Maya Ali,2026-04-20,Mon,21,2026-04,company.com,1,ML Engineer,Outside Campus,open_beta,Team Lead,organic_search,organic_search,organic,none,mobile,United States,New York,SaaS / Software,11-50,Research & Experimentation,0,0,1,5,1,1,2026-04-21,1,1,2026-04-22,2,133,18,0,48,4587073,2.79,2026-09-02,1,7
usr_00208,vis_003158,Ethan Ali,2026-04-25,Sat,15,2026-04,gmail.com,1,ML Engineer,Outside Campus,waitlist,Individual Contributor,hackernews,hackernews,social,show_hn_launch,desktop,United States,California,FinTech,1-10,Cost Optimization,0,0,5,5,1,1,2026-04-25,0,1,2026-04-26,1,146,13,0,44,5061409,14.04,2026-09-07,1,
usr_00210,vis_003179,Rahul Haddad,2026-04-20,Mon,14,2026-04,company.com,1,ML Engineer,Outside Campus,invite_code,Manager,paid_search,paid_search,cpc,brand_llm_monitoring,desktop,Australia,New South Wales,Media & Gaming,1-10,Security & Compliance,1,0,0,2,0,0,,,0,,,,,0,0,0,0.0,,0,
usr_00211,vis_003209,Arjun Garcia,2026-04-21,Tue,20,2026-04,outlook.com,1,Product Manager,Outside Campus,open_beta,Individual Contributor,hackernews,hackernews,social,show_hn_launch,desktop,South Korea,Seoul,Enterprise IT,51-200,Performance Monitoring,0,0,1,5,1,0,,,0,,,,,0,0,0,0.0,,0,
usr_00212,vis_003222,Ethan Brown,2026-04-21,Tue,22,2026-04,gmail.com,1,Data Scientist,Outside Campus,open_beta,Manager,paid_search,paid_search,cpc,brand_llm_monitoring,desktop,Germany,Bavaria,E-commerce,1000+,Cost Optimization,0,0,1,5,1,1,2026-04-21,0,0,,,,,0,0,0,0.0,,0,
usr_00214,vis_003267,Chen Wang,2026-04-24,Fri,14,2026-04,gmail.com,1,Founder / Exec,Outside Campus,open_beta,Team Lead,direct,(direct),none,none,desktop,Singapore,Central,Research Lab / Academia,1-10,Security & Compliance,0,0,3,5,1,1,2026-05-03,9,1,2026-05-04,10,49,90,1,13,1035329,7.8,2026-06-22,0,9
usr_00215,vis_003281,Sofia Sharma,2026-04-23,Thu,19,2026-04,gmail.com,1,Product Manager,Outside Campus,waitlist,Team Lead,organic_search,organic_search,organic,none,desktop,India,Karnataka,SaaS / Software,11-50,Performance Monitoring,0,0,2,3,0,0,,,0,,,,,0,0,0,0.0,,0,
usr_00218,vis_003296,Lucas Lindqvist,2026-04-22,Wed,10,2026-04,gmail.com,1,Data Scientist,Outside Campus,open_beta,Individual Contributor,linkedin,linkedin,social,b2b_mlsops_q2,mobile,United States,California,SaaS / Software,51-200,Security & Compliance,0,0,1,5,1,0,,,0,,,,,0,0,0,0.0,,0,
usr_00219,vis_003310,Sofia Novak,2026-04-21,Tue,15,2026-04,university.edu,1,Founder / Exec,Outside Campus,open_beta,Team Lead,organic_search,organic_search,organic,none,desktop,Germany,Bavaria,SaaS / Software,11-50,Quality Assurance,0,0,0,5,1,0,,,0,,,,,0,0,0,0.0,,0,
usr_00221,vis_003340,Chen Novak,2026-04-22,Wed,7,2026-04,gmail.com,1,Researcher,Outside Campus,open_beta,Manager,referral,referral,referral,partner_aiweekly,desktop,India,Karnataka,SaaS / Software,11-50,Research & Experimentation,1,0,0,5,1,0,,,0,,,,,0,0,0,0.0,,0,
usr_00222,vis_003347,Lucas Wang,2026-04-22,Wed,21,2026-04,gmail.com,1,Researcher,Outside Campus,invite_code,Individual Contributor,direct,(direct),none,none,desktop,Japan,Tokyo,Enterprise IT,11-50,Security & Compliance,1,0,0,5,1,1,2026-04-23,1,1,2026-04-25,3,72,76,1,21,1931993,8.41,2026-07-06,0,9
usr_00223,vis_003350,Tomas Walker,2026-04-22,Wed,22,2026-04,company.com,1,Data Scientist,Outside Campus,open_beta,Team Lead,direct,(direct),none,none,desktop,United States,California,Research Lab / Academia,1-10,Quality Assurance,0,0,0,5,1,1,2026-04-23,1,1,2026-04-24,2,54,97,1,21,1191865,0.68,2026-06-15,0,
usr_00225,vis_003362,Ethan Smith,2026-04-22,Wed,21,2026-04,gmail.com,1,Data Scientist,Outside Campus,waitlist,Individual Contributor,social_twitter,social_twitter,social,llm_observability_buzz,mobile,Germany,Bavaria,Consulting / Agency,11-50,Security & Compliance,0,0,0,5,1,1,2026-04-25,3,1,2026-04-26,4,96,52,1,35,2921500,19.41,2026-07-30,1,6
usr_00226,vis_003370,Yuki Wang,2026-04-22,Wed,14,2026-04,company.com,1,ML Engineer,Outside Campus,waitlist,Manager,direct,(direct),none,none,desktop,United States,California,E-commerce,11-50,Research & Experimentation,0,1,0,3,0,0,,,0,,,,,0,0,0,0.0,,0,
usr_00227,vis_003374,Omar Petrova,2026-04-22,Wed,22,2026-04,proton.me,1,Product Manager,Outside Campus,open_beta,Executive,paid_search,paid_search,cpc,brand_llm_monitoring,desktop,France,Ile-de-France,SaaS / Software,1-10,Quality Assurance,0,0,0,5,1,1,2026-04-23,1,1,2026-04-24,2,104,57,1,13,1672782,5.01,2026-07-25,0,
usr_00228,vis_003397,Diego Petrova,2026-04-22,Wed,7,2026-04,gmail.com,1,ML Engineer,Outside Campus,open_beta,Team Lead,hackernews,hackernews,social,show_hn_launch,desktop,India,Karnataka,Enterprise IT,51-200,Security & Compliance,0,0,0,5,1,1,2026-04-23,1,0,,,,,0,0,0,0.0,,0,
usr_00229,vis_003407,Priya Brown,2026-04-22,Wed,22,2026-04,company.com,1,ML Engineer,Outside Campus,open_beta,Individual Contributor,newsletter,newsletter,email,beta_waitlist,desktop,Spain,Catalonia,Media & Gaming,201-1000,Performance Monitoring,0,0,0,5,1,0,,,0,,,,,0,0,0,0.0,,0,
usr_00230,vis_003412,Maya Muller,2026-04-23,Thu,13,2026-04,gmail.com,1,Data Scientist,Outside Campus,open_beta,Individual Contributor,linkedin,linkedin,social,b2b_mlsops_q2,desktop,India,Karnataka,FinTech,51-200,Research & Experimentation,0,0,0,5,1,0,,,0,,,,,0,0,0,0.0,,0,
usr_00231,vis_003431,Nadia Brown,2026-04-23,Thu,17,2026-04,outlook.com,0,ML Engineer,Outside Campus,open_beta,Manager,organic_search,organic_search,organic,none,desktop,United States,California,Research Lab / Academia,11-50,Security & Compliance,0,0,0,3,0,1,2026-04-24,1,1,2026-04-24,1,149,0,0,45,4275907,25.66,2026-09-20,1,8
usr_00232,vis_003432,Ethan Costa,2026-04-25,Sat,20,2026-04,company.com,1,ML Engineer,Outside Campus,open_beta,Individual Contributor,hackernews,hackernews,social,show_hn_launch,desktop,India,Karnataka,Research Lab / Academia,1-10,Research & Experimentation,0,0,2,5,1,1,2026-04-26,1,1,2026-04-26,1,59,93,1,24,1752338,7.92,2026-06-19,0,7
usr_00233,vis_003439,Rahul Walker,2026-04-23,Thu,19,2026-04,gmail.com,1,ML Engineer,Outside Campus,invite_code,Individual Contributor,social_twitter,social_twitter,social,llm_observability_buzz,desktop,United Kingdom,England,Enterprise IT,1-10,Quality Assurance,1,0,0,5,1,1,2026-04-25,2,1,2026-04-28,5,25,123,1,17,1073291,6.74,2026-05-20,0,10
usr_00234,vis_003463,Maya Wang,2026-04-23,Thu,16,2026-04,gmail.com,1,Data Scientist,Outside Campus,open_beta,Individual Contributor,direct,(direct),none,none,desktop,United States,New York,Consulting / Agency,51-200,Research & Experimentation,0,0,0,5,1,1,2026-04-24,1,1,2026-04-28,5,7,138,1,7,612345,2.51,2026-05-05,0,7
usr_00237,vis_003482,Yuki Walker,2026-04-23,Thu,7,2026-04,gmail.com,1,Data Scientist,Outside Campus,open_beta,Manager,linkedin,linkedin,social,b2b_mlsops_q2,desktop,Germany,Bavaria,SaaS / Software,11-50,Performance Monitoring,0,0,0,5,1,1,2026-04-23,0,1,2026-04-23,0,77,73,1,34,2709544,18.27,2026-07-09,1,7
usr_00238,vis_003515,Sofia Tanaka,2026-04-24,Fri,11,2026-04,gmail.com,0,ML Engineer,Outside Campus,open_beta,Individual Contributor,direct,(direct),none,none,mobile,United Kingdom,England,Consulting / Agency,1-10,Performance Monitoring,0,0,0,5,1,0,,,0,,,,,0,0,0,0.0,,0,
usr_00240,vis_003565,Lucas Petrova,2026-04-25,Sat,22,2026-04,outlook.com,1,ML Engineer,Outside Campus,open_beta,Individual Contributor,newsletter,newsletter,email,beta_waitlist,tablet,Singapore,Central,Enterprise IT,1-10,Quality Assurance,0,0,1,5,1,1,2026-04-27,2,1,2026-04-28,3,52,93,1,26,1680006,7.37,2026-06-19,1,6
usr_00241,vis_003566,Liam Tanaka,2026-04-25,Sat,11,2026-04,company.com,1,Data Scientist,Outside Campus,waitlist,Team Lead,direct,(direct),none,none,tablet,Brazil,Sao Paulo,Enterprise IT,11-50,Performance Monitoring,0,0,1,0,0,1,2026-04-25,0,0,,,,,0,0,0,0.0,,0,
usr_00242,vis_003604,Omar Verma,2026-04-25,Sat,11,2026-04,company.com,0,ML Engineer,Outside Campus,open_beta,Executive,hackernews,hackernews,social,show_hn_launch,desktop,United States,California,Consulting / Agency,51-200,Security & Compliance,0,0,0,5,1,0,,,0,,,,,0,0,0,0.0,,0,
usr_00243,vis_003615,Nadia Khan,2026-04-25,Sat,12,2026-04,company.com,1,Researcher,Outside Campus,invite_code,Individual Contributor,linkedin,linkedin,social,b2b_mlsops_q2,desktop,Canada,Ontario,SaaS / Software,1-10,Quality Assurance,1,0,0,4,1,1,2026-04-26,1,1,2026-04-26,1,83,66,1,31,3487183,26.07,2026-07-16,1,9
usr_00246,vis_003677,Noah Khan,2026-04-28,Tue,18,2026-04,gmail.com,1,Security Engineer,Outside Campus,invite_code,Individual Contributor,organic_search,organic_search,organic,none,desktop,South Korea,Seoul,FinTech,1-10,Cost Optimization,1,0,2,5,1,1,2026-04-28,0,1,2026-04-29,1,144,2,0,37,3295187,3.67,2026-09-18,1,10
usr_00248,vis_003689,Ingrid Novak,2026-04-26,Sun,20,2026-04,gmail.com,0,ML Engineer,Outside Campus,invite_code,Individual Contributor,referral,referral,referral,partner_aiweekly,desktop,India,Karnataka,SaaS / Software,51-200,Performance Monitoring,1,0,0,5,1,1,2026-04-26,0,1,2026-04-26,0,3,144,1,2,597884,1.99,2026-04-29,0,7
usr_00249,vis_003690,Aisha Nair,2026-04-26,Sun,21,2026-04,gmail.com,1,ML Engineer,Outside Campus,waitlist,Manager,newsletter,newsletter,email,beta_waitlist,desktop,Netherlands,North Holland,FinTech,1-10,Performance Monitoring,0,0,0,4,1,1,2026-04-27,1,1,2026-04-28,2,145,12,0,44,4714841,20.74,2026-09-08,1,
usr_00250,vis_003713,Zoe Wang,2026-04-27,Mon,9,2026-04,company.com,1,ML Engineer,Outside Campus,invite_code,Executive,newsletter,newsletter,email,beta_waitlist,desktop,India,Karnataka,Enterprise IT,1-10,Quality Assurance,1,0,0,1,0,1,2026-04-27,0,1,2026-05-03,6,40,101,1,27,2313287,7.12,2026-06-11,1,10
usr_00255,vis_003776,Noah Kim,2026-04-27,Mon,14,2026-04,gmail.com,1,Product Manager,Outside Campus,open_beta,Manager,organic_search,organic_search,organic,none,desktop,United States,California,FinTech,51-200,Performance Monitoring,0,0,0,5,1,1,2026-04-28,1,1,2026-04-28,1,26,119,1,7,425384,1.78,2026-05-24,0,10
usr_00256,vis_003779,Ingrid Yamamoto,2026-04-27,Mon,9,2026-04,outlook.com,0,ML Engineer,Outside Campus,waitlist,Team Lead,social_twitter,social_twitter,social,llm_observability_buzz,desktop,India,Karnataka,Media & Gaming,1-10,Cost Optimization,0,0,0,4,1,1,2026-04-27,0,1,2026-04-27,0,13,135,1,9,668690,2.53,2026-05-08,0,
usr_00258,vis_003790,Diego Silva,2026-04-28,Tue,10,2026-04,outlook.com,1,Data Scientist,Outside Campus,open_beta,Manager,referral,referral,referral,partner_aiweekly,desktop,United States,New York,SaaS / Software,51-200,Performance Monitoring,1,1,0,5,1,0,,,0,,,,,0,0,0,0.0,,0,
usr_00259,vis_003826,Diego Iyer,2026-05-03,Sun,9,2026-05,gmail.com,1,ML Engineer,Outside Campus,open_beta,Individual Contributor,organic_search,organic_search,organic,none,desktop,United States,California,Media & Gaming,11-50,Security & Compliance,0,0,5,5,1,1,2026-05-10,7,1,2026-05-11,8,132,16,0,45,3118981,11.68,2026-09-04,1,8
usr_00260,vis_003829,Fatima Silva,2026-04-29,Wed,9,2026-04,gmail.com,1,Data Scientist,Outside Campus,open_beta,Manager,newsletter,newsletter,email,beta_waitlist,desktop,Australia,New South Wales,E-commerce,1-10,Quality Assurance,0,0,1,5,1,1,2026-04-29,0,1,2026-04-29,0,72,75,1,24,1880476,11.9,2026-07-07,0,
usr_00261,vis_003837,Priya Garcia,2026-05-01,Fri,17,2026-05,gmail.com,1,Product Manager,Outside Campus,waitlist,Manager,social_twitter,social_twitter,social,llm_observability_buzz,tablet,India,Karnataka,Consulting / Agency,1-10,Cost Optimization,0,0,3,5,1,0,,,0,,,,,0,0,0,0.0,,0,
usr_00262,vis_003849,Elena Silva,2026-04-28,Tue,10,2026-04,outlook.com,1,Security Engineer,Outside Campus,waitlist,Team Lead,hackernews,hackernews,social,show_hn_launch,desktop,United States,California,SaaS / Software,1-10,Cost Optimization,0,0,0,5,1,0,,,0,,,,,0,0,0,0.0,,0,
usr_00263,vis_003872,Yuki Rossi,2026-04-28,Tue,22,2026-04,gmail.com,1,Researcher,Outside Campus,waitlist,Individual Contributor,newsletter,newsletter,email,beta_waitlist,desktop,India,Karnataka,Consulting / Agency,51-200,Research & Experimentation,0,0,0,5,1,1,2026-04-28,0,1,2026-04-28,0,23,122,1,6,617986,3.33,2026-05-21,0,5
usr_00265,vis_003881,Priya Verma,2026-04-29,Wed,14,2026-04,university.edu,1,Product Manager,Outside Campus,open_beta,Individual Contributor,organic_search,organic_search,organic,none,desktop,Germany,Bavaria,Media & Gaming,1-10,Cost Optimization,0,1,0,5,1,0,,,0,,,,,0,0,0,0.0,,0,
usr_00266,vis_003891,Aisha Ali,2026-04-29,Wed,20,2026-04,company.com,1,ML Engineer,Outside Campus,open_beta,Individual Contributor,social_twitter,social_twitter,social,llm_observability_buzz,desktop,India,Karnataka,FinTech,51-200,Research & Experimentation,0,0,0,4,1,1,2026-04-30,1,1,2026-05-01,2,20,130,1,3,141860,0.33,2026-05-13,0,9
usr_00269,vis_003921,Rahul Tanaka,2026-05-04,Mon,14,2026-05,gmail.com,1,Data Scientist,Outside Campus,open_beta,Individual Contributor,referral,referral,referral,partner_aiweekly,desktop,Singapore,Central,SaaS / Software,51-200,Quality Assurance,1,1,5,0,0,1,2026-05-07,3,0,,,,,0,0,0,0.0,,0,
usr_00271,vis_003976,Priya Walker,2026-05-01,Fri,17,2026-05,gmail.com,1,Founder / Exec,Outside Campus,open_beta,Individual Contributor,social_twitter,social_twitter,social,llm_observability_buzz,desktop,United Kingdom,England,Consulting / Agency,1000+,Security & Compliance,0,0,1,3,0,0,,,0,,,,,0,0,0,0.0,,0,
usr_00272,vis_004009,Hassan Brown,2026-04-30,Thu,11,2026-04,gmail.com,1,Data Scientist,Outside Campus,open_beta,Individual Contributor,direct,(direct),none,none,desktop,Germany,Bavaria,FinTech,1-10,Cost Optimization,0,0,0,1,0,0,,,0,,,,,0,0,0,0.0,,0,
usr_00274,vis_004027,Yuki Khan,2026-04-30,Thu,12,2026-04,outlook.com,1,ML Engineer,Outside Campus,open_beta,Individual Contributor,newsletter,newsletter,email,beta_waitlist,desktop,India,Karnataka,Consulting / Agency,1-10,Performance Monitoring,0,0,0,5,1,0,,,0,,,,,0,0,0,0.0,,0,
usr_00275,vis_004055,Noah Wang,2026-04-30,Thu,9,2026-04,gmail.com,1,Data Scientist,Outside Campus,open_beta,Team Lead,paid_search,paid_search,cpc,brand_llm_monitoring,desktop,United States,California,E-commerce,11-50,Security & Compliance,0,0,0,4,1,1,2026-04-30,0,1,2026-04-30,0,21,122,1,12,1081081,7.96,2026-05-21,0,
usr_00277,vis_004071,Sofia Muller,2026-05-01,Fri,15,2026-05,gmail.com,1,Product Manager,Outside Campus,open_beta,Individual Contributor,referral,referral,referral,partner_aiweekly,desktop,United States,California,E-commerce,1000+,Cost Optimization,1,0,0,1,0,0,,,0,,,,,0,0,0,0.0,,0,
usr_00278,vis_004129,Tomas Petrova,2026-05-01,Fri,18,2026-05,company.com,1,Researcher,Outside Campus,open_beta,Individual Contributor,linkedin,linkedin,social,b2b_mlsops_q2,desktop,Brazil,Sao Paulo,Media & Gaming,1-10,Cost Optimization,0,0,0,5,1,1,2026-05-01,0,1,2026-05-04,3,139,5,0,33,3264437,11.87,2026-09-15,1,6
usr_00279,vis_004139,Noah Smith,2026-05-02,Sat,19,2026-05,gmail.com,1,Product Manager,Outside Campus,invite_code,Team Lead,newsletter,newsletter,email,beta_waitlist,desktop,United States,California,SaaS / Software,1000+,Security & Compliance,1,0,1,5,1,1,2026-05-04,2,1,2026-05-04,2,10,131,1,5,303741,0.43,2026-05-12,0,9
usr_00280,vis_004146,Ethan Haddad,2026-05-02,Sat,21,2026-05,company.com,1,Security Engineer,Outside Campus,open_beta,Executive,paid_search,paid_search,cpc,brand_llm_monitoring,desktop,United States,California,SaaS / Software,1-10,Performance Monitoring,0,0,0,4,1,1,2026-05-02,0,1,2026-05-04,2,139,2,0,38,3538618,21.61,2026-09-18,1,9
usr_00281,vis_004172,Lucas Novak,2026-05-02,Sat,12,2026-05,outlook.com,1,ML Engineer,Outside Campus,open_beta,Individual Contributor,direct,(direct),none,none,desktop,United States,California,E-commerce,51-200,Performance Monitoring,0,0,0,4,1,1,2026-05-02,0,1,2026-05-04,2,88,52,1,27,2072715,10.92,2026-07-30,1,
usr_00282,vis_004182,Aisha Muller,2026-05-02,Sat,17,2026-05,gmail.com,1,Product Manager,Outside Campus,waitlist,Individual Contributor,social_twitter,social_twitter,social,llm_observability_buzz,desktop,United States,California,Research Lab / Academia,1000+,Security & Compliance,0,0,0,5,1,0,,,0,,,,,0,0,0,0.0,,0,
usr_00284,vis_004227,Zoe Sharma,2026-05-08,Fri,19,2026-05,gmail.com,1,Founder / Exec,Outside Campus,open_beta,Executive,newsletter,newsletter,email,beta_waitlist,desktop,United States,New York,Enterprise IT,1-10,Cost Optimization,0,0,5,5,1,0,,,0,,,,,0,0,0,0.0,,0,
usr_00285,vis_004237,Mei Smith,2026-05-03,Sun,13,2026-05,gmail.com,0,Product Manager,Outside Campus,waitlist,Individual Contributor,hackernews,hackernews,social,show_hn_launch,mobile,Brazil,Sao Paulo,Consulting / Agency,1-10,Cost Optimization,0,0,0,5,1,0,,,0,,,,,0,0,0,0.0,,0,
usr_00286,vis_004245,Omar Sharma,2026-05-03,Sun,15,2026-05,company.com,1,ML Engineer,Outside Campus,invite_code,Individual Contributor,direct,(direct),none,none,desktop,India,Karnataka,SaaS / Software,1-10,Performance Monitoring,1,0,0,1,0,1,2026-05-03,0,1,2026-05-03,0,26,118,1,10,816103,2.98,2026-05-25,0,
usr_00287,vis_004257,Noah Nair,2026-05-04,Mon,8,2026-05,company.com,0,Founder / Exec,Outside Campus,open_beta,Individual Contributor,newsletter,newsletter,email,beta_waitlist,desktop,United States,California,Consulting / Agency,11-50,Cost Optimization,0,0,0,5,1,1,2026-05-04,0,1,2026-05-04,0,44,104,1,10,920251,0.61,2026-06-08,0,
usr_00288,vis_004258,Zoe Garcia,2026-05-04,Mon,18,2026-05,company.com,1,Product Manager,Outside Campus,waitlist,Individual Contributor,referral,referral,referral,partner_aiweekly,desktop,United States,California,Enterprise IT,1-10,Performance Monitoring,1,0,0,5,1,1,2026-05-05,1,1,2026-05-05,1,10,128,1,1,70355,0.19,2026-05-15,0,9
usr_00290,vis_004276,Yuki Garcia,2026-05-04,Mon,22,2026-05,university.edu,1,ML Engineer,Outside Campus,open_beta,Manager,organic_search,organic_search,organic,none,desktop,Singapore,Central,Consulting / Agency,201-1000,Quality Assurance,0,0,0,5,1,1,2026-05-07,3,0,,,,,0,0,0,0.0,,0,
usr_00291,vis_004283,Noah Iyer,2026-05-09,Sat,8,2026-05,gmail.com,1,Security Engineer,Outside Campus,waitlist,Individual Contributor,linkedin,linkedin,social,b2b_mlsops_q2,desktop,United States,New York,Media & Gaming,1-10,Cost Optimization,0,0,5,5,1,0,,,0,,,,,0,0,0,0.0,,0,
usr_00292,vis_004303,Rahul Sato,2026-05-04,Mon,15,2026-05,gmail.com,1,Security Engineer,Outside Campus,waitlist,Individual Contributor,organic_search,organic_search,organic,none,desktop,Israel,Tel Aviv,SaaS / Software,11-50,Performance Monitoring,0,0,0,5,1,1,2026-05-05,1,1,2026-05-05,1,89,57,1,33,3395576,10.93,2026-07-25,1,8
usr_00293,vis_004309,Lucas Novak,2026-05-04,Mon,22,2026-05,outlook.com,0,Data Scientist,Outside Campus,open_beta,Individual Contributor,newsletter,newsletter,email,beta_waitlist,mobile,India,Karnataka,SaaS / Software,11-50,Quality Assurance,0,0,0,5,1,0,,,0,,,,,0,0,0,0.0,,0,
usr_00294,vis_004343,Priya Garcia,2026-05-04,Mon,17,2026-05,company.com,1,Data Scientist,Outside Campus,invite_code,Individual Contributor,referral,referral,referral,partner_aiweekly,desktop,Canada,Ontario,SaaS / Software,1000+,Security & Compliance,1,0,0,0,0,0,,,0,,,,,0,0,0,0.0,,0,
usr_00295,vis_004349,Arjun Silva,2026-05-06,Wed,9,2026-05,company.com,1,Product Manager,Outside Campus,open_beta,Individual Contributor,organic_search,organic_search,organic,none,desktop,United States,California,SaaS / Software,1-10,Cost Optimization,0,0,1,4,1,0,,,0,,,,,0,0,0,0.0,,0,
usr_00296,vis_004353,Liam Verma,2026-05-05,Tue,20,2026-05,gmail.com,1,Founder / Exec,Outside Campus,invite_code,Individual Contributor,social_twitter,social_twitter,social,llm_observability_buzz,desktop,United States,California,FinTech,1-10,Performance Monitoring,1,0,0,5,1,1,2026-05-06,1,0,,,,,0,0,0,0.0,,0,
usr_00298,vis_004362,Maya Brown,2026-05-10,Sun,7,2026-05,gmail.com,1,Founder / Exec,Outside Campus,open_beta,Individual Contributor,linkedin,linkedin,social,b2b_mlsops_q2,desktop,Germany,Bavaria,Research Lab / Academia,1-10,Cost Optimization,0,0,5,5,1,1,2026-05-10,0,1,2026-05-11,1,16,117,1,3,208064,1.53,2026-05-26,0,9
usr_00300,vis_004397,Elena Silva,2026-05-05,Tue,15,2026-05,gmail.com,1,ML Engineer,Outside Campus,open_beta,Executive,hackernews,hackernews,social,show_hn_launch,desktop,United States,California,E-commerce,11-50,Performance Monitoring,0,0,0,5,1,1,2026-05-05,0,1,2026-05-05,0,138,7,0,46,4383691,19.33,2026-09-13,1,9
usr_00301,vis_004409,Arjun Ali,2026-05-10,Sun,22,2026-05,company.com,1,Product Manager,Outside Campus,invite_code,Individual Contributor,newsletter,newsletter,email,beta_waitlist,desktop,United States,California,E-commerce,51-200,Security & Compliance,1,0,5,4,1,0,,,0,,,,,0,0,0,0.0,,0,
usr_00302,vis_004429,Emma Kim,2026-05-05,Tue,13,2026-05,proton.me,1,Security Engineer,Outside Campus,invite_code,Individual Contributor,newsletter,newsletter,email,beta_waitlist,desktop,India,Karnataka,Enterprise IT,11-50,Security & Compliance,1,0,0,4,1,1,2026-05-05,0,1,2026-05-05,0,47,91,1,13,1629100,1.68,2026-06-21,0,10
usr_00305,vis_004492,Ethan Novak,2026-05-07,Thu,18,2026-05,company.com,1,ML Engineer,Outside Campus,waitlist,Individual Contributor,hackernews,hackernews,social,show_hn_launch,desktop,Israel,Tel Aviv,SaaS / Software,201-1000,Cost Optimization,0,0,1,5,1,1,2026-05-09,2,0,,,,,0,0,0,0.0,,0,
usr_00306,vis_004498,Chen Nair,2026-05-06,Wed,13,2026-05,gmail.com,1,ML Engineer,Outside Campus,waitlist,Individual Contributor,organic_search,organic_search,organic,none,desktop,United Kingdom,England,Consulting / Agency,11-50,Security & Compliance,0,0,0,5,1,1,2026-05-08,2,1,2026-05-08,2,30,107,1,23,1695622,4.55,2026-06-05,0,10
usr_00307,vis_004505,Liam Sharma,2026-05-08,Fri,19,2026-05,company.com,1,Researcher,Outside Campus,open_beta,Individual Contributor,direct,(direct),none,none,desktop,South Korea,Seoul,SaaS / Software,1-10,Security & Compliance,0,0,2,5,1,1,2026-05-11,3,1,2026-05-11,3,49,87,1,10,608940,2.86,2026-06-25,0,9
usr_00308,vis_004520,Omar Wang,2026-05-08,Fri,20,2026-05,outlook.com,1,Founder / Exec,Outside Campus,open_beta,Team Lead,direct,(direct),none,none,desktop,United States,California,SaaS / Software,1-10,Performance Monitoring,0,0,2,5,1,0,,,0,,,,,0,0,0,0.0,,0,
usr_00309,vis_004525,Hassan Brown,2026-05-07,Thu,12,2026-05,gmail.com,1,ML Engineer,Outside Campus,invite_code,Executive,referral,referral,referral,partner_aiweekly,desktop,Canada,Ontario,SaaS / Software,51-200,Security & Compliance,1,0,1,5,1,0,,,0,,,,,0,0,0,0.0,,0,
usr_00310,vis_004552,Priya Novak,2026-05-07,Thu,21,2026-05,gmail.com,0,Security Engineer,Outside Campus,open_beta,Individual Contributor,hackernews,hackernews,social,show_hn_launch,desktop,Germany,Bavaria,Healthcare,11-50,Security & Compliance,0,1,0,4,1,1,2026-05-07,0,1,2026-05-08,1,99,36,1,34,4177165,14.17,2026-08-15,1,8
usr_00312,vis_004565,Rahul Sato,2026-05-07,Thu,14,2026-05,company.com,1,Researcher,Outside Campus,invite_code,Individual Contributor,direct,(direct),none,none,desktop,United Kingdom,England,Consulting / Agency,51-200,Research & Experimentation,1,0,0,3,0,0,,,0,,,,,0,0,0,0.0,,0,
usr_00313,vis_004586,Sofia Smith,2026-05-07,Thu,18,2026-05,gmail.com,0,Researcher,Outside Campus,open_beta,Executive,organic_search,organic_search,organic,none,desktop,United States,California,E-commerce,1-10,Quality Assurance,0,0,0,5,1,1,2026-05-11,4,1,2026-05-12,5,45,86,1,12,630950,4.1,2026-06-26,0,9
usr_00314,vis_004589,Noah Costa,2026-05-09,Sat,13,2026-05,gmail.com,1,Product Manager,Outside Campus,invite_code,Team Lead,organic_search,organic_search,organic,none,desktop,Singapore,Central,Enterprise IT,51-200,Performance Monitoring,1,0,2,5,1,1,2026-05-09,0,1,2026-05-09,0,65,69,1,16,1311424,5.35,2026-07-13,0,8
usr_00315,vis_004642,Ingrid Brown,2026-05-09,Sat,21,2026-05,gmail.com,1,ML Engineer,Outside Campus,open_beta,Manager,hackernews,hackernews,social,show_hn_launch,desktop,India,Karnataka,Healthcare,1-10,Performance Monitoring,0,1,1,4,1,1,2026-05-09,0,1,2026-05-09,0,110,34,1,35,1918470,7.05,2026-08-17,1,6
usr_00316,vis_004652,Kenji Tanaka,2026-05-11,Mon,21,2026-05,company.com,1,ML Engineer,Outside Campus,open_beta,Executive,organic_search,organic_search,organic,none,desktop,Poland,Mazovia,Consulting / Agency,1-10,Cost Optimization,0,0,3,5,1,1,2026-05-14,3,1,2026-05-14,3,4,127,1,1,104199,0.2,2026-05-16,0,7
usr_00317,vis_004668,Ingrid Kim,2026-05-11,Mon,14,2026-05,gmail.com,1,Security Engineer,Outside Campus,open_beta,Executive,social_twitter,social_twitter,social,llm_observability_buzz,mobile,United States,California,Media & Gaming,11-50,Research & Experimentation,0,0,3,0,0,1,2026-05-14,3,1,2026-05-16,5,29,98,1,15,2011492,3.9,2026-06-14,0,6
usr_00319,vis_004698,Arjun Haddad,2026-05-08,Fri,17,2026-05,university.edu,1,Data Scientist,Outside Campus,open_beta,Individual Contributor,hackernews,hackernews,social,show_hn_launch,desktop,Canada,Ontario,Healthcare,11-50,Security & Compliance,0,0,0,4,1,1,2026-05-09,1,0,,,,,0,0,0,0.0,,0,
usr_00320,vis_004702,Diego Lindqvist,2026-05-08,Fri,16,2026-05,company.com,1,Product Manager,Outside Campus,invite_code,Individual Contributor,referral,referral,referral,partner_aiweekly,desktop,United Kingdom,England,FinTech,51-200,Performance Monitoring,1,0,0,4,1,1,2026-05-08,0,1,2026-05-08,0,23,112,1,8,829296,3.49,2026-05-31,0,9
usr_00321,vis_004704,Aisha Kim,2026-05-08,Fri,12,2026-05,gmail.com,1,Product Manager,Outside Campus,invite_code,Individual Contributor,paid_search,paid_search,cpc,brand_llm_monitoring,desktop,Singapore,Central,Consulting / Agency,11-50,Security & Compliance,1,0,0,4,1,0,,,0,,,,,0,0,0,0.0,,0,
usr_00323,vis_004731,Mei Muller,2026-05-09,Sat,13,2026-05,gmail.com,1,Data Scientist,Outside Campus,open_beta,Individual Contributor,newsletter,newsletter,email,beta_waitlist,desktop,Brazil,Sao Paulo,E-commerce,1-10,Security & Compliance,0,0,0,5,1,1,2026-05-16,7,1,2026-05-19,10,53,71,1,20,1015311,0.65,2026-07-11,0,8
usr_00324,vis_004743,Liam Nair,2026-05-17,Sun,10,2026-05,outlook.com,1,ML Engineer,Outside Campus,open_beta,Individual Contributor,referral,referral,referral,partner_aiweekly,desktop,Germany,Bavaria,Media & Gaming,1-10,Cost Optimization,1,0,8,5,1,1,2026-05-18,1,1,2026-05-22,5,121,5,0,38,2835842,17.01,2026-09-15,1,
usr_00325,vis_004751,Ethan Lindqvist,2026-05-09,Sat,9,2026-05,gmail.com,1,Data Scientist,Outside Campus,waitlist,Individual Contributor,linkedin,linkedin,social,b2b_mlsops_q2,desktop,India,Karnataka,Media & Gaming,51-200,Performance Monitoring,0,0,0,5,1,0,,,0,,,,,0,0,0,0.0,,0,
usr_00327,vis_004779,Chen Ali,2026-05-10,Sun,21,2026-05,gmail.com,1,Data Scientist,Outside Campus,invite_code,Individual Contributor,linkedin,linkedin,social,b2b_mlsops_q2,desktop,United Kingdom,England,SaaS / Software,1000+,Research & Experimentation,1,0,1,5,1,0,,,0,,,,,0,0,0,0.0,,0,
usr_00328,vis_004794,Elena Rossi,2026-05-10,Sun,7,2026-05,gmail.com,0,Security Engineer,Outside Campus,open_beta,Individual Contributor,direct,(direct),none,none,desktop,India,Karnataka,Enterprise IT,11-50,Cost Optimization,0,0,0,4,1,1,2026-05-10,0,1,2026-05-10,0,109,27,0,31,2595419,10.49,2026-08-24,1,9
usr_00330,vis_004853,Zoe Haddad,2026-05-11,Mon,19,2026-05,gmail.com,1,Founder / Exec,Outside Campus,open_beta,Individual Contributor,social_twitter,social_twitter,social,llm_observability_buzz,desktop,France,Ile-de-France,SaaS / Software,1-10,Security & Compliance,0,0,0,5,1,0,,,0,,,,,0,0,0,0.0,,0,
usr_00331,vis_004854,Liam Verma,2026-05-11,Mon,21,2026-05,gmail.com,1,Founder / Exec,Outside Campus,open_beta,Executive,hackernews,hackernews,social,show_hn_launch,desktop,France,Ile-de-France,SaaS / Software,1-10,Quality Assurance,0,0,0,5,1,0,,,0,,,,,0,0,0,0.0,,0,
usr_00332,vis_004875,Nadia Johnson,2026-05-13,Wed,20,2026-05,gmail.com,0,ML Engineer,Outside Campus,open_beta,Individual Contributor,referral,referral,referral,partner_aiweekly,desktop,United States,California,Media & Gaming,1-10,Cost Optimization,1,0,2,5,1,1,2026-05-13,0,1,2026-05-14,1,24,112,1,6,400685,0.25,2026-05-31,0,
usr_00335,vis_004935,Tomas Haddad,2026-05-14,Thu,20,2026-05,company.com,1,ML Engineer,Outside Campus,invite_code,Individual Contributor,linkedin,linkedin,social,b2b_mlsops_q2,desktop,Spain,Catalonia,FinTech,11-50,Research & Experimentation,1,0,3,5,1,1,2026-05-14,0,1,2026-05-16,2,9,119,1,8,323691,1.08,2026-05-24,0,10
usr_00339,vis_004960,Yuki Tanaka,2026-05-12,Tue,18,2026-05,outlook.com,1,Data Scientist,Outside Campus,invite_code,Team Lead,direct,(direct),none,none,desktop,India,Karnataka,FinTech,11-50,Security & Compliance,1,0,0,3,0,1,2026-05-12,0,1,2026-05-12,0,65,66,1,28,2498325,7.64,2026-07-16,1,
usr_00341,vis_004978,Maya Haddad,2026-05-14,Thu,17,2026-05,gmail.com,1,Researcher,Outside Campus,open_beta,Team Lead,hackernews,hackernews,social,show_hn_launch,desktop,United States,California,Enterprise IT,11-50,Cost Optimization,0,0,2,3,0,0,,,0,,,,,0,0,0,0.0,,0,
usr_00342,vis_004995,Priya Haddad,2026-05-14,Thu,22,2026-05,company.com,1,ML Engineer,Outside Campus,open_beta,Team Lead,linkedin,linkedin,social,b2b_mlsops_q2,desktop,Australia,New South Wales,Media & Gaming,1-10,Performance Monitoring,0,0,2,5,1,1,2026-05-15,1,1,2026-05-15,1,128,0,0,36,2847926,19.39,2026-09-20,1,8
usr_00344,vis_005017,Zoe Costa,2026-05-12,Tue,15,2026-05,company.com,1,Founder / Exec,Outside Campus,open_beta,Individual Contributor,referral,referral,referral,partner_aiweekly,desktop,Australia,New South Wales,Consulting / Agency,1-10,Performance Monitoring,1,0,0,4,1,1,2026-05-12,0,1,2026-05-13,1,51,99,1,7,281565,0.18,2026-06-13,0,7
usr_00345,vis_005039,Noah Garcia,2026-05-12,Tue,20,2026-05,gmail.com,0,Data Scientist,Outside Campus,open_beta,Individual Contributor,social_twitter,social_twitter,social,llm_observability_buzz,mobile,Japan,Tokyo,Enterprise IT,51-200,Cost Optimization,0,0,0,5,1,1,2026-05-13,1,1,2026-05-13,1,130,0,0,41,3441501,14.29,2026-09-20,1,
usr_00346,vis_005092,Ethan Rossi,2026-05-13,Wed,17,2026-05,company.com,1,Data Scientist,Outside Campus,open_beta,Individual Contributor,linkedin,linkedin,social,b2b_mlsops_q2,desktop,United States,California,SaaS / Software,51-200,Security & Compliance,0,0,1,5,1,0,,,0,,,,,0,0,0,0.0,,0,
usr_00347,vis_005136,Ethan Sato,2026-05-17,Sun,11,2026-05,university.edu,1,Product Manager,Outside Campus,invite_code,Executive,referral,referral,referral,partner_aiweekly,desktop,Netherlands,North Holland,FinTech,51-200,Performance Monitoring,1,1,5,2,0,0,,,0,,,,,0,0,0,0.0,,0,
usr_00349,vis_005140,Rahul Ali,2026-05-13,Wed,16,2026-05,company.com,1,Founder / Exec,Outside Campus,waitlist,Team Lead,organic_search,organic_search,organic,none,desktop,United States,California,Media & Gaming,1-10,Security & Compliance,0,0,1,5,1,0,,,0,,,,,0,0,0,0.0,,0,
usr_00351,vis_005165,Aisha Yamamoto,2026-05-12,Tue,9,2026-05,company.com,0,Security Engineer,Outside Campus,open_beta,Manager,direct,(direct),none,none,desktop,Spain,Catalonia,Healthcare,1-10,Research & Experimentation,0,0,0,3,0,0,,,0,,,,,0,0,0,0.0,,0,
usr_00352,vis_005170,Zoe Petrova,2026-05-12,Tue,12,2026-05,company.com,1,Data Scientist,Outside Campus,waitlist,Manager,linkedin,linkedin,social,b2b_mlsops_q2,desktop,India,Karnataka,FinTech,51-200,Cost Optimization,0,0,0,5,1,0,,,0,,,,,0,0,0,0.0,,0,
usr_00353,vis_005181,Arjun Garcia,2026-05-12,Tue,9,2026-05,company.com,1,Researcher,Outside Campus,waitlist,Individual Contributor,newsletter,newsletter,email,beta_waitlist,desktop,United States,California,Enterprise IT,51-200,Security & Compliance,0,0,0,5,1,0,,,0,,,,,0,0,0,0.0,,0,
usr_00355,vis_005227,Nadia Yamamoto,2026-05-12,Tue,14,2026-05,outlook.com,1,Security Engineer,Outside Campus,open_beta,Individual Contributor,hackernews,hackernews,social,show_hn_launch,mobile,Canada,Ontario,FinTech,11-50,Research & Experimentation,0,0,0,3,0,1,2026-05-12,0,1,2026-05-12,0,131,1,0,40,3124517,12.77,2026-09-19,1,8
usr_00356,vis_005239,Chen Sharma,2026-05-15,Fri,13,2026-05,company.com,1,ML Engineer,Outside Campus,open_beta,Individual Contributor,organic_search,organic_search,organic,none,desktop,United States,California,E-commerce,1-10,Security & Compliance,0,0,3,5,1,1,2026-05-15,0,0,,,,,0,0,0,0.0,,0,
usr_00358,vis_005292,Fatima Verma,2026-05-14,Thu,22,2026-05,outlook.com,1,Product Manager,Outside Campus,waitlist,Individual Contributor,paid_search,paid_search,cpc,brand_llm_monitoring,desktop,Germany,Bavaria,SaaS / Software,1-10,Performance Monitoring,0,0,1,0,0,0,,,0,,,,,0,0,0,0.0,,0,
usr_00360,vis_005298,Zoe Silva,2026-05-15,Fri,10,2026-05,gmail.com,1,ML Engineer,Outside Campus,open_beta,Individual Contributor,newsletter,newsletter,email,beta_waitlist,desktop,United Kingdom,England,Enterprise IT,201-1000,Quality Assurance,0,0,2,5,1,1,2026-05-17,2,1,2026-05-17,2,56,70,1,22,2147837,5.57,2026-07-12,0,9
usr_00361,vis_005324,Aisha Garcia,2026-05-13,Wed,9,2026-05,gmail.com,1,Data Scientist,Outside Campus,waitlist,Team Lead,direct,(direct),none,none,desktop,United States,California,E-commerce,11-50,Quality Assurance,0,0,0,1,0,1,2026-05-13,0,1,2026-05-14,1,21,108,1,7,958037,3.06,2026-06-04,0,8
usr_00363,vis_005353,Lucas Novak,2026-05-14,Thu,13,2026-05,gmail.com,1,Data Scientist,Outside Campus,open_beta,Manager,hackernews,hackernews,social,show_hn_launch,desktop,United Kingdom,England,Research Lab / Academia,51-200,Performance Monitoring,0,0,0,4,1,1,2026-05-14,0,0,,,,,0,0,0,0.0,,0,
usr_00364,vis_005370,Rahul Iyer,2026-05-14,Thu,12,2026-05,company.com,1,Product Manager,Outside Campus,open_beta,Individual Contributor,linkedin,linkedin,social,b2b_mlsops_q2,desktop,United States,California,SaaS / Software,1-10,Security & Compliance,0,0,0,4,1,1,2026-05-15,1,0,,,,,0,0,0,0.0,,0,
usr_00367,vis_005431,Chen Nair,2026-05-14,Thu,20,2026-05,outlook.com,1,Security Engineer,Outside Campus,open_beta,Team Lead,referral,referral,referral,partner_aiweekly,mobile,France,Ile-de-France,SaaS / Software,11-50,Security & Compliance,1,0,0,3,0,1,2026-05-15,1,1,2026-05-15,1,128,2,0,51,3572115,8.62,2026-09-18,1,8
usr_00368,vis_005455,Zoe Rossi,2026-05-15,Fri,17,2026-05,company.com,0,Product Manager,Outside Campus,invite_code,Individual Contributor,social_twitter,social_twitter,social,llm_observability_buzz,mobile,India,Karnataka,FinTech,1-10,Security & Compliance,1,0,0,5,1,1,2026-05-17,2,1,2026-05-17,2,50,76,1,9,856404,3.89,2026-07-06,0,
usr_00369,vis_005458,Ingrid Yamamoto,2026-05-15,Fri,18,2026-05,outlook.com,0,Founder / Exec,Outside Campus,open_beta,Manager,organic_search,organic_search,organic,none,mobile,Netherlands,North Holland,Consulting / Agency,1-10,Cost Optimization,0,0,0,5,1,0,,,0,,,,,0,0,0,0.0,,0,
usr_00371,vis_005482,Priya Nair,2026-05-15,Fri,19,2026-05,gmail.com,1,Product Manager,Outside Campus,open_beta,Individual Contributor,paid_search,paid_search,cpc,brand_llm_monitoring,mobile,United Kingdom,England,SaaS / Software,1-10,Cost Optimization,0,0,0,3,0,1,2026-05-17,2,1,2026-05-17,2,78,48,1,17,1414501,3.52,2026-08-03,0,9
usr_00373,vis_005504,Priya Sharma,2026-05-15,Fri,9,2026-05,gmail.com,1,Researcher,Outside Campus,open_beta,Individual Contributor,direct,(direct),none,none,desktop,United States,California,Research Lab / Academia,1-10,Cost Optimization,0,0,0,2,0,1,2026-05-15,0,1,2026-05-15,0,128,0,0,35,3066990,21.82,2026-09-20,1,
usr_00374,vis_005510,Maya Walker,2026-05-16,Sat,14,2026-05,gmail.com,0,ML Engineer,Outside Campus,open_beta,Manager,referral,referral,referral,partner_aiweekly,desktop,Brazil,Sao Paulo,Media & Gaming,1-10,Quality Assurance,1,0,1,5,1,1,2026-05-16,0,1,2026-05-17,1,126,0,0,42,4146507,2.21,2026-09-20,1,8
usr_00376,vis_005514,Zoe Novak,2026-05-18,Mon,20,2026-05,company.com,1,Researcher,Outside Campus,invite_code,Team Lead,paid_search,paid_search,cpc,brand_llm_monitoring,desktop,United States,California,E-commerce,1-10,Research & Experimentation,1,1,3,3,0,1,2026-05-19,1,0,,,,,0,0,0,0.0,,0,
usr_00378,vis_005542,Ingrid Silva,2026-05-18,Mon,21,2026-05,gmail.com,0,Data Scientist,Outside Campus,waitlist,Individual Contributor,linkedin,linkedin,social,b2b_mlsops_q2,desktop,Singapore,Central,SaaS / Software,51-200,Performance Monitoring,0,0,2,5,1,1,2026-05-19,1,1,2026-05-19,1,31,95,1,8,1273469,4.16,2026-06-17,0,7
usr_00380,vis_005554,Yuki Wang,2026-05-16,Sat,12,2026-05,gmail.com,1,Product Manager,Outside Campus,open_beta,Team Lead,referral,referral,referral,partner_aiweekly,desktop,India,Karnataka,SaaS / Software,11-50,Cost Optimization,1,0,0,4,1,0,,,0,,,,,0,0,0,0.0,,0,
usr_00383,vis_005611,Tomas Johnson,2026-05-17,Sun,18,2026-05,company.com,1,Data Scientist,Outside Campus,waitlist,Individual Contributor,direct,(direct),none,none,desktop,United States,California,FinTech,11-50,Cost Optimization,0,0,0,2,0,0,,,0,,,,,0,0,0,0.0,,0,
usr_00384,vis_005656,Ingrid Muller,2026-05-18,Mon,16,2026-05,outlook.com,1,Data Scientist,Outside Campus,waitlist,Individual Contributor,direct,(direct),none,none,desktop,India,Karnataka,SaaS / Software,201-1000,Cost Optimization,0,0,0,4,1,1,2026-05-18,0,1,2026-05-20,2,40,87,1,15,1519239,5.98,2026-06-25,0,5
usr_00386,vis_005682,Sofia Johnson,2026-05-26,Tue,21,2026-05,company.com,1,Security Engineer,Outside Campus,invite_code,Individual Contributor,newsletter,newsletter,email,beta_waitlist,desktop,Netherlands,North Holland,SaaS / Software,11-50,Security & Compliance,1,0,8,5,1,1,2026-05-26,0,1,2026-05-26,0,117,2,0,48,5280522,12.61,2026-09-18,1,10
usr_00387,vis_005684,Priya Smith,2026-05-21,Thu,9,2026-05,outlook.com,1,ML Engineer,Outside Campus,open_beta,Manager,organic_search,organic_search,organic,none,desktop,Germany,Bavaria,E-commerce,1-10,Performance Monitoring,0,1,3,4,1,1,2026-05-23,2,1,2026-05-23,2,120,12,0,39,4353613,2.89,2026-09-08,1,6
usr_00388,vis_005714,Omar Ali,2026-05-18,Mon,22,2026-05,gmail.com,1,ML Engineer,Outside Campus,open_beta,Individual Contributor,hackernews,hackernews,social,show_hn_launch,desktop,United Kingdom,England,SaaS / Software,51-200,Security & Compliance,0,0,0,4,1,1,2026-05-19,1,1,2026-05-20,2,123,0,0,43,4234945,18.38,2026-09-20,1,
usr_00389,vis_005722,Fatima Khan,2026-05-19,Tue,16,2026-05,gmail.com,1,Product Manager,Outside Campus,open_beta,Individual Contributor,hackernews,hackernews,social,show_hn_launch,desktop,Netherlands,North Holland,SaaS / Software,1-10,Research & Experimentation,0,0,1,1,0,1,2026-05-19,0,0,,,,,0,0,0,0.0,,0,
usr_00390,vis_005741,Maya Sharma,2026-05-18,Mon,15,2026-05,gmail.com,1,Founder / Exec,Outside Campus,invite_code,Manager,organic_search,organic_search,organic,none,mobile,India,Karnataka,SaaS / Software,1-10,Research & Experimentation,1,0,0,5,1,0,,,0,,,,,0,0,0,0.0,,0,
usr_00391,vis_005749,Kenji Tanaka,2026-05-19,Tue,11,2026-05,gmail.com,0,ML Engineer,Outside Campus,invite_code,Individual Contributor,organic_search,organic_search,organic,none,desktop,Spain,Catalonia,Enterprise IT,1-10,Cost Optimization,1,0,0,5,1,1,2026-05-19,0,1,2026-05-20,1,63,63,1,24,2744832,2.4,2026-07-19,0,9
usr_00393,vis_005774,Tomas Johnson,2026-05-19,Tue,12,2026-05,gmail.com,1,ML Engineer,Outside Campus,open_beta,Manager,paid_search,paid_search,cpc,brand_llm_monitoring,desktop,India,Karnataka,Enterprise IT,201-1000,Research & Experimentation,0,0,0,5,1,1,2026-05-21,2,1,2026-05-25,6,32,87,1,18,1982314,6.37,2026-06-25,0,
usr_00397,vis_005841,Elena Petrova,2026-05-19,Tue,10,2026-05,gmail.com,1,Security Engineer,Outside Campus,open_beta,Individual Contributor,social_twitter,social_twitter,social,llm_observability_buzz,mobile,Japan,Tokyo,FinTech,1-10,Quality Assurance,0,0,0,5,1,1,2026-05-20,1,1,2026-05-20,1,59,66,1,22,2344502,4.84,2026-07-16,0,
usr_00399,vis_005855,Chen Sharma,2026-05-20,Wed,15,2026-05,gmail.com,1,ML Engineer,Outside Campus,invite_code,Individual Contributor,hackernews,hackernews,social,show_hn_launch,desktop,Poland,Mazovia,SaaS / Software,1000+,Performance Monitoring,1,0,0,0,0,1,2026-05-21,1,1,2026-05-21,1,80,43,1,47,4388666,28.66,2026-08-08,1,10
usr_00402,vis_005891,Kenji Yamamoto,2026-05-21,Thu,9,2026-05,gmail.com,1,Data Scientist,Outside Campus,open_beta,Individual Contributor,linkedin,linkedin,social,b2b_mlsops_q2,desktop,Australia,New South Wales,FinTech,1000+,Security & Compliance,0,0,1,0,0,0,,,0,,,,,0,0,0,0.0,,0,
usr_00404,vis_005915,Rahul Verma,2026-05-23,Sat,22,2026-05,proton.me,1,ML Engineer,Outside Campus,open_beta,Manager,direct,(direct),none,none,desktop,Australia,New South Wales,Research Lab / Academia,51-200,Cost Optimization,0,0,3,5,1,1,2026-05-24,1,1,2026-05-24,1,111,13,0,36,2966135,20.07,2026-09-07,1,7
usr_00405,vis_005939,Zoe Khan,2026-05-21,Thu,20,2026-05,company.com,1,Data Scientist,Outside Campus,invite_code,Individual Contributor,direct,(direct),none,none,desktop,United States,California,FinTech,201-1000,Performance Monitoring,1,0,1,4,1,0,,,0,,,,,0,0,0,0.0,,0,
usr_00406,vis_005950,Noah Johnson,2026-05-21,Thu,21,2026-05,gmail.com,1,Founder / Exec,Outside Campus,invite_code,Team Lead,organic_search,organic_search,organic,none,desktop,United States,California,Media & Gaming,1-10,Performance Monitoring,1,0,0,5,1,0,,,0,,,,,0,0,0,0.0,,0,
usr_00407,vis_006004,Arjun Sharma,2026-05-21,Thu,8,2026-05,gmail.com,1,ML Engineer,Outside Campus,waitlist,Executive,linkedin,linkedin,social,b2b_mlsops_q2,desktop,Brazil,Sao Paulo,Research Lab / Academia,1-10,Performance Monitoring,0,0,0,5,1,1,2026-05-21,0,1,2026-05-21,0,122,2,0,35,3020392,18.34,2026-09-18,1,6
usr_00410,vis_006054,Ethan Johnson,2026-05-22,Fri,15,2026-05,company.com,1,Data Scientist,Outside Campus,open_beta,Individual Contributor,hackernews,hackernews,social,show_hn_launch,desktop,United States,California,Research Lab / Academia,11-50,Research & Experimentation,0,0,0,4,1,0,,,0,,,,,0,0,0,0.0,,0,
usr_00411,vis_006087,Tomas Costa,2026-05-22,Fri,12,2026-05,gmail.com,0,Product Manager,Outside Campus,open_beta,Manager,organic_search,organic_search,organic,none,desktop,United States,California,Media & Gaming,11-50,Cost Optimization,0,0,0,4,1,1,2026-05-22,0,1,2026-05-22,0,96,25,0,18,2233609,11.31,2026-08-26,0,7
usr_00412,vis_006091,Maya Khan,2026-05-22,Fri,10,2026-05,gmail.com,1,ML Engineer,Outside Campus,open_beta,Individual Contributor,newsletter,newsletter,email,beta_waitlist,mobile,United States,California,FinTech,1000+,Performance Monitoring,0,0,0,2,0,0,,,0,,,,,0,0,0,0.0,,0,
usr_00413,vis_006099,Rahul Khan,2026-05-25,Mon,7,2026-05,gmail.com,1,Data Scientist,Outside Campus,invite_code,Team Lead,referral,referral,referral,partner_aiweekly,desktop,United States,California,SaaS / Software,51-200,Performance Monitoring,1,0,3,5,1,1,2026-05-27,2,1,2026-05-27,2,116,4,0,49,3594829,13.25,2026-09-16,1,6
usr_00414,vis_006114,Lucas Johnson,2026-05-24,Sun,8,2026-05,outlook.com,1,ML Engineer,Outside Campus,invite_code,Individual Contributor,hackernews,hackernews,social,show_hn_launch,mobile,United States,California,SaaS / Software,11-50,Performance Monitoring,1,0,2,5,1,1,2026-05-28,4,1,2026-06-01,8,8,103,1,6,265896,1.22,2026-06-09,0,9
usr_00417,vis_006121,Nadia Muller,2026-05-22,Fri,21,2026-05,gmail.com,0,Researcher,Outside Campus,waitlist,Individual Contributor,hackernews,hackernews,social,show_hn_launch,desktop,United States,New York,FinTech,51-200,Quality Assurance,0,0,0,5,1,1,2026-05-22,0,1,2026-05-22,0,8,113,1,7,484690,2.93,2026-05-30,0,
usr_00418,vis_006122,Diego Brown,2026-05-23,Sat,9,2026-05,company.com,1,Product Manager,Outside Campus,open_beta,Executive,linkedin,linkedin,social,b2b_mlsops_q2,mobile,Canada,Ontario,Media & Gaming,51-200,Cost Optimization,0,0,1,5,1,0,,,0,,,,,0,0,0,0.0,,0,
usr_00419,vis_006128,Arjun Walker,2026-05-22,Fri,10,2026-05,gmail.com,1,Researcher,Outside Campus,waitlist,Individual Contributor,social_twitter,social_twitter,social,llm_observability_buzz,desktop,Israel,Tel Aviv,Enterprise IT,51-200,Cost Optimization,0,0,0,5,1,0,,,0,,,,,0,0,0,0.0,,0,
usr_00420,vis_006129,Noah Ali,2026-05-23,Sat,19,2026-05,company.com,1,Security Engineer,Outside Campus,open_beta,Individual Contributor,organic_search,organic_search,organic,none,mobile,United States,California,Media & Gaming,51-200,Quality Assurance,0,0,1,2,0,1,2026-05-23,0,1,2026-05-24,1,47,74,1,14,1817991,9.82,2026-07-08,0,7
usr_00421,vis_006147,Yuki Muller,2026-05-24,Sun,8,2026-05,outlook.com,1,ML Engineer,Outside Campus,open_beta,Individual Contributor,social_twitter,social_twitter,social,llm_observability_buzz,desktop,United States,California,Enterprise IT,51-200,Quality Assurance,0,0,1,3,0,1,2026-05-25,1,1,2026-05-26,2,73,44,1,31,2872551,17.26,2026-08-07,1,
usr_00424,vis_006164,Hassan Khan,2026-05-23,Sat,18,2026-05,university.edu,0,Data Scientist,Outside Campus,waitlist,Executive,referral,referral,referral,partner_aiweekly,mobile,United Kingdom,England,Research Lab / Academia,51-200,Performance Monitoring,1,0,0,2,0,0,,,0,,,,,0,0,0,0.0,,0,
usr_00426,vis_006177,Zoe Lindqvist,2026-05-23,Sat,8,2026-05,gmail.com,1,ML Engineer,Outside Campus,open_beta,Team Lead,newsletter,newsletter,email,beta_waitlist,desktop,United States,California,SaaS / Software,1-10,Security & Compliance,0,0,0,5,1,1,2026-05-24,1,1,2026-05-24,1,119,0,0,48,3700258,8.86,2026-09-20,1,6
usr_00428,vis_006216,Yuki Johnson,2026-06-01,Mon,21,2026-06,outlook.com,1,Founder / Exec,Outside Campus,open_beta,Executive,direct,(direct),none,none,desktop,Canada,Ontario,Enterprise IT,11-50,Quality Assurance,0,0,8,5,1,1,2026-06-02,1,1,2026-06-03,2,4,109,1,2,181767,0.18,2026-06-03,0,
usr_00431,vis_006328,Arjun Kim,2026-05-26,Tue,10,2026-05,gmail.com,1,Data Scientist,Outside Campus,open_beta,Manager,hackernews,hackernews,social,show_hn_launch,desktop,Canada,Ontario,Research Lab / Academia,201-1000,Quality Assurance,0,0,1,5,1,0,,,0,,,,,0,0,0,0.0,,0,
usr_00432,vis_006332,Arjun Smith,2026-05-25,Mon,13,2026-05,company.com,1,Researcher,Outside Campus,open_beta,Individual Contributor,referral,referral,referral,partner_aiweekly,desktop,Spain,Catalonia,FinTech,1-10,Cost Optimization,1,0,0,5,1,1,2026-05-25,0,1,2026-05-26,1,40,81,1,10,538564,3.17,2026-07-01,0,
usr_00433,vis_006340,Hassan Tanaka,2026-05-26,Tue,13,2026-05,proton.me,0,Product Manager,Outside Campus,open_beta,Team Lead,organic_search,organic_search,organic,none,desktop,Singapore,Central,E-commerce,1-10,Research & Experimentation,0,0,1,5,1,1,2026-05-28,2,1,2026-05-29,3,60,58,1,13,592046,2.49,2026-07-24,0,10
usr_00434,vis_006348,Priya Johnson,2026-05-25,Mon,16,2026-05,gmail.com,1,Data Scientist,Outside Campus,waitlist,Manager,direct,(direct),none,none,desktop,Singapore,Central,SaaS / Software,201-1000,Performance Monitoring,0,0,0,5,1,0,,,0,,,,,0,0,0,0.0,,0,
usr_00435,vis_006366,Fatima Sharma,2026-05-28,Thu,12,2026-05,gmail.com,1,Product Manager,Outside Campus,open_beta,Executive,referral,referral,referral,partner_aiweekly,desktop,Netherlands,North Holland,SaaS / Software,11-50,Security & Compliance,1,0,3,5,1,1,2026-06-01,4,1,2026-06-02,5,6,,0,0,0,0.0,,0,7
usr_00436,vis_006368,Omar Johnson,2026-05-25,Mon,8,2026-05,gmail.com,1,Product Manager,Outside Campus,open_beta,Individual Contributor,organic_search,organic_search,organic,none,desktop,United States,California,Consulting / Agency,11-50,Security & Compliance,0,0,0,1,0,0,,,0,,,,,0,0,0,0.0,,0,
usr_00437,vis_006372,Sofia Novak,2026-05-26,Tue,14,2026-05,company.com,1,Founder / Exec,Outside Campus,open_beta,Individual Contributor,newsletter,newsletter,email,beta_waitlist,desktop,Australia,New South Wales,SaaS / Software,11-50,Research & Experimentation,0,0,0,3,0,0,,,0,,,,,0,0,0,0.0,,0,
usr_00438,vis_006378,Omar Haddad,2026-05-26,Tue,21,2026-05,proton.me,1,Product Manager,Outside Campus,open_beta,Individual Contributor,newsletter,newsletter,email,beta_waitlist,mobile,United States,California,SaaS / Software,1-10,Quality Assurance,0,0,0,0,0,1,2026-05-26,0,1,2026-05-26,0,70,62,1,8,962276,2.41,2026-07-20,0,6
usr_00439,vis_006381,Ethan Silva,2026-05-27,Wed,22,2026-05,gmail.com,1,Data Scientist,Outside Campus,invite_code,Team Lead,referral,referral,referral,partner_aiweekly,desktop,Australia,New South Wales,SaaS / Software,51-200,Security & Compliance,1,0,1,5,1,0,,,0,,,,,0,0,0,0.0,,0,
usr_00440,vis_006388,Arjun Verma,2026-05-26,Tue,8,2026-05,company.com,1,Data Scientist,Outside Campus,open_beta,Manager,hackernews,hackernews,social,show_hn_launch,desktop,United States,California,SaaS / Software,11-50,Cost Optimization,0,0,0,5,1,1,2026-05-26,0,1,2026-05-27,1,76,43,1,19,2306111,5.32,2026-08-08,0,6
usr_00441,vis_006445,Hassan Silva,2026-05-26,Tue,22,2026-05,gmail.com,1,Data Scientist,Outside Campus,open_beta,Individual Contributor,organic_search,organic_search,organic,none,desktop,Germany,Bavaria,Enterprise IT,11-50,Performance Monitoring,0,0,0,5,1,0,,,0,,,,,0,0,0,0.0,,0,
usr_00442,vis_006461,Rahul Petrova,2026-05-26,Tue,9,2026-05,gmail.com,1,ML Engineer,Outside Campus,waitlist,Team Lead,referral,referral,referral,partner_aiweekly,desktop,United States,California,Research Lab / Academia,11-50,Cost Optimization,1,0,0,5,1,1,2026-05-29,3,0,,,,,0,0,0,0.0,,0,
usr_00445,vis_006492,Kenji Petrova,2026-05-27,Wed,22,2026-05,gmail.com,1,Researcher,Outside Campus,open_beta,Individual Contributor,direct,(direct),none,none,desktop,Poland,Mazovia,SaaS / Software,11-50,Cost Optimization,0,0,0,5,1,0,,,0,,,,,0,0,0,0.0,,0,
usr_00446,vis_006510,Maya Nair,2026-05-29,Fri,21,2026-05,university.edu,1,ML Engineer,Outside Campus,open_beta,Individual Contributor,organic_search,organic_search,organic,none,desktop,United Kingdom,England,Enterprise IT,11-50,Security & Compliance,0,0,2,0,0,1,2026-05-29,0,1,2026-05-29,0,30,84,1,13,1393318,0.89,2026-06-28,0,7
usr_00447,vis_006528,Emma Sharma,2026-05-27,Wed,8,2026-05,gmail.com,1,Product Manager,Outside Campus,waitlist,Individual Contributor,paid_search,paid_search,cpc,brand_llm_monitoring,desktop,South Korea,Seoul,E-commerce,1-10,Performance Monitoring,0,0,0,5,1,1,2026-05-30,3,1,2026-05-31,4,3,,0,0,0,0.0,,0,6
usr_00448,vis_006537,Aisha Sharma,2026-05-27,Wed,14,2026-05,gmail.com,0,Product Manager,Outside Campus,open_beta,Individual Contributor,newsletter,newsletter,email,beta_waitlist,desktop,Canada,Ontario,FinTech,11-50,Quality Assurance,0,0,0,1,0,0,,,0,,,,,0,0,0,0.0,,0,
usr_00449,vis_006559,Ingrid Khan,2026-06-01,Mon,18,2026-06,gmail.com,1,Security Engineer,Outside Campus,open_beta,Team Lead,referral,referral,referral,partner_aiweekly,mobile,United States,New York,FinTech,1-10,Security & Compliance,1,0,5,5,1,0,,,0,,,,,0,0,0,0.0,,0,
usr_00452,vis_006611,Rahul Iyer,2026-05-28,Thu,20,2026-05,company.com,1,ML Engineer,Outside Campus,waitlist,Team Lead,direct,(direct),none,none,desktop,United States,California,Healthcare,1000+,Performance Monitoring,0,0,0,5,1,1,2026-05-29,1,1,2026-05-29,1,22,92,1,12,916503,4.81,2026-06-20,0,8
usr_00453,vis_006616,Kenji Sato,2026-05-28,Thu,15,2026-05,company.com,1,Security Engineer,Outside Campus,open_beta,Individual Contributor,referral,referral,referral,partner_aiweekly,tablet,India,Karnataka,SaaS / Software,1-10,Cost Optimization,1,0,0,3,0,1,2026-05-28,0,1,2026-05-29,1,48,70,1,26,1502188,5.32,2026-07-12,1,8
usr_00454,vis_006623,Rahul Wang,2026-05-28,Thu,16,2026-05,gmail.com,1,ML Engineer,Outside Campus,open_beta,Individual Contributor,organic_search,organic_search,organic,none,desktop,Spain,Catalonia,SaaS / Software,11-50,Security & Compliance,0,0,0,5,1,1,2026-05-28,0,1,2026-05-30,2,10,103,1,6,530592,0.66,2026-06-09,0,
usr_00456,vis_006642,Tomas Yamamoto,2026-05-28,Thu,10,2026-05,gmail.com,0,Security Engineer,Outside Campus,open_beta,Team Lead,organic_search,organic_search,organic,none,desktop,United States,California,SaaS / Software,1000+,Performance Monitoring,0,0,0,3,0,1,2026-06-03,6,1,2026-06-03,6,109,2,0,35,3351106,18.0,2026-09-18,1,
usr_00457,vis_006659,Omar Khan,2026-05-30,Sat,9,2026-05,gmail.com,1,Researcher,Outside Campus,invite_code,Individual Contributor,linkedin,linkedin,social,b2b_mlsops_q2,desktop,United States,California,SaaS / Software,51-200,Security & Compliance,1,0,2,5,1,1,2026-05-30,0,1,2026-05-30,0,71,42,1,23,1692684,13.33,2026-08-09,0,10
usr_00458,vis_006665,Elena Sharma,2026-05-31,Sun,22,2026-05,gmail.com,1,Data Scientist,Outside Campus,open_beta,Individual Contributor,linkedin,linkedin,social,b2b_mlsops_q2,desktop,India,Karnataka,SaaS / Software,11-50,Cost Optimization,0,0,3,5,1,1,2026-05-31,0,1,2026-05-31,0,86,27,0,22,1902056,4.33,2026-08-24,0,8
usr_00459,vis_006666,Noah Lindqvist,2026-05-28,Thu,8,2026-05,company.com,0,ML Engineer,Outside Campus,waitlist,Team Lead,referral,referral,referral,partner_aiweekly,mobile,United States,California,SaaS / Software,51-200,Quality Assurance,1,0,0,2,0,1,2026-05-29,1,0,,,,,0,0,0,0.0,,0,
usr_00460,vis_006691,Yuki Smith,2026-05-29,Fri,11,2026-05,gmail.com,1,Product Manager,Outside Campus,invite_code,Individual Contributor,social_twitter,social_twitter,social,llm_observability_buzz,desktop,United States,California,Media & Gaming,201-1000,Performance Monitoring,1,0,0,5,1,1,2026-06-01,3,0,,,,,0,0,0,0.0,,0,
usr_00461,vis_006694,Hassan Brown,2026-05-29,Fri,13,2026-05,company.com,1,Data Scientist,Outside Campus,waitlist,Manager,paid_search,paid_search,cpc,brand_llm_monitoring,desktop,India,Karnataka,SaaS / Software,1-10,Research & Experimentation,0,0,0,5,1,1,2026-05-29,0,1,2026-05-29,0,47,79,1,17,2412062,7.06,2026-07-03,0,10
usr_00462,vis_006714,Elena Lindqvist,2026-05-29,Fri,11,2026-05,gmail.com,1,Data Scientist,Outside Campus,invite_code,Individual Contributor,referral,referral,referral,partner_aiweekly,desktop,India,Karnataka,SaaS / Software,1-10,Cost Optimization,1,0,0,1,0,1,2026-05-29,0,1,2026-05-29,0,114,0,0,40,3171137,13.43,2026-09-20,1,9
usr_00463,vis_006750,Priya Nair,2026-05-29,Fri,11,2026-05,outlook.com,1,Product Manager,Outside Campus,invite_code,Executive,hackernews,hackernews,social,show_hn_launch,desktop,India,Karnataka,Enterprise IT,201-1000,Quality Assurance,1,0,0,0,0,0,,,0,,,,,0,0,0,0.0,,0,
usr_00464,vis_006765,Omar Sharma,2026-05-29,Fri,14,2026-05,proton.me,1,ML Engineer,Outside Campus,open_beta,Executive,organic_search,organic_search,organic,none,desktop,United Kingdom,England,Enterprise IT,201-1000,Quality Assurance,0,0,0,3,0,1,2026-05-29,0,1,2026-05-29,0,114,0,0,42,3649974,10.2,2026-09-20,1,9
usr_00465,vis_006778,Omar Walker,2026-05-30,Sat,7,2026-05,gmail.com,1,Researcher,Outside Campus,open_beta,Individual Contributor,linkedin,linkedin,social,b2b_mlsops_q2,desktop,Singapore,Central,FinTech,11-50,Performance Monitoring,0,0,1,1,0,0,,,0,,,,,0,0,0,0.0,,0,
usr_00467,vis_006781,Priya Walker,2026-05-30,Sat,13,2026-05,company.com,1,ML Engineer,Outside Campus,open_beta,Individual Contributor,direct,(direct),none,none,desktop,France,Ile-de-France,Enterprise IT,11-50,Research & Experimentation,0,0,1,5,1,1,2026-05-30,0,0,,,,,0,0,0,0.0,,0,
usr_00468,vis_006789,Zoe Smith,2026-05-30,Sat,19,2026-05,outlook.com,1,Product Manager,Outside Campus,invite_code,Manager,referral,referral,referral,partner_aiweekly,desktop,Netherlands,North Holland,SaaS / Software,1-10,Quality Assurance,1,0,1,3,0,1,2026-05-30,0,1,2026-06-01,2,52,67,1,16,2372142,2.91,2026-07-15,0,6
usr_00470,vis_006801,Hassan Silva,2026-05-30,Sat,20,2026-05,gmail.com,0,Data Scientist,Outside Campus,invite_code,Individual Contributor,social_twitter,social_twitter,social,llm_observability_buzz,desktop,United States,California,Healthcare,1-10,Performance Monitoring,1,0,0,5,1,1,2026-05-30,0,1,2026-05-30,0,113,7,0,29,2727798,11.59,2026-09-13,1,10
usr_00471,vis_006804,Diego Verma,2026-05-31,Sun,7,2026-05,university.edu,1,Data Scientist,Outside Campus,waitlist,Individual Contributor,organic_search,organic_search,organic,none,mobile,India,Karnataka,FinTech,201-1000,Security & Compliance,0,1,1,5,1,0,,,0,,,,,0,0,0,0.0,,0,
usr_00473,vis_006814,Noah Sato,2026-06-02,Tue,10,2026-06,gmail.com,1,ML Engineer,Outside Campus,open_beta,Manager,direct,(direct),none,none,desktop,United States,California,FinTech,11-50,Security & Compliance,0,0,3,3,0,1,2026-06-05,3,0,,,,,0,0,0,0.0,,0,
usr_00474,vis_006824,Hassan Sharma,2026-05-30,Sat,13,2026-05,gmail.com,1,ML Engineer,Outside Campus,invite_code,Manager,organic_search,organic_search,organic,none,desktop,United States,New York,Research Lab / Academia,201-1000,Performance Monitoring,1,0,0,4,1,1,2026-05-30,0,1,2026-05-30,0,15,104,1,4,333993,1.49,2026-06-08,0,10
usr_00475,vis_006834,Elena Walker,2026-06-01,Mon,15,2026-06,gmail.com,1,Data Scientist,Outside Campus,open_beta,Individual Contributor,referral,referral,referral,partner_aiweekly,desktop,United Kingdom,England,E-commerce,1-10,Security & Compliance,1,0,2,5,1,1,2026-06-01,0,1,2026-06-02,1,68,46,1,26,2232387,16.44,2026-08-05,1,8
usr_00477,vis_006907,Liam Sharma,2026-06-01,Mon,22,2026-06,outlook.com,1,Security Engineer,Outside Campus,open_beta,Individual Contributor,organic_search,organic_search,organic,none,desktop,Brazil,Sao Paulo,SaaS / Software,11-50,Performance Monitoring,0,0,1,3,0,0,,,0,,,,,0,0,0,0.0,,0,
usr_00478,vis_006919,Mei Novak,2026-05-31,Sun,9,2026-05,outlook.com,1,Product Manager,Outside Campus,open_beta,Individual Contributor,organic_search,organic_search,organic,none,desktop,United States,California,Enterprise IT,11-50,Quality Assurance,0,0,0,4,1,0,,,0,,,,,0,0,0,0.0,,0,
usr_00480,vis_006929,Noah Johnson,2026-05-31,Sun,22,2026-05,company.com,0,Data Scientist,Outside Campus,open_beta,Individual Contributor,linkedin,linkedin,social,b2b_mlsops_q2,mobile,Israel,Tel Aviv,FinTech,11-50,Security & Compliance,0,0,0,5,1,1,2026-05-31,0,1,2026-05-31,0,112,4,0,27,2141649,15.25,2026-09-16,1,7
usr_00482,vis_006950,Sofia Khan,2026-06-01,Mon,12,2026-06,outlook.com,1,Security Engineer,Outside Campus,open_beta,Individual Contributor,newsletter,newsletter,email,beta_waitlist,desktop,United States,California,Consulting / Agency,51-200,Cost Optimization,0,0,0,5,1,1,2026-06-01,0,1,2026-06-01,0,111,8,0,30,1769299,1.12,2026-09-12,1,8
usr_00483,vis_006954,Arjun Lindqvist,2026-06-01,Mon,14,2026-06,gmail.com,1,ML Engineer,Outside Campus,open_beta,Individual Contributor,organic_search,organic_search,organic,none,desktop,United Kingdom,England,Enterprise IT,1-10,Cost Optimization,0,0,0,5,1,0,,,0,,,,,0,0,0,0.0,,0,
usr_00484,vis_006978,Fatima Nair,2026-06-03,Wed,18,2026-06,proton.me,1,ML Engineer,Outside Campus,open_beta,Individual Contributor,linkedin,linkedin,social,b2b_mlsops_q2,desktop,United States,California,FinTech,1-10,Quality Assurance,0,0,2,4,1,1,2026-06-05,2,1,2026-06-06,3,99,7,0,26,3162109,19.53,2026-09-13,1,9
usr_00485,vis_006979,Tomas Smith,2026-06-02,Tue,17,2026-06,company.com,1,Security Engineer,Outside Campus,open_beta,Individual Contributor,organic_search,organic_search,organic,none,mobile,Canada,Ontario,SaaS / Software,1-10,Cost Optimization,0,0,1,2,0,1,2026-06-02,0,1,2026-06-02,0,19,93,1,8,841501,0.83,2026-06-19,0,7
usr_00486,vis_006983,Noah Lindqvist,2026-06-01,Mon,19,2026-06,gmail.com,0,ML Engineer,Outside Campus,open_beta,Individual Contributor,social_twitter,social_twitter,social,llm_observability_buzz,desktop,United States,California,Consulting / Agency,11-50,Quality Assurance,0,0,0,4,1,1,2026-06-02,1,1,2026-06-02,1,110,3,0,32,3241229,11.9,2026-09-17,1,7
usr_00487,vis_006989,Tomas Novak,2026-06-01,Mon,9,2026-06,gmail.com,1,Data Scientist,Outside Campus,open_beta,Executive,direct,(direct),none,none,mobile,Singapore,Central,SaaS / Software,201-1000,Performance Monitoring,0,0,0,5,1,1,2026-06-02,1,1,2026-06-02,1,110,11,0,31,2142114,8.91,2026-09-09,1,9
usr_00488,vis_006995,Mei Brown,2026-06-01,Mon,10,2026-06,gmail.com,1,Data Scientist,Outside Campus,invite_code,Individual Contributor,linkedin,linkedin,social,b2b_mlsops_q2,desktop,United States,New York,Healthcare,11-50,Security & Compliance,1,0,0,5,1,1,2026-06-01,0,1,2026-06-03,2,109,0,0,36,3321858,12.69,2026-09-20,1,10
usr_00489,vis_007008,Liam Sato,2026-06-01,Mon,8,2026-06,gmail.com,1,Security Engineer,Outside Campus,invite_code,Individual Contributor,hackernews,hackernews,social,show_hn_launch,desktop,United States,California,SaaS / Software,201-1000,Cost Optimization,1,0,0,3,0,0,,,0,,,,,0,0,0,0.0,,0,
usr_00490,vis_007026,Liam Rossi,2026-06-01,Mon,12,2026-06,company.com,1,Founder / Exec,Outside Campus,open_beta,Individual Contributor,hackernews,hackernews,social,show_hn_launch,desktop,United States,New York,SaaS / Software,1-10,Cost Optimization,0,0,0,5,1,0,,,0,,,,,0,0,0,0.0,,0,
usr_00491,vis_007027,Aisha Kim,2026-06-01,Mon,10,2026-06,outlook.com,1,ML Engineer,Outside Campus,waitlist,Individual Contributor,newsletter,newsletter,email,beta_waitlist,desktop,India,Karnataka,E-commerce,1-10,Security & Compliance,0,0,0,5,1,1,2026-06-02,1,0,,,,,0,0,0,0.0,,0,
usr_00496,vis_007086,Omar Verma,2026-06-02,Tue,13,2026-06,gmail.com,1,ML Engineer,Outside Campus,open_beta,Manager,social_twitter,social_twitter,social,llm_observability_buzz,mobile,Canada,Ontario,E-commerce,1-10,Performance Monitoring,0,0,0,2,0,1,2026-06-04,2,1,2026-06-08,6,37,67,1,12,1895929,6.7,2026-07-15,0,8
usr_00497,vis_007091,Liam Khan,2026-06-02,Tue,12,2026-06,company.com,0,ML Engineer,Outside Campus,open_beta,Executive,paid_search,paid_search,cpc,brand_llm_monitoring,mobile,Japan,Tokyo,SaaS / Software,51-200,Research & Experimentation,0,0,0,4,1,1,2026-06-04,2,1,2026-06-06,4,106,1,0,38,2979488,15.95,2026-09-19,1,
usr_00498,vis_007092,Fatima Wang,2026-06-07,Sun,22,2026-06,gmail.com,1,ML Engineer,Outside Campus,invite_code,Individual Contributor,referral,referral,referral,partner_aiweekly,desktop,United States,California,E-commerce,11-50,Cost Optimization,1,0,5,5,1,1,2026-06-10,3,1,2026-06-10,3,102,1,0,47,4509447,18.71,2026-09-19,1,
usr_00499,vis_007097,Kenji Walker,2026-06-02,Tue,9,2026-06,university.edu,0,ML Engineer,Outside Campus,waitlist,Manager,paid_search,paid_search,cpc,brand_llm_monitoring,desktop,Canada,Ontario,Enterprise IT,1-10,Quality Assurance,0,0,0,5,1,1,2026-06-04,2,0,,,,,0,0,0,0.0,,0,
usr_00501,vis_007121,Chen Smith,2026-06-03,Wed,12,2026-06,company.com,1,ML Engineer,Outside Campus,invite_code,Individual Contributor,direct,(direct),none,none,mobile,Germany,Bavaria,Research Lab / Academia,51-200,Research & Experimentation,1,0,1,4,1,1,2026-06-03,0,0,,,,,0,0,0,0.0,,0,
usr_00502,vis_007133,Diego Novak,2026-06-02,Tue,16,2026-06,gmail.com,1,Security Engineer,Outside Campus,waitlist,Individual Contributor,organic_search,organic_search,organic,none,desktop,Brazil,Sao Paulo,Consulting / Agency,201-1000,Performance Monitoring,0,0,0,5,1,1,2026-06-03,1,0,,,,,0,0,0,0.0,,0,
usr_00503,vis_007139,Mei Ali,2026-06-03,Wed,10,2026-06,company.com,1,ML Engineer,Outside Campus,waitlist,Individual Contributor,direct,(direct),none,none,desktop,Singapore,Central,E-commerce,11-50,Security & Compliance,0,0,1,3,0,0,,,0,,,,,0,0,0,0.0,,0,
usr_00504,vis_007193,Hassan Verma,2026-06-04,Thu,9,2026-06,gmail.com,1,Data Scientist,Outside Campus,open_beta,Team Lead,direct,(direct),none,none,desktop,India,Karnataka,Media & Gaming,1-10,Research & Experimentation,0,0,1,5,1,0,,,0,,,,,0,0,0,0.0,,0,
usr_00505,vis_007201,Maya Haddad,2026-06-03,Wed,9,2026-06,company.com,1,Security Engineer,Outside Campus,open_beta,Individual Contributor,organic_search,organic_search,organic,none,mobile,United States,California,Healthcare,1-10,Cost Optimization,0,0,0,1,0,0,,,0,,,,,0,0,0,0.0,,0,
usr_00507,vis_007221,Hassan Yamamoto,2026-06-06,Sat,15,2026-06,gmail.com,1,ML Engineer,Outside Campus,open_beta,Team Lead,direct,(direct),none,none,mobile,Netherlands,North Holland,SaaS / Software,51-200,Security & Compliance,0,0,3,5,1,0,,,0,,,,,0,0,0,0.0,,0,
usr_00510,vis_007281,Rahul Haddad,2026-06-05,Fri,20,2026-06,outlook.com,0,ML Engineer,Outside Campus,invite_code,Individual Contributor,hackernews,hackernews,social,show_hn_launch,desktop,United States,California,SaaS / Software,51-200,Cost Optimization,1,0,1,5,1,1,2026-06-05,0,1,2026-06-07,2,22,83,1,11,938173,4.38,2026-06-29,0,
usr_00511,vis_007303,Priya Garcia,2026-06-04,Thu,19,2026-06,gmail.com,1,Security Engineer,Outside Campus,open_beta,Team Lead,paid_search,paid_search,cpc,brand_llm_monitoring,desktop,India,Karnataka,Healthcare,51-200,Research & Experimentation,0,0,0,5,1,1,2026-06-04,0,1,2026-06-04,0,8,101,1,8,1131559,3.17,2026-06-11,0,
usr_00512,vis_007390,Maya Tanaka,2026-06-05,Fri,11,2026-06,gmail.com,1,ML Engineer,Outside Campus,open_beta,Executive,social_twitter,social_twitter,social,llm_observability_buzz,desktop,Canada,Ontario,Media & Gaming,1-10,Performance Monitoring,0,0,0,5,1,1,2026-06-07,2,1,2026-06-07,2,13,93,1,7,615402,2.92,2026-06-19,0,8
usr_00514,vis_007394,Elena Silva,2026-06-05,Fri,17,2026-06,university.edu,1,Security Engineer,Outside Campus,invite_code,Individual Contributor,organic_search,organic_search,organic,none,mobile,United States,California,Consulting / Agency,1-10,Quality Assurance,1,0,0,4,1,0,,,0,,,,,0,0,0,0.0,,0,
usr_00515,vis_007395,Kenji Silva,2026-06-05,Fri,13,2026-06,company.com,0,ML Engineer,Outside Campus,open_beta,Team Lead,newsletter,newsletter,email,beta_waitlist,desktop,United States,California,Media & Gaming,51-200,Performance Monitoring,0,0,0,5,1,1,2026-06-06,1,1,2026-06-08,3,52,56,1,22,2453855,13.49,2026-07-26,0,
usr_00516,vis_007401,Ingrid Yamamoto,2026-06-05,Fri,15,2026-06,proton.me,1,Founder / Exec,Outside Campus,open_beta,Individual Contributor,referral,referral,referral,partner_aiweekly,desktop,United States,California,SaaS / Software,1-10,Research & Experimentation,1,0,0,4,1,0,,,0,,,,,0,0,0,0.0,,0,
usr_00517,vis_007424,Omar Sato,2026-06-05,Fri,16,2026-06,company.com,1,Founder / Exec,Outside Campus,open_beta,Executive,linkedin,linkedin,social,b2b_mlsops_q2,desktop,United Kingdom,England,Healthcare,51-200,Quality Assurance,0,0,0,5,1,0,,,0,,,,,0,0,0,0.0,,0,
usr_00518,vis_007433,Zoe Petrova,2026-06-07,Sun,9,2026-06,proton.me,0,Researcher,Outside Campus,open_beta,Manager,organic_search,organic_search,organic,none,desktop,United Kingdom,England,Enterprise IT,201-1000,Performance Monitoring,0,1,2,3,0,0,,,0,,,,,0,0,0,0.0,,0,
usr_00519,vis_007448,Fatima Nair,2026-06-06,Sat,7,2026-06,gmail.com,1,Security Engineer,Outside Campus,waitlist,Individual Contributor,linkedin,linkedin,social,b2b_mlsops_q2,desktop,United States,California,Media & Gaming,11-50,Security & Compliance,0,0,1,1,0,1,2026-06-07,1,1,2026-06-08,2,28,76,1,12,904023,0.5,2026-07-06,0,8
usr_00521,vis_007488,Noah Kim,2026-06-07,Sun,8,2026-06,university.edu,1,ML Engineer,Outside Campus,open_beta,Individual Contributor,referral,referral,referral,partner_aiweekly,desktop,India,Karnataka,FinTech,1-10,Quality Assurance,1,0,1,0,0,1,2026-06-07,0,1,2026-06-07,0,60,47,1,24,1831119,7.94,2026-08-04,0,8
usr_00522,vis_007493,Diego Costa,2026-06-06,Sat,7,2026-06,company.com,1,ML Engineer,Outside Campus,invite_code,Individual Contributor,direct,(direct),none,none,desktop,Singapore,Central,SaaS / Software,11-50,Cost Optimization,1,0,0,5,1,1,2026-06-07,1,1,2026-06-08,2,3,,0,0,0,0.0,,0,9
usr_00523,vis_007498,Lucas Novak,2026-06-06,Sat,22,2026-06,company.com,1,ML Engineer,Outside Campus,open_beta,Individual Contributor,hackernews,hackernews,social,show_hn_launch,desktop,France,Ile-de-France,Enterprise IT,201-1000,Quality Assurance,0,0,0,3,0,1,2026-06-08,2,1,2026-06-08,2,34,76,1,13,1123138,0.66,2026-07-06,0,9
usr_00524,vis_007513,Ingrid Tanaka,2026-06-07,Sun,13,2026-06,outlook.com,1,Founder / Exec,Outside Campus,open_beta,Manager,hackernews,hackernews,social,show_hn_launch,desktop,Netherlands,North Holland,SaaS / Software,51-200,Cost Optimization,0,0,1,5,1,0,,,0,,,,,0,0,0,0.0,,0,
usr_00526,vis_007537,Omar Tanaka,2026-06-06,Sat,8,2026-06,gmail.com,1,Founder / Exec,Outside Campus,invite_code,Individual Contributor,linkedin,linkedin,social,b2b_mlsops_q2,desktop,Singapore,Central,Consulting / Agency,1-10,Research & Experimentation,1,0,0,5,1,0,,,0,,,,,0,0,0,0.0,,0,
usr_00527,vis_007546,Arjun Petrova,2026-06-06,Sat,16,2026-06,company.com,1,Researcher,Outside Campus,invite_code,Team Lead,newsletter,newsletter,email,beta_waitlist,desktop,United States,California,E-commerce,11-50,Cost Optimization,1,0,0,4,1,1,2026-06-07,1,1,2026-06-07,1,5,104,1,4,291800,0.82,2026-06-08,0,
usr_00528,vis_007548,Elena Muller,2026-06-07,Sun,15,2026-06,gmail.com,1,Researcher,Outside Campus,open_beta,Executive,newsletter,newsletter,email,beta_waitlist,desktop,Poland,Mazovia,FinTech,201-1000,Quality Assurance,0,1,1,5,1,0,,,0,,,,,0,0,0,0.0,,0,
usr_00530,vis_007579,Arjun Lindqvist,2026-06-08,Mon,7,2026-06,proton.me,0,Researcher,Outside Campus,waitlist,Executive,paid_search,paid_search,cpc,brand_llm_monitoring,desktop,United States,California,Enterprise IT,11-50,Quality Assurance,0,0,1,4,1,1,2026-06-08,0,1,2026-06-08,0,104,13,0,16,1245505,2.19,2026-09-07,0,7
usr_00532,vis_007599,Kenji Verma,2026-06-08,Mon,10,2026-06,gmail.com,1,Product Manager,Outside Campus,waitlist,Individual Contributor,referral,referral,referral,partner_aiweekly,desktop,France,Ile-de-France,Healthcare,51-200,Performance Monitoring,1,0,1,2,0,0,,,0,,,,,0,0,0,0.0,,0,
usr_00533,vis_007622,Lucas Ali,2026-06-08,Mon,17,2026-06,gmail.com,1,Founder / Exec,Outside Campus,open_beta,Individual Contributor,linkedin,linkedin,social,b2b_mlsops_q2,desktop,United States,California,SaaS / Software,11-50,Cost Optimization,0,0,0,4,1,1,2026-06-08,0,1,2026-06-09,1,86,19,0,9,1071974,6.29,2026-09-01,0,
usr_00534,vis_007626,Maya Tanaka,2026-06-08,Mon,18,2026-06,outlook.com,1,Researcher,Outside Campus,invite_code,Individual Contributor,organic_search,organic_search,organic,none,desktop,United States,New York,Enterprise IT,51-200,Security & Compliance,1,0,0,2,0,0,,,0,,,,,0,0,0,0.0,,0,
usr_00535,vis_007647,Tomas Walker,2026-06-08,Mon,15,2026-06,gmail.com,1,ML Engineer,Outside Campus,invite_code,Individual Contributor,organic_search,organic_search,organic,none,desktop,Australia,New South Wales,SaaS / Software,11-50,Research & Experimentation,1,0,0,4,1,0,,,0,,,,,0,0,0,0.0,,0,
usr_00540,vis_007751,Kenji Tanaka,2026-06-09,Tue,8,2026-06,gmail.com,1,Researcher,Outside Campus,waitlist,Individual Contributor,newsletter,newsletter,email,beta_waitlist,desktop,United Kingdom,England,Consulting / Agency,1-10,Security & Compliance,0,0,0,5,1,1,2026-06-09,0,0,,,,,0,0,0,0.0,,0,
usr_00541,vis_007759,Arjun Verma,2026-06-09,Tue,17,2026-06,gmail.com,1,Product Manager,Outside Campus,invite_code,Team Lead,referral,referral,referral,partner_aiweekly,desktop,United States,California,SaaS / Software,11-50,Cost Optimization,1,0,0,3,0,0,,,0,,,,,0,0,0,0.0,,0,
usr_00546,vis_007798,Ethan Novak,2026-06-09,Tue,10,2026-06,company.com,1,ML Engineer,Outside Campus,open_beta,Individual Contributor,linkedin,linkedin,social,b2b_mlsops_q2,desktop,United States,California,SaaS / Software,11-50,Performance Monitoring,0,0,0,5,1,1,2026-06-09,0,1,2026-06-09,0,3,103,1,3,198240,0.61,2026-06-09,0,
usr_00547,vis_007799,Tomas Johnson,2026-06-11,Thu,16,2026-06,company.com,1,Researcher,Outside Campus,invite_code,Executive,social_twitter,social_twitter,social,llm_observability_buzz,desktop,Germany,Bavaria,Media & Gaming,51-200,Security & Compliance,1,0,2,4,1,1,2026-06-11,0,1,2026-06-12,1,55,47,1,19,1644587,1.85,2026-08-04,0,
usr_00548,vis_007801,Liam Lindqvist,2026-06-09,Tue,14,2026-06,gmail.com,1,ML Engineer,Outside Campus,open_beta,Individual Contributor,direct,(direct),none,none,desktop,United States,California,SaaS / Software,1-10,Quality Assurance,0,0,0,0,0,1,2026-06-12,3,1,2026-06-14,5,97,4,0,40,3286668,3.59,2026-09-16,1,8
usr_00549,vis_007818,Chen Smith,2026-06-09,Tue,17,2026-06,gmail.com,1,Data Scientist,Outside Campus,waitlist,Individual Contributor,organic_search,organic_search,organic,none,desktop,Japan,Tokyo,FinTech,51-200,Performance Monitoring,0,0,0,4,1,1,2026-06-12,3,1,2026-06-14,5,7,91,1,5,231949,0.96,2026-06-21,0,8
usr_00550,vis_007821,Tomas Ali,2026-06-14,Sun,17,2026-06,company.com,0,Security Engineer,Outside Campus,open_beta,Manager,organic_search,organic_search,organic,none,desktop,Brazil,Sao Paulo,SaaS / Software,11-50,Security & Compliance,0,0,5,3,0,0,,,0,,,,,0,0,0,0.0,,0,
usr_00551,vis_007840,Hassan Garcia,2026-06-10,Wed,8,2026-06,proton.me,0,ML Engineer,Outside Campus,open_beta,Individual Contributor,organic_search,organic_search,organic,none,desktop,United States,California,Consulting / Agency,11-50,Performance Monitoring,0,0,0,4,1,1,2026-06-10,0,1,2026-06-10,0,62,46,1,30,2399962,2.88,2026-08-05,1,8
usr_00552,vis_007849,Aisha Yamamoto,2026-06-10,Wed,19,2026-06,gmail.com,0,Data Scientist,Outside Campus,open_beta,Individual Contributor,newsletter,newsletter,email,beta_waitlist,desktop,United States,California,Enterprise IT,11-50,Security & Compliance,0,0,0,5,1,1,2026-06-11,1,0,,,,,0,0,0,0.0,,0,
usr_00554,vis_007889,Liam Haddad,2026-06-10,Wed,12,2026-06,outlook.com,1,Data Scientist,Outside Campus,open_beta,Executive,referral,referral,referral,partner_aiweekly,mobile,France,Ile-de-France,FinTech,1-10,Performance Monitoring,1,0,0,3,0,0,,,0,,,,,0,0,0,0.0,,0,
usr_00556,vis_007915,Noah Walker,2026-06-10,Wed,8,2026-06,gmail.com,0,Product Manager,Outside Campus,invite_code,Executive,newsletter,newsletter,email,beta_waitlist,desktop,United States,California,SaaS / Software,51-200,Performance Monitoring,1,0,0,5,1,1,2026-06-10,0,0,,,,,0,0,0,0.0,,0,
usr_00557,vis_007922,Fatima Brown,2026-06-10,Wed,21,2026-06,gmail.com,1,Product Manager,Outside Campus,waitlist,Executive,paid_search,paid_search,cpc,brand_llm_monitoring,desktop,United States,New York,Healthcare,1-10,Security & Compliance,0,0,0,0,0,0,,,0,,,,,0,0,0,0.0,,0,
usr_00558,vis_007937,Maya Petrova,2026-06-18,Thu,9,2026-06,gmail.com,1,Product Manager,Outside Campus,open_beta,Team Lead,organic_search,organic_search,organic,none,desktop,Brazil,Sao Paulo,Media & Gaming,51-200,Performance Monitoring,0,0,8,4,1,0,,,0,,,,,0,0,0,0.0,,0,
usr_00559,vis_007958,Priya Rossi,2026-06-11,Thu,13,2026-06,gmail.com,1,ML Engineer,Outside Campus,invite_code,Team Lead,paid_search,paid_search,cpc,brand_llm_monitoring,mobile,Germany,Bavaria,Healthcare,1-10,Security & Compliance,1,0,0,5,1,1,2026-06-11,0,1,2026-06-11,0,57,44,1,21,2253032,5.48,2026-08-07,0,
usr_00560,vis_007960,Arjun Petrova,2026-06-11,Thu,8,2026-06,company.com,1,ML Engineer,Outside Campus,waitlist,Manager,organic_search,organic_search,organic,none,desktop,United States,California,SaaS / Software,1-10,Cost Optimization,0,0,0,4,1,1,2026-06-11,0,1,2026-06-11,0,101,0,0,27,2855103,3.89,2026-09-20,1,7
usr_00561,vis_007971,Arjun Silva,2026-06-11,Thu,22,2026-06,company.com,0,Data Scientist,Outside Campus,invite_code,Individual Contributor,newsletter,newsletter,email,beta_waitlist,desktop,United States,California,SaaS / Software,1000+,Research & Experimentation,1,0,0,4,1,1,2026-06-15,4,1,2026-06-16,5,91,5,0,49,4559364,17.3,2026-09-15,1,8
usr_00562,vis_007972,Ethan Wang,2026-06-11,Thu,21,2026-06,university.edu,1,ML Engineer,Outside Campus,invite_code,Individual Contributor,organic_search,organic_search,organic,none,desktop,India,Karnataka,SaaS / Software,11-50,Quality Assurance,1,0,0,5,1,1,2026-06-12,1,1,2026-06-13,2,26,76,1,10,1664056,4.56,2026-07-06,0,7
usr_00563,vis_007986,Fatima Iyer,2026-06-12,Fri,22,2026-06,gmail.com,1,Security Engineer,Outside Campus,open_beta,Individual Contributor,hackernews,hackernews,social,show_hn_launch,desktop,United States,California,Media & Gaming,11-50,Security & Compliance,0,0,1,5,1,1,2026-06-18,6,1,2026-06-21,9,91,0,0,36,3379342,20.88,2026-09-20,1,8
usr_00566,vis_008013,Diego Walker,2026-06-13,Sat,16,2026-06,gmail.com,1,ML Engineer,Outside Campus,invite_code,Individual Contributor,hackernews,hackernews,social,show_hn_launch,desktop,United States,California,SaaS / Software,51-200,Performance Monitoring,1,0,2,5,1,1,2026-06-15,2,1,2026-06-17,4,95,0,0,34,2484617,8.12,2026-09-20,1,
usr_00567,vis_008027,Ingrid Garcia,2026-06-11,Thu,18,2026-06,gmail.com,1,ML Engineer,Outside Campus,waitlist,Team Lead,direct,(direct),none,none,desktop,Canada,Ontario,SaaS / Software,1-10,Performance Monitoring,0,0,0,5,1,1,2026-06-19,8,0,,,,,0,0,0,0.0,,0,
usr_00568,vis_008031,Ingrid Lindqvist,2026-06-11,Thu,12,2026-06,gmail.com,1,Data Scientist,Outside Campus,open_beta,Team Lead,social_twitter,social_twitter,social,llm_observability_buzz,mobile,India,Karnataka,FinTech,51-200,Quality Assurance,0,0,0,5,1,0,,,0,,,,,0,0,0,0.0,,0,
usr_00570,vis_008083,Nadia Yamamoto,2026-06-12,Fri,11,2026-06,company.com,1,Data Scientist,Outside Campus,invite_code,Individual Contributor,hackernews,hackernews,social,show_hn_launch,mobile,United States,California,FinTech,11-50,Cost Optimization,1,0,0,5,1,0,,,0,,,,,0,0,0,0.0,,0,
usr_00571,vis_008089,Noah Verma,2026-06-12,Fri,8,2026-06,gmail.com,0,Researcher,Outside Campus,waitlist,Individual Contributor,linkedin,linkedin,social,b2b_mlsops_q2,desktop,Netherlands,North Holland,FinTech,11-50,Quality Assurance,0,0,0,5,1,1,2026-06-13,1,1,2026-06-13,1,3,99,1,2,318506,0.42,2026-06-13,0,8
usr_00572,vis_008090,Kenji Sato,2026-06-13,Sat,12,2026-06,company.com,1,ML Engineer,Outside Campus,invite_code,Team Lead,organic_search,organic_search,organic,none,desktop,United States,California,SaaS / Software,51-200,Performance Monitoring,1,0,1,4,1,1,2026-06-13,0,1,2026-06-13,0,99,0,0,46,4725600,18.1,2026-09-20,1,
usr_00574,vis_008126,Ingrid Wang,2026-06-12,Fri,21,2026-06,company.com,0,Product Manager,Outside Campus,open_beta,Team Lead,organic_search,organic_search,organic,none,mobile,India,Karnataka,SaaS / Software,1-10,Quality Assurance,0,0,0,5,1,1,2026-06-12,0,1,2026-06-15,3,38,83,1,8,680270,3.12,2026-06-29,0,
usr_00575,vis_008141,Kenji Muller,2026-06-14,Sun,11,2026-06,gmail.com,1,Product Manager,Outside Campus,open_beta,Individual Contributor,referral,referral,referral,partner_aiweekly,desktop,United States,California,SaaS / Software,1-10,Cost Optimization,1,0,2,3,0,0,,,0,,,,,0,0,0,0.0,,0,
usr_00576,vis_008184,Lucas Kim,2026-06-14,Sun,11,2026-06,gmail.com,1,ML Engineer,Outside Campus,open_beta,Team Lead,organic_search,organic_search,organic,none,desktop,Canada,Ontario,SaaS / Software,1-10,Security & Compliance,0,0,1,3,0,1,2026-06-14,0,1,2026-06-14,0,98,0,0,37,2536655,8.76,2026-09-20,1,8
usr_00577,vis_008191,Ingrid Kim,2026-06-13,Sat,15,2026-06,proton.me,1,Researcher,Outside Campus,open_beta,Individual Contributor,organic_search,organic_search,organic,none,tablet,Singapore,Central,Research Lab / Academia,11-50,Performance Monitoring,0,0,0,0,0,1,2026-06-13,0,1,2026-06-15,2,12,86,1,4,669188,0.41,2026-06-26,0,8
usr_00578,vis_008192,Ethan Khan,2026-06-14,Sun,10,2026-06,company.com,1,Product Manager,Outside Campus,waitlist,Individual Contributor,newsletter,newsletter,email,beta_waitlist,desktop,United States,California,E-commerce,11-50,Security & Compliance,0,0,1,5,1,0,,,0,,,,,0,0,0,0.0,,0,
usr_00581,vis_008261,Nadia Wang,2026-06-14,Sun,15,2026-06,gmail.com,1,Data Scientist,Outside Campus,open_beta,Team Lead,referral,referral,referral,partner_aiweekly,desktop,United States,California,SaaS / Software,11-50,Quality Assurance,1,0,0,5,1,1,2026-06-14,0,1,2026-06-14,0,10,88,1,7,460345,0.26,2026-06-24,0,5
usr_00582,vis_008266,Ingrid Costa,2026-06-17,Wed,13,2026-06,company.com,0,ML Engineer,Outside Campus,waitlist,Individual Contributor,social_twitter,social_twitter,social,llm_observability_buzz,desktop,United States,California,Consulting / Agency,201-1000,Cost Optimization,0,0,3,5,1,1,2026-06-19,2,1,2026-06-22,5,15,75,1,11,661556,0.87,2026-07-07,0,6
usr_00583,vis_008281,Liam Muller,2026-06-14,Sun,22,2026-06,gmail.com,1,Data Scientist,Outside Campus,open_beta,Manager,direct,(direct),none,none,desktop,United States,California,E-commerce,11-50,Security & Compliance,0,0,0,2,0,1,2026-06-14,0,1,2026-06-14,0,41,62,1,13,808833,4.72,2026-07-20,0,6
usr_00584,vis_008305,Elena Lindqvist,2026-06-14,Sun,21,2026-06,gmail.com,0,Security Engineer,Outside Campus,invite_code,Manager,direct,(direct),none,none,desktop,United Kingdom,England,FinTech,1-10,Cost Optimization,1,1,0,4,1,1,2026-06-15,1,1,2026-06-17,3,21,80,1,13,1028752,0.52,2026-07-02,0,10
usr_00586,vis_008345,Ethan Ali,2026-06-20,Sat,11,2026-06,gmail.com,1,Security Engineer,Outside Campus,invite_code,Team Lead,organic_search,organic_search,organic,none,tablet,United States,California,SaaS / Software,1000+,Research & Experimentation,1,0,5,5,1,1,2026-06-20,0,0,,,,,0,0,0,0.0,,0,
usr_00587,vis_008364,Rahul Petrova,2026-06-15,Mon,13,2026-06,gmail.com,1,Product Manager,Outside Campus,open_beta,Individual Contributor,paid_search,paid_search,cpc,brand_llm_monitoring,desktop,United Kingdom,England,E-commerce,11-50,Cost Optimization,0,0,0,5,1,1,2026-06-15,0,1,2026-06-15,0,13,91,1,1,22079,0.01,2026-06-21,0,8
usr_00588,vis_008373,Liam Tanaka,2026-06-15,Mon,14,2026-06,outlook.com,1,Founder / Exec,Outside Campus,open_beta,Manager,paid_search,paid_search,cpc,brand_llm_monitoring,desktop,France,Ile-de-France,Enterprise IT,1-10,Quality Assurance,0,0,0,5,1,0,,,0,,,,,0,0,0,0.0,,0,
usr_00589,vis_008404,Elena Brown,2026-06-15,Mon,19,2026-06,company.com,1,Data Scientist,Outside Campus,open_beta,Individual Contributor,referral,referral,referral,partner_aiweekly,desktop,Poland,Mazovia,Consulting / Agency,201-1000,Performance Monitoring,1,0,0,3,0,0,,,0,,,,,0,0,0,0.0,,0,
usr_00590,vis_008416,Diego Wang,2026-06-15,Mon,11,2026-06,company.com,1,Security Engineer,Outside Campus,invite_code,Individual Contributor,referral,referral,referral,partner_aiweekly,desktop,Netherlands,North Holland,Media & Gaming,11-50,Cost Optimization,1,0,0,1,0,1,2026-06-16,1,1,2026-06-17,2,95,4,0,35,3734033,11.74,2026-09-16,1,7
usr_00591,vis_008432,Mei Lindqvist,2026-06-21,Sun,19,2026-06,gmail.com,1,Data Scientist,Outside Campus,open_beta,Executive,direct,(direct),none,none,desktop,Spain,Catalonia,Enterprise IT,51-200,Performance Monitoring,0,0,5,5,1,1,2026-06-21,0,0,,,,,0,0,0,0.0,,0,
usr_00593,vis_008451,Emma Nair,2026-06-17,Wed,8,2026-06,gmail.com,1,ML Engineer,Outside Campus,open_beta,Individual Contributor,direct,(direct),none,none,desktop,United Kingdom,England,FinTech,1-10,Cost Optimization,0,0,1,5,1,1,2026-06-17,0,1,2026-06-17,0,12,83,1,6,414971,0.37,2026-06-29,0,
usr_00596,vis_008520,Sofia Garcia,2026-06-16,Tue,12,2026-06,gmail.com,1,Security Engineer,Outside Campus,open_beta,Executive,organic_search,organic_search,organic,none,desktop,United States,California,E-commerce,11-50,Performance Monitoring,0,0,0,5,1,1,2026-06-18,2,1,2026-06-21,5,26,67,1,10,1100696,0.7,2026-07-15,0,
usr_00598,vis_008530,Lucas Verma,2026-06-16,Tue,19,2026-06,outlook.com,1,Data Scientist,Outside Campus,waitlist,Team Lead,referral,referral,referral,partner_aiweekly,mobile,South Korea,Seoul,Research Lab / Academia,11-50,Security & Compliance,1,0,0,5,1,0,,,0,,,,,0,0,0,0.0,,0,
usr_00599,vis_008546,Elena Novak,2026-06-17,Wed,16,2026-06,company.com,1,Security Engineer,Outside Campus,open_beta,Individual Contributor,hackernews,hackernews,social,show_hn_launch,mobile,United States,California,Media & Gaming,201-1000,Research & Experimentation,0,0,0,5,1,1,2026-06-19,2,1,2026-06-20,3,38,56,1,15,1491428,6.74,2026-07-26,0,9
usr_00600,vis_008556,Mei Sharma,2026-06-17,Wed,9,2026-06,university.edu,1,Founder / Exec,Outside Campus,open_beta,Individual Contributor,linkedin,linkedin,social,b2b_mlsops_q2,mobile,United States,California,Media & Gaming,201-1000,Cost Optimization,0,0,0,3,0,0,,,0,,,,,0,0,0,0.0,,0,
usr_00601,vis_008576,Noah Sharma,2026-06-17,Wed,11,2026-06,company.com,1,Founder / Exec,Outside Campus,invite_code,Individual Contributor,organic_search,organic_search,organic,none,mobile,Germany,Bavaria,SaaS / Software,201-1000,Performance Monitoring,1,0,0,5,1,1,2026-06-21,4,1,2026-06-21,4,15,76,1,4,242623,0.43,2026-07-06,0,9
usr_00602,vis_008578,Sofia Nair,2026-06-17,Wed,19,2026-06,university.edu,1,Researcher,Outside Campus,waitlist,Manager,direct,(direct),none,none,desktop,Australia,New South Wales,SaaS / Software,1-10,Cost Optimization,0,0,0,2,0,1,2026-06-17,0,1,2026-06-17,0,55,45,1,17,1259455,1.36,2026-08-06,0,
usr_00604,vis_008608,Emma Rossi,2026-06-17,Wed,15,2026-06,gmail.com,0,Data Scientist,Outside Campus,invite_code,Individual Contributor,organic_search,organic_search,organic,none,desktop,United States,California,Healthcare,11-50,Cost Optimization,1,0,0,5,1,1,2026-06-19,2,1,2026-06-20,3,92,0,0,39,3531376,10.29,2026-09-20,1,8
usr_00606,vis_008618,Sofia Muller,2026-06-17,Wed,10,2026-06,gmail.com,1,Security Engineer,Outside Campus,open_beta,Manager,newsletter,newsletter,email,beta_waitlist,desktop,Israel,Tel Aviv,SaaS / Software,51-200,Quality Assurance,0,0,0,5,1,0,,,0,,,,,0,0,0,0.0,,0,
usr_00607,vis_008628,Mei Haddad,2026-06-25,Thu,21,2026-06,proton.me,1,ML Engineer,Outside Campus,invite_code,Individual Contributor,hackernews,hackernews,social,show_hn_launch,desktop,United Kingdom,England,Enterprise IT,51-200,Performance Monitoring,1,0,8,5,1,1,2026-06-26,1,1,2026-06-29,4,83,11,0,37,4322374,4.65,2026-09-09,1,8
usr_00609,vis_008636,Hassan Muller,2026-06-17,Wed,9,2026-06,gmail.com,1,Data Scientist,Outside Campus,open_beta,Executive,direct,(direct),none,none,mobile,United States,California,Consulting / Agency,1-10,Research & Experimentation,0,0,0,5,1,0,,,0,,,,,0,0,0,0.0,,0,
usr_00610,vis_008656,Mei Yamamoto,2026-06-18,Thu,20,2026-06,gmail.com,0,Data Scientist,Outside Campus,invite_code,Individual Contributor,organic_search,organic_search,organic,none,desktop,United States,New York,Consulting / Agency,11-50,Cost Optimization,1,0,1,5,1,0,,,0,,,,,0,0,0,0.0,,0,
usr_00612,vis_008682,Priya Lindqvist,2026-06-26,Fri,19,2026-06,outlook.com,1,ML Engineer,Outside Campus,open_beta,Individual Contributor,linkedin,linkedin,social,b2b_mlsops_q2,desktop,Australia,New South Wales,Media & Gaming,11-50,Cost Optimization,0,0,8,5,1,0,,,0,,,,,0,0,0,0.0,,0,
usr_00614,vis_008746,Mei Petrova,2026-06-20,Sat,16,2026-06,gmail.com,1,ML Engineer,Outside Campus,invite_code,Manager,direct,(direct),none,none,desktop,India,Karnataka,E-commerce,1-10,Cost Optimization,1,0,2,0,0,1,2026-06-20,0,1,2026-06-20,0,92,0,0,36,3174753,1.97,2026-09-20,1,
usr_00615,vis_008768,Ingrid Haddad,2026-06-21,Sun,17,2026-06,gmail.com,0,ML Engineer,Outside Campus,open_beta,Executive,hackernews,hackernews,social,show_hn_launch,desktop,United States,California,SaaS / Software,1000+,Security & Compliance,0,0,3,5,1,1,2026-06-21,0,0,,,,,0,0,0,0.0,,0,
usr_00616,vis_008779,Mei Novak,2026-06-19,Fri,7,2026-06,company.com,1,ML Engineer,Outside Campus,waitlist,Executive,referral,referral,referral,partner_aiweekly,desktop,United States,California,Consulting / Agency,51-200,Cost Optimization,1,1,0,5,1,1,2026-06-20,1,1,2026-06-20,1,92,0,0,33,2692361,6.2,2026-09-20,1,7
usr_00617,vis_008792,Omar Garcia,2026-06-22,Mon,20,2026-06,outlook.com,1,Researcher,Outside Campus,open_beta,Team Lead,organic_search,organic_search,organic,none,mobile,Poland,Mazovia,SaaS / Software,1-10,Security & Compliance,0,0,3,5,1,1,2026-06-23,1,1,2026-06-23,1,89,5,0,28,2372470,1.52,2026-09-15,1,
usr_00618,vis_008799,Chen Nair,2026-06-20,Sat,16,2026-06,company.com,1,Data Scientist,Outside Campus,open_beta,Team Lead,social_twitter,social_twitter,social,llm_observability_buzz,desktop,France,Ile-de-France,Media & Gaming,1-10,Security & Compliance,0,0,1,5,1,1,2026-06-21,1,1,2026-06-21,1,55,37,1,26,2097148,13.87,2026-08-14,1,8
usr_00620,vis_008810,Tomas Lindqvist,2026-06-19,Fri,15,2026-06,company.com,1,Security Engineer,Outside Campus,open_beta,Individual Contributor,social_twitter,social_twitter,social,llm_observability_buzz,desktop,United States,California,SaaS / Software,51-200,Security & Compliance,0,0,0,2,0,1,2026-06-21,2,1,2026-06-21,2,91,2,0,32,3203821,20.82,2026-09-18,1,
usr_00621,vis_008830,Aisha Lindqvist,2026-06-19,Fri,12,2026-06,company.com,1,Founder / Exec,Outside Campus,invite_code,Executive,direct,(direct),none,none,desktop,United States,California,FinTech,1000+,Performance Monitoring,1,0,0,5,1,0,,,0,,,,,0,0,0,0.0,,0,
usr_00622,vis_008833,Priya Sato,2026-06-19,Fri,7,2026-06,company.com,1,Data Scientist,Outside Campus,open_beta,Team Lead,hackernews,hackernews,social,show_hn_launch,desktop,United States,California,FinTech,201-1000,Cost Optimization,0,0,0,0,0,0,,,0,,,,,0,0,0,0.0,,0,
usr_00625,vis_008918,Ingrid Novak,2026-06-22,Mon,17,2026-06,outlook.com,1,Researcher,Outside Campus,open_beta,Manager,referral,referral,referral,partner_aiweekly,desktop,Canada,Ontario,E-commerce,11-50,Performance Monitoring,1,0,2,5,1,0,,,0,,,,,0,0,0,0.0,,0,
usr_00626,vis_008960,Emma Nair,2026-06-21,Sun,7,2026-06,gmail.com,1,Data Scientist,Outside Campus,open_beta,Individual Contributor,referral,referral,referral,partner_aiweekly,desktop,India,Karnataka,SaaS / Software,11-50,Security & Compliance,1,0,1,0,0,1,2026-06-21,0,1,2026-06-22,1,19,71,1,9,845655,2.07,2026-07-11,0,8
usr_00627,vis_008965,Aisha Tanaka,2026-06-20,Sat,18,2026-06,company.com,0,ML Engineer,Outside Campus,open_beta,Team Lead,paid_search,paid_search,cpc,brand_llm_monitoring,desktop,United States,California,Media & Gaming,1-10,Security & Compliance,0,0,0,5,1,1,2026-06-22,2,1,2026-06-22,2,13,79,1,12,911036,4.77,2026-07-03,0,9
usr_00629,vis_008977,Emma Wang,2026-06-21,Sun,17,2026-06,university.edu,1,Data Scientist,Outside Campus,open_beta,Team Lead,social_twitter,social_twitter,social,llm_observability_buzz,desktop,Germany,Bavaria,Consulting / Agency,201-1000,Performance Monitoring,0,0,0,5,1,1,2026-06-21,0,0,,,,,0,0,0,0.0,,0,
usr_00630,vis_008986,Omar Ali,2026-06-24,Wed,9,2026-06,company.com,1,Product Manager,Outside Campus,open_beta,Individual Contributor,organic_search,organic_search,organic,none,desktop,United Kingdom,England,Research Lab / Academia,51-200,Security & Compliance,0,0,3,5,1,1,2026-06-24,0,1,2026-06-25,1,20,67,1,6,1291687,5.03,2026-07-15,0,8
usr_00631,vis_009001,Mei Smith,2026-06-21,Sun,21,2026-06,gmail.com,1,Researcher,Outside Campus,open_beta,Individual Contributor,linkedin,linkedin,social,b2b_mlsops_q2,desktop,Singapore,Central,SaaS / Software,1-10,Quality Assurance,0,0,0,5,1,1,2026-06-22,1,1,2026-06-22,1,25,65,1,12,833162,3.52,2026-07-17,0,9
usr_00633,vis_009076,Maya Kim,2026-06-22,Mon,18,2026-06,gmail.com,1,Security Engineer,Outside Campus,open_beta,Team Lead,hackernews,hackernews,social,show_hn_launch,desktop,United States,California,SaaS / Software,11-50,Security & Compliance,0,0,0,5,1,1,2026-06-22,0,1,2026-06-22,0,78,12,0,34,2764044,14.72,2026-09-08,1,8
usr_00634,vis_009093,Ingrid Verma,2026-06-27,Sat,13,2026-06,gmail.com,1,ML Engineer,Outside Campus,open_beta,Individual Contributor,organic_search,organic_search,organic,none,desktop,India,Karnataka,FinTech,11-50,Cost Optimization,0,1,5,0,0,1,2026-06-29,2,1,2026-07-02,5,80,6,0,28,2939365,11.79,2026-09-14,1,9
usr_00635,vis_009120,Rahul Kim,2026-06-22,Mon,9,2026-06,gmail.com,1,Data Scientist,Outside Campus,invite_code,Manager,organic_search,organic_search,organic,none,desktop,Brazil,Sao Paulo,FinTech,51-200,Research & Experimentation,1,0,0,5,1,1,2026-06-23,1,1,2026-06-24,2,88,7,0,34,2414668,6.61,2026-09-13,1,9
usr_00638,vis_009138,Kenji Yamamoto,2026-06-27,Sat,16,2026-06,gmail.com,1,ML Engineer,Outside Campus,open_beta,Individual Contributor,referral,referral,referral,partner_aiweekly,mobile,Israel,Tel Aviv,FinTech,1-10,Quality Assurance,1,0,5,5,1,1,2026-07-01,4,1,2026-07-03,6,78,1,0,35,3355687,13.06,2026-09-19,1,7
usr_00639,vis_009145,Tomas Rossi,2026-06-22,Mon,21,2026-06,gmail.com,1,Security Engineer,Outside Campus,invite_code,Manager,newsletter,newsletter,email,beta_waitlist,mobile,India,Karnataka,FinTech,11-50,Quality Assurance,1,0,0,2,0,1,2026-06-22,0,1,2026-06-22,0,45,45,1,21,2671159,15.49,2026-08-06,0,8
usr_00640,vis_009175,Ethan Wang,2026-06-23,Tue,19,2026-06,company.com,1,ML Engineer,Outside Campus,open_beta,Individual Contributor,referral,referral,referral,partner_aiweekly,desktop,United Kingdom,England,FinTech,11-50,Performance Monitoring,1,0,0,4,1,0,,,0,,,,,0,0,0,0.0,,0,
usr_00642,vis_009193,Mei Costa,2026-06-23,Tue,9,2026-06,company.com,1,Data Scientist,Outside Campus,invite_code,Executive,organic_search,organic_search,organic,none,desktop,United States,California,SaaS / Software,51-200,Quality Assurance,1,0,0,5,1,1,2026-06-24,1,1,2026-06-24,1,88,3,0,37,3333525,13.08,2026-09-17,1,7
usr_00644,vis_009238,Hassan Yamamoto,2026-06-23,Tue,12,2026-06,company.com,1,Product Manager,Outside Campus,invite_code,Individual Contributor,referral,referral,referral,partner_aiweekly,mobile,Poland,Mazovia,Consulting / Agency,201-1000,Security & Compliance,1,0,0,4,1,1,2026-06-23,0,0,,,,,0,0,0,0.0,,0,
usr_00646,vis_009253,Hassan Petrova,2026-07-01,Wed,13,2026-07,company.com,1,Product Manager,Outside Campus,invite_code,Individual Contributor,linkedin,linkedin,social,b2b_mlsops_q2,desktop,United States,California,E-commerce,1-10,Performance Monitoring,1,0,8,2,0,0,,,0,,,,,0,0,0,0.0,,0,
usr_00647,vis_009277,Kenji Costa,2026-06-25,Thu,7,2026-06,gmail.com,1,Researcher,Outside Campus,open_beta,Team Lead,linkedin,linkedin,social,b2b_mlsops_q2,desktop,Netherlands,North Holland,E-commerce,1-10,Quality Assurance,0,0,1,0,0,1,2026-06-27,2,1,2026-06-27,2,66,21,0,17,841741,2.22,2026-08-30,0,
usr_00651,vis_009308,Zoe Khan,2026-06-24,Wed,15,2026-06,gmail.com,1,Data Scientist,Outside Campus,open_beta,Individual Contributor,organic_search,organic_search,organic,none,desktop,United Kingdom,England,Enterprise IT,11-50,Security & Compliance,0,0,0,4,1,0,,,0,,,,,0,0,0,0.0,,0,
usr_00652,vis_009310,Ingrid Wang,2026-06-24,Wed,7,2026-06,gmail.com,0,Data Scientist,Outside Campus,open_beta,Manager,linkedin,linkedin,social,b2b_mlsops_q2,desktop,United States,New York,FinTech,1000+,Security & Compliance,0,0,0,4,1,0,,,0,,,,,0,0,0,0.0,,0,
usr_00654,vis_009318,Emma Kim,2026-07-02,Thu,14,2026-07,gmail.com,1,ML Engineer,Outside Campus,open_beta,Individual Contributor,direct,(direct),none,none,desktop,United Kingdom,England,SaaS / Software,1000+,Quality Assurance,0,0,8,5,1,1,2026-07-02,0,0,,,,,0,0,0,0.0,,0,
usr_00655,vis_009321,Aisha Tanaka,2026-06-24,Wed,22,2026-06,gmail.com,1,ML Engineer,Outside Campus,open_beta,Team Lead,hackernews,hackernews,social,show_hn_launch,desktop,Canada,Ontario,Research Lab / Academia,1-10,Cost Optimization,0,0,0,5,1,1,2026-06-24,0,1,2026-06-24,0,12,76,1,3,335605,0.57,2026-07-06,0,8
usr_00656,vis_009322,Chen Novak,2026-06-24,Wed,19,2026-06,gmail.com,1,Security Engineer,Outside Campus,open_beta,Manager,social_twitter,social_twitter,social,llm_observability_buzz,desktop,United States,New York,SaaS / Software,1-10,Security & Compliance,0,0,0,5,1,1,2026-06-24,0,1,2026-06-26,2,86,1,0,28,2167426,8.12,2026-09-19,1,6
usr_00657,vis_009334,Ethan Tanaka,2026-06-24,Wed,16,2026-06,company.com,1,Data Scientist,Outside Campus,invite_code,Individual Contributor,organic_search,organic_search,organic,none,desktop,Germany,Bavaria,SaaS / Software,11-50,Quality Assurance,1,0,0,4,1,1,2026-06-25,1,1,2026-06-25,1,54,33,1,17,1947077,4.48,2026-08-18,0,9
usr_00659,vis_009355,Omar Nair,2026-06-25,Thu,9,2026-06,gmail.com,1,ML Engineer,Outside Campus,open_beta,Individual Contributor,social_twitter,social_twitter,social,llm_observability_buzz,desktop,United States,California,E-commerce,11-50,Cost Optimization,0,0,1,2,0,0,,,0,,,,,0,0,0,0.0,,0,
usr_00661,vis_009414,Liam Yamamoto,2026-06-26,Fri,18,2026-06,company.com,1,Product Manager,Outside Campus,open_beta,Manager,organic_search,organic_search,organic,none,desktop,Netherlands,North Holland,Enterprise IT,201-1000,Cost Optimization,0,0,1,5,1,1,2026-06-26,0,1,2026-06-26,0,8,78,1,2,270477,0.1,2026-07-04,0,
usr_00662,vis_009437,Tomas Yamamoto,2026-06-26,Fri,15,2026-06,gmail.com,0,Product Manager,Outside Campus,open_beta,Executive,linkedin,linkedin,social,b2b_mlsops_q2,desktop,Canada,Ontario,SaaS / Software,1000+,Performance Monitoring,0,0,1,4,1,0,,,0,,,,,0,0,0,0.0,,0,
usr_00663,vis_009444,Tomas Haddad,2026-06-25,Thu,18,2026-06,company.com,0,ML Engineer,Outside Campus,open_beta,Individual Contributor,organic_search,organic_search,organic,none,desktop,United States,California,E-commerce,11-50,Cost Optimization,0,0,0,5,1,0,,,0,,,,,0,0,0,0.0,,0,
usr_00664,vis_009445,Yuki Smith,2026-06-25,Thu,9,2026-06,outlook.com,1,ML Engineer,Outside Campus,open_beta,Individual Contributor,organic_search,organic_search,organic,none,mobile,United States,California,Healthcare,51-200,Cost Optimization,0,0,0,1,0,1,2026-06-26,1,1,2026-06-26,1,86,0,0,28,3118881,19.61,2026-09-20,1,10
usr_00665,vis_009448,Omar Nair,2026-06-26,Fri,15,2026-06,outlook.com,1,Product Manager,Outside Campus,open_beta,Team Lead,hackernews,hackernews,social,show_hn_launch,desktop,Brazil,Sao Paulo,E-commerce,1-10,Performance Monitoring,0,0,1,5,1,0,,,0,,,,,0,0,0,0.0,,0,
usr_00666,vis_009465,Noah Sato,2026-06-26,Fri,21,2026-06,gmail.com,0,Security Engineer,Outside Campus,invite_code,Individual Contributor,paid_search,paid_search,cpc,brand_llm_monitoring,desktop,Spain,Catalonia,SaaS / Software,1-10,Cost Optimization,1,0,1,5,1,1,2026-06-27,1,1,2026-07-03,7,3,79,1,5,424831,0.65,2026-07-03,0,9
usr_00667,vis_009502,Chen Sato,2026-06-25,Thu,22,2026-06,gmail.com,1,Product Manager,Outside Campus,open_beta,Executive,hackernews,hackernews,social,show_hn_launch,desktop,United States,California,E-commerce,1-10,Cost Optimization,0,0,0,5,1,0,,,0,,,,,0,0,0,0.0,,0,
usr_00668,vis_009509,Lucas Petrova,2026-06-27,Sat,12,2026-06,gmail.com,1,Product Manager,Outside Campus,open_beta,Executive,hackernews,hackernews,social,show_hn_launch,desktop,India,Karnataka,Healthcare,1-10,Security & Compliance,0,0,2,5,1,1,2026-06-27,0,1,2026-06-27,0,50,35,1,13,1146065,3.52,2026-08-16,0,
usr_00669,vis_009534,Tomas Kim,2026-06-26,Fri,20,2026-06,gmail.com,1,Product Manager,Outside Campus,invite_code,Individual Contributor,hackernews,hackernews,social,show_hn_launch,mobile,Netherlands,North Holland,E-commerce,51-200,Performance Monitoring,1,0,0,5,1,0,,,0,,,,,0,0,0,0.0,,0,
usr_00670,vis_009539,Rahul Silva,2026-07-01,Wed,18,2026-07,company.com,1,ML Engineer,Outside Campus,open_beta,Individual Contributor,referral,referral,referral,partner_aiweekly,desktop,Germany,Bavaria,FinTech,11-50,Quality Assurance,1,0,5,3,0,1,2026-07-01,0,1,2026-07-03,2,79,5,0,13,1170258,6.76,2026-09-15,0,
usr_00671,vis_009564,Lucas Lindqvist,2026-06-27,Sat,9,2026-06,company.com,1,ML Engineer,Outside Campus,open_beta,Individual Contributor,organic_search,organic_search,organic,none,desktop,France,Ile-de-France,E-commerce,201-1000,Security & Compliance,0,0,1,4,1,1,2026-07-01,4,1,2026-07-01,4,30,53,1,20,1910757,6.3,2026-07-29,0,5
usr_00672,vis_009591,Diego Petrova,2026-06-27,Sat,17,2026-06,gmail.com,1,Security Engineer,Outside Campus,waitlist,Team Lead,organic_search,organic_search,organic,none,desktop,France,Ile-de-France,FinTech,1-10,Security & Compliance,0,0,1,4,1,1,2026-06-27,0,1,2026-06-27,0,85,0,0,22,1821172,7.48,2026-09-20,0,
usr_00673,vis_009594,Ingrid Silva,2026-06-26,Fri,22,2026-06,gmail.com,1,ML Engineer,Outside Campus,waitlist,Individual Contributor,social_twitter,social_twitter,social,llm_observability_buzz,desktop,Germany,Bavaria,Media & Gaming,11-50,Cost Optimization,0,0,0,5,1,1,2026-06-27,1,0,,,,,0,0,0,0.0,,0,
usr_00674,vis_009603,Nadia Sato,2026-06-29,Mon,14,2026-06,gmail.com,1,Founder / Exec,Outside Campus,invite_code,Individual Contributor,direct,(direct),none,none,desktop,India,Karnataka,SaaS / Software,51-200,Performance Monitoring,1,0,3,3,0,1,2026-07-01,2,1,2026-07-02,3,59,21,0,14,1092555,7.31,2026-08-30,0,7
usr_00675,vis_009607,Lucas Smith,2026-06-28,Sun,19,2026-06,gmail.com,1,ML Engineer,Outside Campus,open_beta,Individual Contributor,organic_search,organic_search,organic,none,desktop,United States,California,Healthcare,11-50,Security & Compliance,0,0,2,5,1,1,2026-06-30,2,1,2026-07-02,4,18,62,1,8,384120,1.6,2026-07-20,0,9
usr_00676,vis_009641,Ingrid Wang,2026-06-27,Sat,15,2026-06,company.com,0,Data Scientist,Outside Campus,open_beta,Executive,social_twitter,social_twitter,social,llm_observability_buzz,desktop,Brazil,Sao Paulo,SaaS / Software,201-1000,Cost Optimization,0,0,0,3,0,0,,,0,,,,,0,0,0,0.0,,0,
usr_00677,vis_009664,Fatima Wang,2026-06-28,Sun,11,2026-06,company.com,1,ML Engineer,Outside Campus,open_beta,Individual Contributor,linkedin,linkedin,social,b2b_mlsops_q2,desktop,United Kingdom,England,Healthcare,1-10,Cost Optimization,0,0,1,2,0,0,,,0,,,,,0,0,0,0.0,,0,
usr_00678,vis_009670,Ethan Khan,2026-06-27,Sat,18,2026-06,outlook.com,1,Product Manager,Outside Campus,open_beta,Individual Contributor,hackernews,hackernews,social,show_hn_launch,desktop,India,Karnataka,FinTech,1-10,Security & Compliance,0,0,0,5,1,1,2026-06-28,1,1,2026-06-28,1,15,70,1,7,389996,2.1,2026-07-12,0,9
usr_00679,vis_009677,Maya Khan,2026-06-27,Sat,18,2026-06,gmail.com,1,Researcher,Outside Campus,invite_code,Team Lead,referral,referral,referral,partner_aiweekly,desktop,United Kingdom,England,Consulting / Agency,11-50,Quality Assurance,1,0,0,5,1,1,2026-06-28,1,1,2026-06-29,2,83,2,0,26,1810443,2.28,2026-09-18,1,8
usr_00680,vis_009685,Liam Silva,2026-06-27,Sat,11,2026-06,gmail.com,0,Security Engineer,Outside Campus,open_beta,Individual Contributor,direct,(direct),none,none,mobile,United States,California,SaaS / Software,1-10,Quality Assurance,0,0,0,5,1,1,2026-06-27,0,1,2026-06-27,0,4,84,1,4,98560,0.45,2026-06-28,0,
usr_00682,vis_009714,Chen Kim,2026-06-28,Sun,11,2026-06,outlook.com,1,Product Manager,Outside Campus,waitlist,Individual Contributor,social_twitter,social_twitter,social,llm_observability_buzz,desktop,United Kingdom,England,FinTech,1-10,Cost Optimization,0,1,0,5,1,0,,,0,,,,,0,0,0,0.0,,0,
usr_00683,vis_009721,Omar Sato,2026-06-28,Sun,8,2026-06,gmail.com,1,Data Scientist,Outside Campus,open_beta,Executive,social_twitter,social_twitter,social,llm_observability_buzz,desktop,Canada,Ontario,SaaS / Software,1-10,Performance Monitoring,0,0,0,5,1,1,2026-06-28,0,1,2026-07-01,3,58,23,0,13,688886,4.92,2026-08-28,0,6
usr_00684,vis_009743,Omar Garcia,2026-06-28,Sun,9,2026-06,gmail.com,1,Founder / Exec,Outside Campus,waitlist,Individual Contributor,social_twitter,social_twitter,social,llm_observability_buzz,desktop,Canada,Ontario,Consulting / Agency,1-10,Cost Optimization,0,0,0,1,0,1,2026-06-29,1,1,2026-06-30,2,7,81,1,2,124213,0.07,2026-07-01,0,9
usr_00685,vis_009751,Zoe Sato,2026-06-30,Tue,18,2026-06,gmail.com,1,Security Engineer,Outside Campus,open_beta,Individual Contributor,direct,(direct),none,none,desktop,United States,California,Research Lab / Academia,201-1000,Quality Assurance,0,0,2,5,1,1,2026-06-30,0,1,2026-06-30,0,80,4,0,26,2664823,11.24,2026-09-16,1,
usr_00686,vis_009761,Omar Rossi,2026-06-28,Sun,18,2026-06,gmail.com,0,Founder / Exec,Outside Campus,invite_code,Individual Contributor,referral,referral,referral,partner_aiweekly,desktop,Israel,Tel Aviv,SaaS / Software,51-200,Cost Optimization,1,0,0,2,0,0,,,0,,,,,0,0,0,0.0,,0,
usr_00687,vis_009823,Emma Kim,2026-06-29,Mon,17,2026-06,gmail.com,1,Security Engineer,Outside Campus,open_beta,Executive,paid_search,paid_search,cpc,brand_llm_monitoring,mobile,United States,California,SaaS / Software,1-10,Performance Monitoring,0,0,0,4,1,0,,,0,,,,,0,0,0,0.0,,0,
usr_00689,vis_009888,Ethan Rossi,2026-06-30,Tue,12,2026-06,gmail.com,1,Founder / Exec,Outside Campus,open_beta,Individual Contributor,direct,(direct),none,none,mobile,India,Karnataka,Research Lab / Academia,11-50,Performance Monitoring,0,0,1,5,1,1,2026-06-30,0,1,2026-06-30,0,40,45,1,12,1600047,6.0,2026-08-06,0,7
usr_00690,vis_009895,Rahul Silva,2026-07-01,Wed,11,2026-07,gmail.com,1,Data Scientist,Outside Campus,open_beta,Executive,direct,(direct),none,none,desktop,Germany,Bavaria,Research Lab / Academia,1000+,Research & Experimentation,0,0,2,0,0,0,,,0,,,,,0,0,0,0.0,,0,
usr_00691,vis_009901,Lucas Smith,2026-07-02,Thu,13,2026-07,proton.me,1,Product Manager,Outside Campus,open_beta,Manager,referral,referral,referral,partner_aiweekly,desktop,Germany,Bavaria,SaaS / Software,11-50,Quality Assurance,1,0,2,5,1,0,,,0,,,,,0,0,0,0.0,,0,
usr_00692,vis_009902,Arjun Smith,2026-07-01,Wed,20,2026-07,gmail.com,1,Data Scientist,Outside Campus,open_beta,Individual Contributor,hackernews,hackernews,social,show_hn_launch,desktop,United States,California,FinTech,1000+,Performance Monitoring,0,0,1,2,0,1,2026-07-03,2,1,2026-07-03,2,50,29,0,22,2796678,9.62,2026-08-22,0,9
usr_00693,vis_009931,Omar Johnson,2026-07-05,Sun,9,2026-07,gmail.com,0,Data Scientist,Outside Campus,open_beta,Individual Contributor,linkedin,linkedin,social,b2b_mlsops_q2,desktop,Germany,Bavaria,FinTech,11-50,Quality Assurance,0,0,5,2,0,1,2026-07-05,0,0,,,,,0,0,0,0.0,,0,
usr_00696,vis_009991,Zoe Johnson,2026-06-30,Tue,18,2026-06,gmail.com,1,ML Engineer,Outside Campus,open_beta,Individual Contributor,linkedin,linkedin,social,b2b_mlsops_q2,mobile,Brazil,Sao Paulo,Consulting / Agency,11-50,Cost Optimization,0,0,0,4,1,1,2026-07-02,2,1,2026-07-02,2,80,0,0,29,1870870,12.66,2026-09-20,1,
usr_00697,vis_009999,Kenji Walker,2026-07-01,Wed,7,2026-07,gmail.com,1,Researcher,Outside Campus,open_beta,Individual Contributor,direct,(direct),none,none,mobile,India,Karnataka,FinTech,11-50,Performance Monitoring,0,0,1,5,1,1,2026-07-01,0,1,2026-07-05,4,43,34,1,15,1361983,1.68,2026-08-17,0,5
usr_00698,vis_010012,Lucas Silva,2026-07-01,Wed,20,2026-07,gmail.com,1,Founder / Exec,Outside Campus,open_beta,Manager,organic_search,organic_search,organic,none,desktop,France,Ile-de-France,SaaS / Software,1-10,Security & Compliance,0,0,1,2,0,1,2026-07-03,2,1,2026-07-03,2,15,64,1,5,351259,1.89,2026-07-18,0,8
usr_00699,vis_010018,Aisha Novak,2026-06-30,Tue,18,2026-06,gmail.com,1,Data Scientist,Outside Campus,invite_code,Individual Contributor,linkedin,linkedin,social,b2b_mlsops_q2,desktop,India,Karnataka,Enterprise IT,11-50,Cost Optimization,1,0,0,5,1,1,2026-07-03,3,1,2026-07-05,5,18,63,1,19,1420180,4.06,2026-07-19,0,9
usr_00701,vis_010034,Omar Silva,2026-07-01,Wed,22,2026-07,gmail.com,1,Product Manager,Outside Campus,open_beta,Individual Contributor,organic_search,organic_search,organic,none,desktop,India,Karnataka,Media & Gaming,1-10,Performance Monitoring,0,0,0,5,1,1,2026-07-01,0,0,,,,,0,0,0,0.0,,0,
usr_00703,vis_010061,Omar Walker,2026-07-01,Wed,19,2026-07,company.com,1,Security Engineer,Outside Campus,open_beta,Individual Contributor,direct,(direct),none,none,desktop,Brazil,Sao Paulo,E-commerce,1-10,Research & Experimentation,0,0,0,5,1,1,2026-07-04,3,1,2026-07-04,3,78,0,0,25,3066007,10.47,2026-09-20,1,8
usr_00705,vis_010081,Zoe Tanaka,2026-07-02,Thu,17,2026-07,gmail.com,1,Security Engineer,Outside Campus,waitlist,Team Lead,social_twitter,social_twitter,social,llm_observability_buzz,mobile,Brazil,Sao Paulo,SaaS / Software,1-10,Security & Compliance,0,0,1,3,0,1,2026-07-05,3,1,2026-07-09,7,34,43,1,8,632767,2.79,2026-08-08,0,
usr_00706,vis_010085,Sofia Rossi,2026-07-03,Fri,16,2026-07,company.com,1,Data Scientist,Outside Campus,invite_code,Individual Contributor,linkedin,linkedin,social,b2b_mlsops_q2,mobile,Brazil,Sao Paulo,Healthcare,51-200,Research & Experimentation,1,0,2,5,1,1,2026-07-05,2,1,2026-07-05,2,77,0,0,20,1389457,0.91,2026-09-20,0,
usr_00707,vis_010107,Ingrid Verma,2026-07-01,Wed,9,2026-07,company.com,1,Data Scientist,Outside Campus,open_beta,Team Lead,organic_search,organic_search,organic,none,desktop,United Kingdom,England,Consulting / Agency,11-50,Performance Monitoring,0,0,0,5,1,0,,,0,,,,,0,0,0,0.0,,0,
usr_00708,vis_010109,Zoe Smith,2026-07-02,Thu,8,2026-07,gmail.com,1,Data Scientist,Outside Campus,open_beta,Individual Contributor,organic_search,organic_search,organic,none,desktop,Canada,Ontario,Enterprise IT,11-50,Performance Monitoring,0,0,1,5,1,1,2026-07-02,0,1,2026-07-03,1,54,29,0,17,1624040,5.86,2026-08-22,0,7
usr_00709,vis_010124,Priya Costa,2026-07-03,Fri,16,2026-07,outlook.com,1,Data Scientist,Outside Campus,waitlist,Individual Contributor,organic_search,organic_search,organic,none,desktop,Germany,Bavaria,Consulting / Agency,1-10,Cost Optimization,0,1,2,0,0,1,2026-07-05,2,1,2026-07-06,3,76,1,0,20,1909128,4.24,2026-09-19,0,9
usr_00711,vis_010156,Arjun Rossi,2026-07-01,Wed,21,2026-07,gmail.com,1,Data Scientist,Outside Campus,open_beta,Individual Contributor,organic_search,organic_search,organic,none,desktop,India,Karnataka,E-commerce,11-50,Security & Compliance,0,0,0,5,1,1,2026-07-02,1,1,2026-07-02,1,80,3,0,25,2625730,8.63,2026-09-17,1,10
usr_00712,vis_010161,Sofia Petrova,2026-07-02,Thu,18,2026-07,gmail.com,1,Data Scientist,Outside Campus,invite_code,Team Lead,referral,referral,referral,partner_aiweekly,desktop,Australia,New South Wales,SaaS / Software,1-10,Cost Optimization,1,0,0,3,0,1,2026-07-02,0,1,2026-07-03,1,79,0,0,38,3312091,1.75,2026-09-20,1,
usr_00713,vis_010239,Sofia Costa,2026-07-02,Thu,20,2026-07,company.com,1,Security Engineer,Outside Campus,open_beta,Individual Contributor,direct,(direct),none,none,tablet,United States,California,Consulting / Agency,1000+,Cost Optimization,0,0,0,3,0,1,2026-07-05,3,1,2026-07-05,3,12,68,1,6,384341,1.34,2026-07-14,0,7
usr_00714,vis_010246,Arjun Yamamoto,2026-07-02,Thu,13,2026-07,gmail.com,1,Founder / Exec,Outside Campus,open_beta,Team Lead,social_twitter,social_twitter,social,llm_observability_buzz,desktop,India,Karnataka,SaaS / Software,11-50,Security & Compliance,0,0,0,5,1,1,2026-07-08,6,1,2026-07-09,7,13,71,1,2,151250,0.71,2026-07-11,0,8
usr_00716,vis_010257,Yuki Brown,2026-07-02,Thu,19,2026-07,gmail.com,1,Researcher,Outside Campus,waitlist,Team Lead,social_twitter,social_twitter,social,llm_observability_buzz,desktop,United States,California,SaaS / Software,11-50,Performance Monitoring,0,0,0,5,1,1,2026-07-02,0,0,,,,,0,0,0,0.0,,0,
usr_00718,vis_010278,Omar Silva,2026-07-02,Thu,13,2026-07,gmail.com,1,Security Engineer,Outside Campus,open_beta,Manager,hackernews,hackernews,social,show_hn_launch,mobile,Germany,Bavaria,Consulting / Agency,11-50,Research & Experimentation,0,0,0,0,0,0,,,0,,,,,0,0,0,0.0,,0,
usr_00719,vis_010280,Noah Yamamoto,2026-07-02,Thu,9,2026-07,outlook.com,1,ML Engineer,Outside Campus,invite_code,Manager,organic_search,organic_search,organic,none,desktop,India,Karnataka,Healthcare,1000+,Quality Assurance,1,1,0,4,1,1,2026-07-02,0,1,2026-07-03,1,79,0,0,33,3847775,13.85,2026-09-20,1,9
usr_00721,vis_010319,Tomas Iyer,2026-07-05,Sun,18,2026-07,gmail.com,0,Founder / Exec,Outside Campus,waitlist,Individual Contributor,referral,referral,referral,partner_aiweekly,mobile,Germany,Bavaria,SaaS / Software,11-50,Cost Optimization,1,0,2,5,1,0,,,0,,,,,0,0,0,0.0,,0,
usr_00723,vis_010344,Rahul Ali,2026-07-04,Sat,17,2026-07,proton.me,1,ML Engineer,Outside Campus,invite_code,Individual Contributor,organic_search,organic_search,organic,none,desktop,Israel,Tel Aviv,Research Lab / Academia,1-10,Performance Monitoring,1,0,1,5,1,1,2026-07-05,1,1,2026-07-05,1,77,0,0,39,3079509,8.09,2026-09-20,1,8
usr_00724,vis_010364,Tomas Novak,2026-07-04,Sat,11,2026-07,gmail.com,1,ML Engineer,Outside Campus,open_beta,Individual Contributor,social_twitter,social_twitter,social,llm_observability_buzz,desktop,United States,California,Media & Gaming,1-10,Performance Monitoring,0,0,1,5,1,1,2026-07-06,2,1,2026-07-07,3,75,3,0,24,1554180,4.22,2026-09-17,0,9
usr_00725,vis_010378,Zoe Lindqvist,2026-07-03,Fri,13,2026-07,gmail.com,1,Researcher,Outside Campus,invite_code,Team Lead,social_twitter,social_twitter,social,llm_observability_buzz,mobile,United States,New York,Enterprise IT,51-200,Security & Compliance,1,0,0,5,1,1,2026-07-08,5,1,2026-07-08,5,18,57,1,5,440452,0.64,2026-07-25,0,8
usr_00726,vis_010416,Zoe Walker,2026-07-04,Sat,18,2026-07,outlook.com,1,ML Engineer,Outside Campus,invite_code,Executive,paid_search,paid_search,cpc,brand_llm_monitoring,desktop,Netherlands,North Holland,Healthcare,1000+,Cost Optimization,1,0,0,0,0,0,,,0,,,,,0,0,0,0.0,,0,
usr_00727,vis_010435,Arjun Brown,2026-07-09,Thu,19,2026-07,company.com,1,Data Scientist,Outside Campus,open_beta,Executive,referral,referral,referral,partner_aiweekly,mobile,United States,New York,Enterprise IT,11-50,Quality Assurance,1,0,5,5,1,0,,,0,,,,,0,0,0,0.0,,0,
usr_00728,vis_010438,Chen Smith,2026-07-04,Sat,16,2026-07,gmail.com,1,Data Scientist,Outside Campus,open_beta,Individual Contributor,hackernews,hackernews,social,show_hn_launch,desktop,United States,California,E-commerce,11-50,Cost Optimization,0,0,0,3,0,1,2026-07-05,1,1,2026-07-06,2,76,14,0,19,1545397,7.47,2026-09-06,0,
usr_00729,vis_010470,Tomas Muller,2026-07-07,Tue,16,2026-07,outlook.com,1,Founder / Exec,Outside Campus,waitlist,Individual Contributor,newsletter,newsletter,email,beta_waitlist,desktop,United Kingdom,England,SaaS / Software,51-200,Quality Assurance,0,0,3,5,1,1,2026-07-07,0,1,2026-07-10,3,16,57,1,2,58479,0.27,2026-07-25,0,6
usr_00730,vis_010475,Maya Muller,2026-07-05,Sun,7,2026-07,outlook.com,1,Researcher,Outside Campus,invite_code,Individual Contributor,social_twitter,social_twitter,social,llm_observability_buzz,desktop,Israel,Tel Aviv,Healthcare,1-10,Cost Optimization,1,0,0,5,1,1,2026-07-05,0,1,2026-07-05,0,3,76,1,1,24832,0.05,2026-07-06,0,9
usr_00731,vis_010497,Diego Walker,2026-07-05,Sun,18,2026-07,company.com,1,Researcher,Outside Campus,invite_code,Individual Contributor,paid_search,paid_search,cpc,brand_llm_monitoring,desktop,Poland,Mazovia,Consulting / Agency,51-200,Cost Optimization,1,0,0,5,1,1,2026-07-05,0,1,2026-07-05,0,77,0,0,25,2427491,1.48,2026-09-20,1,8
usr_00733,vis_010511,Priya Sato,2026-07-05,Sun,9,2026-07,gmail.com,1,Data Scientist,Outside Campus,waitlist,Individual Contributor,newsletter,newsletter,email,beta_waitlist,desktop,India,Karnataka,SaaS / Software,51-200,Performance Monitoring,0,0,0,5,1,1,2026-07-06,1,1,2026-07-06,1,34,46,1,17,1456776,6.3,2026-08-05,0,
usr_00737,vis_010575,Nadia Yamamoto,2026-07-06,Mon,18,2026-07,company.com,1,ML Engineer,Outside Campus,open_beta,Team Lead,linkedin,linkedin,social,b2b_mlsops_q2,desktop,United States,California,SaaS / Software,1-10,Performance Monitoring,0,0,0,5,1,1,2026-07-08,2,1,2026-07-09,3,73,2,0,17,1353373,6.37,2026-09-18,0,9
usr_00738,vis_010579,Hassan Kim,2026-07-06,Mon,14,2026-07,university.edu,1,Product Manager,Outside Campus,open_beta,Executive,paid_search,paid_search,cpc,brand_llm_monitoring,desktop,South Korea,Seoul,E-commerce,1-10,Cost Optimization,0,1,0,4,1,1,2026-07-06,0,0,,,,,0,0,0,0.0,,0,
usr_00740,vis_010583,Liam Silva,2026-07-06,Mon,13,2026-07,gmail.com,1,Researcher,Outside Campus,open_beta,Individual Contributor,social_twitter,social_twitter,social,llm_observability_buzz,mobile,United States,California,Enterprise IT,1-10,Cost Optimization,0,0,0,3,0,1,2026-07-07,1,1,2026-07-09,3,73,23,0,13,1211981,1.4,2026-08-28,0,8
usr_00741,vis_010617,Chen Brown,2026-07-06,Mon,22,2026-07,gmail.com,0,ML Engineer,Outside Campus,invite_code,Team Lead,direct,(direct),none,none,mobile,India,Karnataka,E-commerce,11-50,Security & Compliance,1,0,0,4,1,1,2026-07-06,0,1,2026-07-07,1,15,61,1,7,383129,0.26,2026-07-21,0,8
usr_00742,vis_010633,Fatima Verma,2026-07-06,Mon,15,2026-07,outlook.com,1,Data Scientist,Outside Campus,open_beta,Manager,organic_search,organic_search,organic,none,desktop,United States,California,Consulting / Agency,1-10,Quality Assurance,0,0,0,5,1,1,2026-07-06,0,0,,,,,0,0,0,0.0,,0,
usr_00743,vis_010659,Yuki Tanaka,2026-07-07,Tue,12,2026-07,gmail.com,1,Founder / Exec,Outside Campus,open_beta,Individual Contributor,referral,referral,referral,partner_aiweekly,desktop,Canada,Ontario,FinTech,1000+,Security & Compliance,1,0,1,1,0,1,2026-07-12,5,0,,,,,0,0,0,0.0,,0,
usr_00744,vis_010681,Hassan Smith,2026-07-07,Tue,13,2026-07,university.edu,1,Researcher,Outside Campus,open_beta,Individual Contributor,direct,(direct),none,none,desktop,United States,California,Media & Gaming,11-50,Security & Compliance,0,0,0,1,0,0,,,0,,,,,0,0,0,0.0,,0,
usr_00745,vis_010682,Ethan Nair,2026-07-09,Thu,8,2026-07,gmail.com,1,Data Scientist,Outside Campus,open_beta,Individual Contributor,hackernews,hackernews,social,show_hn_launch,desktop,India,Karnataka,Healthcare,201-1000,Cost Optimization,0,1,2,5,1,1,2026-07-10,1,1,2026-07-12,3,46,28,0,19,2928071,1.68,2026-08-23,0,8
usr_00748,vis_010721,Ingrid Kim,2026-07-07,Tue,13,2026-07,gmail.com,1,ML Engineer,Outside Campus,open_beta,Individual Contributor,organic_search,organic_search,organic,none,desktop,United States,California,SaaS / Software,11-50,Security & Compliance,0,0,0,4,1,1,2026-07-08,1,1,2026-07-09,2,73,3,0,27,2158569,7.25,2026-09-17,1,
usr_00749,vis_010736,Rahul Garcia,2026-07-07,Tue,15,2026-07,gmail.com,1,Founder / Exec,Outside Campus,open_beta,Individual Contributor,paid_search,paid_search,cpc,brand_llm_monitoring,desktop,India,Karnataka,FinTech,51-200,Security & Compliance,0,0,0,2,0,1,2026-07-08,1,1,2026-07-09,2,17,60,1,4,474922,1.36,2026-07-22,0,9
usr_00750,vis_010767,Ethan Sato,2026-07-08,Wed,11,2026-07,gmail.com,0,Product Manager,Outside Campus,open_beta,Individual Contributor,organic_search,organic_search,organic,none,desktop,Poland,Mazovia,SaaS / Software,1-10,Quality Assurance,0,0,1,5,1,1,2026-07-08,0,1,2026-07-08,0,27,52,1,8,590117,2.47,2026-07-30,0,7
usr_00752,vis_010794,Maya Verma,2026-07-08,Wed,21,2026-07,outlook.com,1,Security Engineer,Outside Campus,invite_code,Individual Contributor,direct,(direct),none,none,desktop,India,Karnataka,SaaS / Software,1000+,Cost Optimization,1,0,0,5,1,1,2026-07-08,0,1,2026-07-09,1,73,1,0,29,2290597,10.23,2026-09-19,1,10
usr_00753,vis_010837,Emma Muller,2026-07-08,Wed,20,2026-07,gmail.com,1,Data Scientist,Outside Campus,invite_code,Individual Contributor,organic_search,organic_search,organic,none,tablet,India,Karnataka,SaaS / Software,1-10,Performance Monitoring,1,0,0,1,0,0,,,0,,,,,0,0,0,0.0,,0,
usr_00754,vis_010838,Mei Lindqvist,2026-07-11,Sat,20,2026-07,company.com,1,Data Scientist,Outside Campus,open_beta,Team Lead,direct,(direct),none,none,desktop,United States,California,SaaS / Software,1-10,Security & Compliance,0,0,3,4,1,1,2026-07-11,0,0,,,,,0,0,0,0.0,,0,
usr_00755,vis_010847,Omar Tanaka,2026-07-09,Thu,20,2026-07,outlook.com,1,Data Scientist,Outside Campus,invite_code,Individual Contributor,social_twitter,social_twitter,social,llm_observability_buzz,desktop,India,Karnataka,SaaS / Software,1-10,Security & Compliance,1,0,1,5,1,1,2026-07-10,1,0,,,,,0,0,0,0.0,,0,
usr_00756,vis_010898,Mei Rossi,2026-07-08,Wed,17,2026-07,company.com,1,Researcher,Outside Campus,open_beta,Executive,referral,referral,referral,partner_aiweekly,desktop,France,Ile-de-France,SaaS / Software,201-1000,Cost Optimization,1,0,0,5,1,1,2026-07-10,2,0,,,,,0,0,0,0.0,,0,
usr_00757,vis_010909,Ethan Lindqvist,2026-07-08,Wed,12,2026-07,company.com,1,Data Scientist,Outside Campus,open_beta,Individual Contributor,organic_search,organic_search,organic,none,desktop,France,Ile-de-France,FinTech,11-50,Performance Monitoring,0,0,0,5,1,0,,,0,,,,,0,0,0,0.0,,0,
usr_00758,vis_010914,Rahul Muller,2026-07-09,Thu,13,2026-07,gmail.com,1,Security Engineer,Outside Campus,open_beta,Individual Contributor,newsletter,newsletter,email,beta_waitlist,desktop,Australia,New South Wales,Media & Gaming,1-10,Performance Monitoring,0,0,0,5,1,1,2026-07-09,0,1,2026-07-09,0,27,47,1,7,630273,0.45,2026-08-04,0,8
usr_00760,vis_010957,Liam Haddad,2026-07-09,Thu,9,2026-07,company.com,1,Product Manager,Outside Campus,open_beta,Individual Contributor,organic_search,organic_search,organic,none,desktop,Australia,New South Wales,FinTech,1-10,Quality Assurance,0,0,0,5,1,0,,,0,,,,,0,0,0,0.0,,0,
usr_00761,vis_010958,Lucas Walker,2026-07-09,Thu,19,2026-07,company.com,1,Security Engineer,Outside Campus,open_beta,Executive,organic_search,organic_search,organic,none,mobile,Poland,Mazovia,FinTech,1-10,Cost Optimization,0,0,0,4,1,1,2026-07-12,3,1,2026-07-13,4,40,33,1,13,1355815,3.34,2026-08-18,0,8
usr_00764,vis_011033,Zoe Verma,2026-07-14,Tue,22,2026-07,gmail.com,1,ML Engineer,Outside Campus,open_beta,Individual Contributor,social_twitter,social_twitter,social,llm_observability_buzz,mobile,Canada,Ontario,Healthcare,1-10,Cost Optimization,0,1,5,4,1,1,2026-07-19,5,1,2026-07-20,6,62,11,0,29,2194169,1.37,2026-09-09,1,7
usr_00765,vis_011039,Sofia Garcia,2026-07-10,Fri,18,2026-07,gmail.com,1,ML Engineer,Outside Campus,open_beta,Executive,hackernews,hackernews,social,show_hn_launch,desktop,United States,California,Healthcare,51-200,Performance Monitoring,0,0,0,5,1,1,2026-07-10,0,1,2026-07-10,0,72,1,0,24,2244714,9.0,2026-09-19,0,10
usr_00769,vis_011135,Rahul Ali,2026-07-10,Fri,20,2026-07,company.com,1,ML Engineer,Outside Campus,waitlist,Individual Contributor,direct,(direct),none,none,mobile,Canada,Ontario,E-commerce,51-200,Quality Assurance,0,0,0,0,0,0,,,0,,,,,0,0,0,0.0,,0,
usr_00770,vis_011147,Fatima Lindqvist,2026-07-11,Sat,21,2026-07,outlook.com,1,Founder / Exec,Outside Campus,open_beta,Individual Contributor,organic_search,organic_search,organic,none,desktop,Singapore,Central,Consulting / Agency,11-50,Security & Compliance,0,0,0,4,1,0,,,0,,,,,0,0,0,0.0,,0,
usr_00771,vis_011155,Yuki Khan,2026-07-11,Sat,10,2026-07,gmail.com,1,ML Engineer,Outside Campus,invite_code,Individual Contributor,referral,referral,referral,partner_aiweekly,desktop,Canada,Ontario,Enterprise IT,201-1000,Cost Optimization,1,0,0,5,1,0,,,0,,,,,0,0,0,0.0,,0,
usr_00773,vis_011212,Mei Muller,2026-07-11,Sat,15,2026-07,outlook.com,1,ML Engineer,Outside Campus,invite_code,Team Lead,social_twitter,social_twitter,social,llm_observability_buzz,desktop,Australia,New South Wales,SaaS / Software,201-1000,Security & Compliance,1,1,0,0,0,1,2026-07-11,0,1,2026-07-11,0,4,,0,0,0,0.0,,0,10
usr_00777,vis_011270,Aisha Haddad,2026-07-12,Sun,13,2026-07,gmail.com,1,Data Scientist,Outside Campus,waitlist,Individual Contributor,organic_search,organic_search,organic,none,desktop,United States,California,Enterprise IT,1-10,Quality Assurance,0,0,0,5,1,1,2026-07-12,0,1,2026-07-14,2,33,36,1,10,959359,3.5,2026-08-15,0,
usr_00778,vis_011285,Zoe Khan,2026-07-12,Sun,18,2026-07,gmail.com,1,Researcher,Outside Campus,invite_code,Executive,referral,referral,referral,partner_aiweekly,desktop,Brazil,Sao Paulo,SaaS / Software,1-10,Research & Experimentation,1,0,0,5,1,0,,,0,,,,,0,0,0,0.0,,0,
usr_00781,vis_011303,Kenji Tanaka,2026-07-12,Sun,12,2026-07,gmail.com,1,ML Engineer,Outside Campus,invite_code,Team Lead,hackernews,hackernews,social,show_hn_launch,desktop,United States,New York,Healthcare,1-10,Performance Monitoring,1,1,0,5,1,1,2026-07-12,0,1,2026-07-12,0,52,18,0,30,2933852,19.77,2026-09-02,1,
usr_00782,vis_011312,Sofia Tanaka,2026-07-12,Sun,13,2026-07,outlook.com,1,Security Engineer,Outside Campus,open_beta,Individual Contributor,organic_search,organic_search,organic,none,desktop,United States,New York,Media & Gaming,201-1000,Performance Monitoring,0,0,0,5,1,1,2026-07-14,2,1,2026-07-14,2,68,3,0,34,3278552,12.71,2026-09-17,1,8
usr_00786,vis_011371,Elena Haddad,2026-07-13,Mon,10,2026-07,gmail.com,1,Data Scientist,Outside Campus,open_beta,Individual Contributor,social_twitter,social_twitter,social,llm_observability_buzz,desktop,United States,California,Consulting / Agency,1-10,Research & Experimentation,0,0,0,1,0,1,2026-07-16,3,1,2026-07-19,6,33,34,1,13,1261155,3.15,2026-08-17,0,9
usr_00788,vis_011400,Kenji Walker,2026-07-14,Tue,11,2026-07,gmail.com,1,Data Scientist,Outside Campus,open_beta,Manager,linkedin,linkedin,social,b2b_mlsops_q2,mobile,United Kingdom,England,SaaS / Software,1-10,Research & Experimentation,0,1,1,4,1,0,,,0,,,,,0,0,0,0.0,,0,
usr_00789,vis_011431,Tomas Nair,2026-07-14,Tue,11,2026-07,proton.me,1,Product Manager,Outside Campus,open_beta,Individual Contributor,direct,(direct),none,none,desktop,France,Ile-de-France,Enterprise IT,1-10,Research & Experimentation,0,0,0,4,1,0,,,0,,,,,0,0,0,0.0,,0,
usr_00791,vis_011449,Yuki Khan,2026-07-17,Fri,13,2026-07,gmail.com,1,Product Manager,Outside Campus,waitlist,Individual Contributor,referral,referral,referral,partner_aiweekly,mobile,United Kingdom,England,E-commerce,201-1000,Cost Optimization,1,0,3,4,1,1,2026-07-18,1,0,,,,,0,0,0,0.0,,0,
usr_00792,vis_011481,Arjun Yamamoto,2026-07-15,Wed,16,2026-07,company.com,1,ML Engineer,Outside Campus,open_beta,Individual Contributor,hackernews,hackernews,social,show_hn_launch,desktop,United States,California,E-commerce,1-10,Performance Monitoring,0,0,1,5,1,1,2026-07-15,0,1,2026-07-16,1,66,0,0,27,2676179,16.97,2026-09-20,1,9
usr_00793,vis_011503,Emma Garcia,2026-07-16,Thu,21,2026-07,proton.me,1,Security Engineer,Outside Campus,invite_code,Executive,social_twitter,social_twitter,social,llm_observability_buzz,desktop,India,Karnataka,Enterprise IT,51-200,Performance Monitoring,1,0,2,5,1,1,2026-07-16,0,1,2026-07-16,0,66,0,0,22,1787797,5.27,2026-09-20,0,7
usr_00795,vis_011566,Chen Brown,2026-07-15,Wed,11,2026-07,outlook.com,0,Founder / Exec,Outside Campus,invite_code,Individual Contributor,organic_search,organic_search,organic,none,mobile,Poland,Mazovia,SaaS / Software,51-200,Performance Monitoring,1,0,0,3,0,0,,,0,,,,,0,0,0,0.0,,0,
usr_00796,vis_011600,Elena Nair,2026-07-17,Fri,7,2026-07,company.com,1,ML Engineer,Outside Campus,open_beta,Executive,organic_search,organic_search,organic,none,tablet,United Kingdom,England,Healthcare,11-50,Security & Compliance,0,0,2,5,1,1,2026-07-18,1,1,2026-07-20,3,62,3,0,17,1224173,5.55,2026-09-17,0,9
usr_00797,vis_011608,Liam Sharma,2026-07-15,Wed,22,2026-07,company.com,1,Product Manager,Outside Campus,waitlist,Manager,paid_search,paid_search,cpc,brand_llm_monitoring,desktop,Brazil,Sao Paulo,E-commerce,1-10,Security & Compliance,0,0,0,5,1,1,2026-07-17,2,1,2026-07-17,2,65,6,0,11,802708,3.5,2026-09-14,0,8
usr_00798,vis_011646,Sofia Brown,2026-07-16,Thu,9,2026-07,company.com,1,Data Scientist,Outside Campus,invite_code,Executive,paid_search,paid_search,cpc,brand_llm_monitoring,desktop,France,Ile-de-France,SaaS / Software,11-50,Cost Optimization,1,0,1,5,1,1,2026-07-17,1,1,2026-07-17,1,48,20,0,28,2539539,16.83,2026-08-31,1,
usr_00799,vis_011648,Liam Lindqvist,2026-07-16,Thu,12,2026-07,gmail.com,1,Security Engineer,Outside Campus,open_beta,Executive,paid_search,paid_search,cpc,brand_llm_monitoring,mobile,United States,New York,Consulting / Agency,1000+,Security & Compliance,0,0,1,5,1,1,2026-07-16,0,1,2026-07-17,1,43,27,0,21,1502002,6.29,2026-08-24,0,8
usr_00800,vis_011662,Omar Yamamoto,2026-07-15,Wed,22,2026-07,university.edu,0,ML Engineer,Outside Campus,waitlist,Team Lead,newsletter,newsletter,email,beta_waitlist,desktop,United Kingdom,England,FinTech,51-200,Cost Optimization,0,0,0,5,1,1,2026-07-15,0,1,2026-07-15,0,67,0,0,28,2827060,7.14,2026-09-20,1,10
usr_00801,vis_011679,Noah Kim,2026-07-15,Wed,8,2026-07,gmail.com,0,ML Engineer,Outside Campus,invite_code,Individual Contributor,referral,referral,referral,partner_aiweekly,desktop,United States,California,SaaS / Software,201-1000,Quality Assurance,1,0,0,5,1,1,2026-07-15,0,1,2026-07-15,0,7,60,1,3,108204,0.52,2026-07-22,0,8
usr_00802,vis_011716,Sofia Sharma,2026-07-18,Sat,21,2026-07,gmail.com,1,Data Scientist,Outside Campus,open_beta,Individual Contributor,linkedin,linkedin,social,b2b_mlsops_q2,desktop,United States,California,FinTech,11-50,Cost Optimization,0,0,2,5,1,1,2026-07-18,0,1,2026-07-20,2,46,19,0,19,1680944,12.02,2026-09-01,0,7
usr_00803,vis_011736,Nadia Novak,2026-07-16,Thu,15,2026-07,gmail.com,1,Data Scientist,Outside Campus,open_beta,Individual Contributor,direct,(direct),none,none,desktop,United States,New York,Enterprise IT,1-10,Cost Optimization,0,0,0,5,1,1,2026-07-16,0,1,2026-07-16,0,66,1,0,28,2336367,1.41,2026-09-19,1,8
usr_00804,vis_011739,Sofia Yamamoto,2026-07-19,Sun,19,2026-07,gmail.com,1,Data Scientist,Outside Campus,open_beta,Manager,organic_search,organic_search,organic,none,desktop,United States,California,Research Lab / Academia,11-50,Security & Compliance,0,1,3,5,1,0,,,0,,,,,0,0,0,0.0,,0,
usr_00806,vis_011751,Mei Kim,2026-07-16,Thu,7,2026-07,gmail.com,1,ML Engineer,Outside Campus,open_beta,Manager,newsletter,newsletter,email,beta_waitlist,mobile,United States,California,E-commerce,51-200,Security & Compliance,0,0,0,5,1,1,2026-07-17,1,1,2026-07-17,1,43,22,0,23,1545638,5.08,2026-08-29,0,7
usr_00809,vis_011822,Tomas Lindqvist,2026-07-16,Thu,8,2026-07,gmail.com,0,ML Engineer,Outside Campus,invite_code,Individual Contributor,organic_search,organic_search,organic,none,mobile,United States,California,FinTech,51-200,Security & Compliance,1,0,0,4,1,1,2026-07-19,3,1,2026-07-20,4,62,3,0,29,2137290,12.47,2026-09-17,1,8
usr_00810,vis_011848,Ethan Sato,2026-07-20,Mon,19,2026-07,company.com,1,ML Engineer,Outside Campus,waitlist,Individual Contributor,paid_search,paid_search,cpc,brand_llm_monitoring,desktop,United States,California,Consulting / Agency,1-10,Performance Monitoring,0,0,3,5,1,1,2026-07-20,0,1,2026-07-20,0,8,54,1,6,447102,0.33,2026-07-28,0,8
usr_00811,vis_011860,Hassan Rossi,2026-07-17,Fri,16,2026-07,university.edu,1,Researcher,Outside Campus,open_beta,Executive,organic_search,organic_search,organic,none,desktop,United States,California,Enterprise IT,1-10,Quality Assurance,0,0,0,5,1,1,2026-07-19,2,1,2026-07-19,2,52,18,0,18,1145120,0.72,2026-09-02,0,9
usr_00813,vis_011872,Priya Brown,2026-07-17,Fri,12,2026-07,gmail.com,1,Security Engineer,Outside Campus,invite_code,Individual Contributor,organic_search,organic_search,organic,none,desktop,Canada,Ontario,SaaS / Software,51-200,Cost Optimization,1,0,0,4,1,1,2026-07-17,0,0,,,,,0,0,0,0.0,,0,
usr_00814,vis_011885,Kenji Iyer,2026-07-17,Fri,18,2026-07,gmail.com,1,ML Engineer,Outside Campus,waitlist,Team Lead,newsletter,newsletter,email,beta_waitlist,desktop,South Korea,Seoul,SaaS / Software,51-200,Security & Compliance,0,0,0,4,1,0,,,0,,,,,0,0,0,0.0,,0,
usr_00815,vis_011888,Priya Kim,2026-07-17,Fri,22,2026-07,gmail.com,0,Founder / Exec,Outside Campus,open_beta,Team Lead,direct,(direct),none,none,mobile,France,Ile-de-France,FinTech,1-10,Cost Optimization,0,0,0,5,1,0,,,0,,,,,0,0,0,0.0,,0,
usr_00816,vis_011891,Emma Novak,2026-07-19,Sun,21,2026-07,company.com,1,Data Scientist,Outside Campus,invite_code,Team Lead,hackernews,hackernews,social,show_hn_launch,desktop,United States,New York,SaaS / Software,51-200,Security & Compliance,1,0,2,5,1,1,2026-07-19,0,1,2026-07-19,0,63,0,0,18,1350138,4.91,2026-09-20,0,10
usr_00817,vis_011895,Mei Costa,2026-07-20,Mon,18,2026-07,gmail.com,1,Data Scientist,Outside Campus,waitlist,Manager,direct,(direct),none,none,mobile,United States,California,FinTech,51-200,Security & Compliance,0,0,3,4,1,1,2026-07-20,0,1,2026-07-20,0,62,2,0,24,2276702,6.88,2026-09-18,0,7
usr_00818,vis_011914,Noah Muller,2026-07-17,Fri,17,2026-07,gmail.com,0,Product Manager,Outside Campus,open_beta,Executive,organic_search,organic_search,organic,none,mobile,United States,California,E-commerce,11-50,Performance Monitoring,0,0,0,5,1,1,2026-07-17,0,0,,,,,0,0,0,0.0,,0,
usr_00821,vis_011923,Noah Petrova,2026-07-18,Sat,13,2026-07,gmail.com,1,ML Engineer,Outside Campus,invite_code,Individual Contributor,hackernews,hackernews,social,show_hn_launch,desktop,Australia,New South Wales,SaaS / Software,11-50,Cost Optimization,1,0,1,5,1,1,2026-07-18,0,1,2026-07-19,1,63,0,0,26,2407535,1.58,2026-09-20,1,9
usr_00822,vis_011929,Fatima Lindqvist,2026-07-19,Sun,12,2026-07,gmail.com,1,Researcher,Outside Campus,open_beta,Individual Contributor,linkedin,linkedin,social,b2b_mlsops_q2,desktop,United Kingdom,England,E-commerce,1-10,Quality Assurance,0,1,2,5,1,0,,,0,,,,,0,0,0,0.0,,0,
usr_00823,vis_011941,Emma Yamamoto,2026-07-19,Sun,18,2026-07,company.com,1,ML Engineer,Outside Campus,open_beta,Team Lead,hackernews,hackernews,social,show_hn_launch,mobile,Israel,Tel Aviv,Consulting / Agency,1-10,Security & Compliance,0,0,2,4,1,0,,,0,,,,,0,0,0,0.0,,0,
usr_00824,vis_011980,Diego Wang,2026-07-18,Sat,20,2026-07,gmail.com,1,Product Manager,Outside Campus,waitlist,Individual Contributor,social_twitter,social_twitter,social,llm_observability_buzz,mobile,United States,New York,Consulting / Agency,201-1000,Security & Compliance,0,0,0,5,1,1,2026-07-22,4,1,2026-07-22,4,45,19,0,9,1393587,6.1,2026-09-01,0,10
usr_00825,vis_011987,Mei Lindqvist,2026-07-20,Mon,8,2026-07,outlook.com,1,Security Engineer,Outside Campus,open_beta,Individual Contributor,organic_search,organic_search,organic,none,desktop,United Kingdom,England,FinTech,1-10,Cost Optimization,0,0,2,5,1,1,2026-07-23,3,1,2026-07-28,8,54,3,0,21,2906873,11.45,2026-09-17,0,10
usr_00826,vis_012003,Yuki Iyer,2026-07-18,Sat,12,2026-07,company.com,1,Product Manager,Outside Campus,open_beta,Executive,organic_search,organic_search,organic,none,desktop,France,Ile-de-France,Enterprise IT,11-50,Security & Compliance,0,0,0,4,1,0,,,0,,,,,0,0,0,0.0,,0,
usr_00828,vis_012036,Kenji Verma,2026-07-19,Sun,15,2026-07,gmail.com,1,Researcher,Outside Campus,open_beta,Manager,linkedin,linkedin,social,b2b_mlsops_q2,mobile,Germany,Bavaria,SaaS / Software,11-50,Security & Compliance,0,0,0,5,1,1,2026-07-22,3,1,2026-07-22,3,16,44,1,8,1188650,6.92,2026-08-07,0,
usr_00830,vis_012062,Liam Brown,2026-07-20,Mon,20,2026-07,gmail.com,1,Data Scientist,Outside Campus,open_beta,Individual Contributor,linkedin,linkedin,social,b2b_mlsops_q2,desktop,India,Karnataka,SaaS / Software,51-200,Performance Monitoring,0,0,1,5,1,0,,,0,,,,,0,0,0,0.0,,0,
usr_00831,vis_012063,Diego Rossi,2026-07-20,Mon,12,2026-07,university.edu,1,ML Engineer,Outside Campus,open_beta,Individual Contributor,newsletter,newsletter,email,beta_waitlist,mobile,India,Karnataka,SaaS / Software,11-50,Cost Optimization,0,0,1,2,0,1,2026-07-20,0,1,2026-07-24,4,58,2,0,19,1551466,1.47,2026-09-18,0,9
usr_00832,vis_012100,Arjun Novak,2026-07-19,Sun,9,2026-07,company.com,1,Data Scientist,Outside Campus,open_beta,Individual Contributor,referral,referral,referral,partner_aiweekly,desktop,United States,California,Consulting / Agency,1-10,Quality Assurance,1,0,0,4,1,1,2026-07-19,0,0,,,,,0,0,0,0.0,,0,
usr_00833,vis_012108,Noah Rossi,2026-07-20,Mon,12,2026-07,gmail.com,1,Data Scientist,Outside Campus,open_beta,Executive,organic_search,organic_search,organic,none,desktop,Netherlands,North Holland,FinTech,51-200,Quality Assurance,0,0,1,5,1,1,2026-07-22,2,1,2026-07-22,2,19,41,1,14,1052093,8.49,2026-08-10,0,10
usr_00835,vis_012167,Arjun Novak,2026-07-20,Mon,8,2026-07,gmail.com,0,Researcher,Outside Campus,open_beta,Executive,newsletter,newsletter,email,beta_waitlist,desktop,United States,California,Enterprise IT,1000+,Performance Monitoring,0,0,0,5,1,0,,,0,,,,,0,0,0,0.0,,0,
usr_00836,vis_012181,Omar Lindqvist,2026-07-20,Mon,12,2026-07,company.com,1,Data Scientist,Outside Campus,waitlist,Team Lead,hackernews,hackernews,social,show_hn_launch,tablet,Germany,Bavaria,Research Lab / Academia,11-50,Performance Monitoring,0,0,0,4,1,1,2026-07-21,1,1,2026-07-25,5,32,25,0,12,1222447,5.91,2026-08-26,0,
usr_00837,vis_012183,Diego Silva,2026-07-20,Mon,20,2026-07,gmail.com,1,Product Manager,Outside Campus,invite_code,Team Lead,newsletter,newsletter,email,beta_waitlist,desktop,India,Karnataka,SaaS / Software,11-50,Cost Optimization,1,0,0,5,1,1,2026-07-23,3,1,2026-07-23,3,15,44,1,4,511005,0.31,2026-08-07,0,7
usr_00838,vis_012186,Kenji Nair,2026-07-25,Sat,13,2026-07,gmail.com,1,ML Engineer,Outside Campus,open_beta,Manager,newsletter,newsletter,email,beta_waitlist,desktop,France,Ile-de-France,FinTech,11-50,Cost Optimization,0,0,5,4,1,1,2026-07-26,1,1,2026-07-26,1,56,4,0,22,1960099,9.6,2026-09-16,0,8
usr_00839,vis_012188,Arjun Brown,2026-07-20,Mon,10,2026-07,outlook.com,1,ML Engineer,Outside Campus,waitlist,Individual Contributor,social_twitter,social_twitter,social,llm_observability_buzz,desktop,United States,California,SaaS / Software,1-10,Performance Monitoring,0,0,0,5,1,1,2026-07-23,3,1,2026-07-23,3,59,0,0,29,2638057,19.2,2026-09-20,1,7
usr_00840,vis_012195,Maya Johnson,2026-07-20,Mon,16,2026-07,gmail.com,1,Security Engineer,Outside Campus,open_beta,Executive,paid_search,paid_search,cpc,brand_llm_monitoring,desktop,United States,California,Healthcare,11-50,Performance Monitoring,0,0,0,5,1,1,2026-07-20,0,1,2026-07-20,0,62,1,0,29,1904660,11.82,2026-09-19,1,8
usr_00842,vis_012215,Kenji Johnson,2026-07-23,Thu,14,2026-07,company.com,1,ML Engineer,Outside Campus,open_beta,Executive,social_twitter,social_twitter,social,llm_observability_buzz,desktop,Brazil,Sao Paulo,Media & Gaming,201-1000,Quality Assurance,0,0,3,5,1,1,2026-07-29,6,1,2026-07-29,6,15,38,1,9,546634,2.18,2026-08-13,0,
usr_00843,vis_012228,Aisha Yamamoto,2026-07-20,Mon,14,2026-07,gmail.com,0,ML Engineer,Outside Campus,waitlist,Team Lead,direct,(direct),none,none,desktop,United States,California,SaaS / Software,1-10,Performance Monitoring,0,0,0,5,1,1,2026-07-20,0,1,2026-07-20,0,62,5,0,23,2558466,10.05,2026-09-15,0,7
usr_00844,vis_012244,Lucas Kim,2026-07-21,Tue,7,2026-07,gmail.com,1,Data Scientist,Outside Campus,open_beta,Individual Contributor,newsletter,newsletter,email,beta_waitlist,desktop,United Kingdom,England,Enterprise IT,11-50,Security & Compliance,0,0,1,5,1,0,,,0,,,,,0,0,0,0.0,,0,
usr_00845,vis_012300,Yuki Garcia,2026-07-22,Wed,13,2026-07,gmail.com,1,ML Engineer,Outside Campus,open_beta,Executive,referral,referral,referral,partner_aiweekly,desktop,India,Karnataka,FinTech,51-200,Security & Compliance,1,0,1,5,1,0,,,0,,,,,0,0,0,0.0,,0,
usr_00847,vis_012315,Arjun Tanaka,2026-07-21,Tue,15,2026-07,gmail.com,1,ML Engineer,Outside Campus,waitlist,Individual Contributor,paid_search,paid_search,cpc,brand_llm_monitoring,desktop,United States,California,SaaS / Software,51-200,Quality Assurance,0,0,0,4,1,1,2026-07-21,0,1,2026-07-21,0,3,61,1,3,275273,0.18,2026-07-21,0,
usr_00848,vis_012331,Diego Silva,2026-07-21,Tue,11,2026-07,company.com,0,ML Engineer,Outside Campus,waitlist,Team Lead,social_twitter,social_twitter,social,llm_observability_buzz,desktop,United States,California,E-commerce,11-50,Quality Assurance,0,0,0,5,1,1,2026-07-23,2,1,2026-07-23,2,59,0,0,11,1191674,5.5,2026-09-20,0,9
usr_00852,vis_012345,Emma Sharma,2026-07-21,Tue,19,2026-07,gmail.com,1,ML Engineer,Outside Campus,invite_code,Team Lead,organic_search,organic_search,organic,none,desktop,France,Ile-de-France,Enterprise IT,1-10,Cost Optimization,1,0,0,5,1,1,2026-07-23,2,1,2026-07-24,3,58,0,0,37,2958081,8.11,2026-09-20,1,
usr_00853,vis_012351,Lucas Johnson,2026-07-21,Tue,12,2026-07,proton.me,1,ML Engineer,Outside Campus,invite_code,Team Lead,direct,(direct),none,none,desktop,France,Ile-de-France,Consulting / Agency,51-200,Cost Optimization,1,0,0,5,1,1,2026-07-21,0,1,2026-07-22,1,60,1,0,21,1848106,13.23,2026-09-19,0,9
usr_00854,vis_012370,Sofia Sato,2026-07-21,Tue,11,2026-07,proton.me,1,ML Engineer,Outside Campus,invite_code,Manager,paid_search,paid_search,cpc,brand_llm_monitoring,desktop,United States,California,SaaS / Software,11-50,Performance Monitoring,1,0,0,5,1,1,2026-07-21,0,1,2026-07-21,0,61,0,0,33,3564393,12.93,2026-09-20,1,10
usr_00858,vis_012413,Lucas Sato,2026-07-22,Wed,13,2026-07,gmail.com,1,Data Scientist,Outside Campus,open_beta,Individual Contributor,hackernews,hackernews,social,show_hn_launch,desktop,United States,California,Research Lab / Academia,11-50,Quality Assurance,0,0,0,5,1,1,2026-07-23,1,1,2026-07-24,2,47,13,0,20,2557634,6.77,2026-09-07,0,7
usr_00859,vis_012422,Yuki Johnson,2026-07-22,Wed,16,2026-07,gmail.com,1,ML Engineer,Outside Campus,invite_code,Manager,direct,(direct),none,none,desktop,United States,California,Media & Gaming,1-10,Quality Assurance,1,0,0,5,1,1,2026-07-22,0,1,2026-07-22,0,60,0,0,26,2496597,1.35,2026-09-20,1,
usr_00862,vis_012437,Ethan Yamamoto,2026-07-22,Wed,9,2026-07,proton.me,1,Data Scientist,Outside Campus,invite_code,Individual Contributor,organic_search,organic_search,organic,none,desktop,Singapore,Central,Research Lab / Academia,11-50,Quality Assurance,1,0,0,5,1,1,2026-07-22,0,1,2026-07-25,3,57,0,0,31,2151407,7.6,2026-09-20,1,7
usr_00864,vis_012471,Emma Kim,2026-07-22,Wed,20,2026-07,gmail.com,1,ML Engineer,Outside Campus,invite_code,Individual Contributor,paid_search,paid_search,cpc,brand_llm_monitoring,desktop,Japan,Tokyo,E-commerce,201-1000,Quality Assurance,1,0,0,5,1,1,2026-07-24,2,1,2026-07-24,2,58,2,0,32,3538738,23.93,2026-09-18,1,5
usr_00868,vis_012517,Hassan Kim,2026-07-24,Fri,12,2026-07,outlook.com,1,Researcher,Outside Campus,waitlist,Team Lead,organic_search,organic_search,organic,none,desktop,United States,California,SaaS / Software,1-10,Security & Compliance,0,0,1,0,0,1,2026-07-24,0,1,2026-07-24,0,47,11,0,11,826460,6.27,2026-09-09,0,
usr_00869,vis_012542,Mei Muller,2026-07-23,Thu,7,2026-07,company.com,1,Security Engineer,Outside Campus,waitlist,Individual Contributor,organic_search,organic_search,organic,none,mobile,Israel,Tel Aviv,E-commerce,51-200,Performance Monitoring,0,0,0,4,1,0,,,0,,,,,0,0,0,0.0,,0,
usr_00870,vis_012550,Nadia Brown,2026-07-23,Thu,19,2026-07,company.com,1,Security Engineer,Outside Campus,open_beta,Individual Contributor,newsletter,newsletter,email,beta_waitlist,mobile,United States,California,Research Lab / Academia,1-10,Research & Experimentation,0,0,0,5,1,1,2026-07-26,3,1,2026-07-27,4,11,44,1,7,349243,0.22,2026-08-07,0,8
usr_00872,vis_012573,Arjun Smith,2026-07-31,Fri,12,2026-07,proton.me,1,Founder / Exec,Outside Campus,open_beta,Individual Contributor,newsletter,newsletter,email,beta_waitlist,desktop,Singapore,Central,E-commerce,51-200,Cost Optimization,0,0,8,5,1,0,,,0,,,,,0,0,0,0.0,,0,
usr_00873,vis_012594,Maya Costa,2026-07-23,Thu,13,2026-07,outlook.com,1,ML Engineer,Outside Campus,invite_code,Individual Contributor,organic_search,organic_search,organic,none,desktop,India,Karnataka,Media & Gaming,201-1000,Performance Monitoring,1,0,0,5,1,1,2026-07-23,0,1,2026-07-24,1,58,2,0,29,2863864,1.57,2026-09-18,1,
usr_00875,vis_012617,Mei Kim,2026-07-23,Thu,18,2026-07,gmail.com,1,Data Scientist,Outside Campus,invite_code,Individual Contributor,referral,referral,referral,partner_aiweekly,desktop,South Korea,Seoul,Enterprise IT,1000+,Performance Monitoring,1,0,0,4,1,1,2026-07-25,2,0,,,,,0,0,0,0.0,,0,
usr_00879,vis_012688,Arjun Verma,2026-07-27,Mon,12,2026-07,gmail.com,0,ML Engineer,Outside Campus,open_beta,Individual Contributor,referral,referral,referral,partner_aiweekly,desktop,Japan,Tokyo,Enterprise IT,1-10,Cost Optimization,1,0,3,1,0,0,,,0,,,,,0,0,0,0.0,,0,
usr_00881,vis_012750,Chen Sharma,2026-07-24,Fri,10,2026-07,outlook.com,0,ML Engineer,Outside Campus,open_beta,Team Lead,organic_search,organic_search,organic,none,desktop,United States,California,FinTech,51-200,Cost Optimization,0,0,0,5,1,1,2026-07-29,5,0,,,,,0,0,0,0.0,,0,
usr_00882,vis_012757,Tomas Sato,2026-07-26,Sun,17,2026-07,gmail.com,1,Data Scientist,Outside Campus,waitlist,Team Lead,social_twitter,social_twitter,social,llm_observability_buzz,mobile,United Kingdom,England,SaaS / Software,201-1000,Quality Assurance,0,0,2,5,1,0,,,0,,,,,0,0,0,0.0,,0,
usr_00883,vis_012767,Yuki Costa,2026-07-24,Fri,14,2026-07,gmail.com,0,Data Scientist,Outside Campus,open_beta,Executive,social_twitter,social_twitter,social,llm_observability_buzz,desktop,United Kingdom,England,Healthcare,201-1000,Performance Monitoring,0,0,0,3,0,0,,,0,,,,,0,0,0,0.0,,0,
usr_00885,vis_012785,Mei Ali,2026-07-25,Sat,11,2026-07,gmail.com,1,Security Engineer,Outside Campus,open_beta,Individual Contributor,paid_search,paid_search,cpc,brand_llm_monitoring,desktop,Israel,Tel Aviv,Research Lab / Academia,201-1000,Security & Compliance,0,0,0,5,1,1,2026-07-25,0,1,2026-07-27,2,55,0,0,25,1877315,8.05,2026-09-20,1,7
usr_00886,vis_012818,Hassan Novak,2026-07-27,Mon,15,2026-07,gmail.com,1,ML Engineer,Outside Campus,open_beta,Individual Contributor,referral,referral,referral,partner_aiweekly,desktop,India,Karnataka,Media & Gaming,51-200,Security & Compliance,1,0,2,5,1,1,2026-07-28,1,1,2026-07-28,1,34,22,0,22,1459715,3.38,2026-08-29,0,8
usr_00887,vis_012829,Ethan Ali,2026-07-26,Sun,15,2026-07,outlook.com,1,Product Manager,Outside Campus,waitlist,Individual Contributor,referral,referral,referral,partner_aiweekly,mobile,United States,California,Consulting / Agency,1-10,Research & Experimentation,1,0,1,4,1,0,,,0,,,,,0,0,0,0.0,,0,
usr_00888,vis_012854,Emma Iyer,2026-07-25,Sat,17,2026-07,gmail.com,1,ML Engineer,Outside Campus,open_beta,Team Lead,referral,referral,referral,partner_aiweekly,desktop,Netherlands,North Holland,Enterprise IT,201-1000,Research & Experimentation,1,0,0,5,1,1,2026-07-30,5,1,2026-07-30,5,52,2,0,30,2382679,8.34,2026-09-18,1,8
usr_00889,vis_012859,Elena Nair,2026-07-25,Sat,18,2026-07,gmail.com,1,Product Manager,Outside Campus,open_beta,Individual Contributor,referral,referral,referral,partner_aiweekly,desktop,United States,New York,Research Lab / Academia,1-10,Research & Experimentation,1,0,0,5,1,0,,,0,,,,,0,0,0,0.0,,0,
usr_00890,vis_012884,Noah Sharma,2026-07-26,Sun,21,2026-07,gmail.com,1,Data Scientist,Outside Campus,waitlist,Manager,linkedin,linkedin,social,b2b_mlsops_q2,desktop,Australia,New South Wales,Consulting / Agency,201-1000,Performance Monitoring,0,0,0,2,0,1,2026-07-27,1,1,2026-07-27,1,55,0,0,14,1107627,3.13,2026-09-20,0,5
usr_00891,vis_012898,Diego Sato,2026-07-26,Sun,21,2026-07,gmail.com,0,Security Engineer,Outside Campus,waitlist,Executive,paid_search,paid_search,cpc,brand_llm_monitoring,desktop,United States,California,E-commerce,51-200,Cost Optimization,0,0,0,5,1,1,2026-07-26,0,1,2026-07-26,0,56,4,0,17,1894476,11.94,2026-09-16,0,
usr_00892,vis_012913,Mei Khan,2026-07-26,Sun,7,2026-07,gmail.com,1,Product Manager,Outside Campus,invite_code,Executive,linkedin,linkedin,social,b2b_mlsops_q2,desktop,Australia,New South Wales,Enterprise IT,51-200,Cost Optimization,1,0,0,5,1,0,,,0,,,,,0,0,0,0.0,,0,
usr_00893,vis_012934,Lucas Novak,2026-07-26,Sun,16,2026-07,university.edu,1,Researcher,Outside Campus,invite_code,Individual Contributor,referral,referral,referral,partner_aiweekly,desktop,United States,California,Media & Gaming,1-10,Quality Assurance,1,1,0,3,0,1,2026-07-29,3,1,2026-07-29,3,53,0,0,21,1619931,10.35,2026-09-20,0,9
usr_00894,vis_012952,Elena Verma,2026-07-26,Sun,15,2026-07,company.com,0,Data Scientist,Outside Campus,waitlist,Individual Contributor,direct,(direct),none,none,mobile,Poland,Mazovia,Research Lab / Academia,11-50,Cost Optimization,0,0,0,4,1,0,,,0,,,,,0,0,0,0.0,,0,
usr_00895,vis_012967,Sofia Tanaka,2026-07-27,Mon,12,2026-07,university.edu,1,ML Engineer,Outside Campus,waitlist,Individual Contributor,social_twitter,social_twitter,social,llm_observability_buzz,desktop,Canada,Ontario,FinTech,11-50,Research & Experimentation,0,0,0,3,0,1,2026-07-30,3,1,2026-07-31,4,51,2,0,16,1390019,5.06,2026-09-18,0,9
usr_00896,vis_012972,Ingrid Kim,2026-07-27,Mon,12,2026-07,gmail.com,1,Product Manager,Outside Campus,invite_code,Individual Contributor,direct,(direct),none,none,desktop,India,Karnataka,SaaS / Software,1-10,Cost Optimization,1,0,0,5,1,1,2026-07-28,1,1,2026-07-28,1,54,5,0,12,924595,6.26,2026-09-15,0,
usr_00897,vis_012975,Tomas Johnson,2026-08-04,Tue,13,2026-08,gmail.com,1,ML Engineer,Outside Campus,invite_code,Individual Contributor,organic_search,organic_search,organic,none,desktop,France,Ile-de-France,Consulting / Agency,51-200,Security & Compliance,1,0,8,5,1,1,2026-08-06,2,1,2026-08-09,5,24,18,0,15,1286974,3.8,2026-09-02,0,7
usr_00898,vis_012990,Nadia Tanaka,2026-07-27,Mon,9,2026-07,gmail.com,1,Data Scientist,Outside Campus,open_beta,Individual Contributor,social_twitter,social_twitter,social,llm_observability_buzz,desktop,Australia,New South Wales,FinTech,11-50,Performance Monitoring,0,0,0,5,1,0,,,0,,,,,0,0,0,0.0,,0,
usr_00899,vis_013000,Aisha Muller,2026-07-27,Mon,11,2026-07,gmail.com,0,Data Scientist,Outside Campus,waitlist,Executive,paid_search,paid_search,cpc,brand_llm_monitoring,desktop,South Korea,Seoul,Research Lab / Academia,1-10,Performance Monitoring,0,0,0,4,1,0,,,0,,,,,0,0,0,0.0,,0,
usr_00900,vis_013016,Priya Wang,2026-07-27,Mon,19,2026-07,company.com,1,Data Scientist,Outside Campus,open_beta,Executive,referral,referral,referral,partner_aiweekly,desktop,United States,California,Enterprise IT,1-10,Research & Experimentation,1,0,0,2,0,1,2026-07-27,0,1,2026-07-27,0,27,28,0,11,663396,3.02,2026-08-23,0,9
usr_00901,vis_013017,Rahul Tanaka,2026-07-27,Mon,19,2026-07,gmail.com,1,ML Engineer,Outside Campus,open_beta,Team Lead,newsletter,newsletter,email,beta_waitlist,mobile,South Korea,Seoul,Research Lab / Academia,11-50,Security & Compliance,0,0,0,5,1,1,2026-07-27,0,1,2026-07-27,0,12,43,1,2,125158,0.09,2026-08-08,0,
usr_00902,vis_013022,Elena Smith,2026-07-27,Mon,10,2026-07,university.edu,1,Researcher,Outside Campus,invite_code,Manager,newsletter,newsletter,email,beta_waitlist,desktop,Brazil,Sao Paulo,Consulting / Agency,11-50,Cost Optimization,1,0,0,5,1,1,2026-07-27,0,0,,,,,0,0,0,0.0,,0,
usr_00903,vis_013034,Lucas Ali,2026-07-27,Mon,12,2026-07,company.com,1,Data Scientist,Outside Campus,open_beta,Individual Contributor,social_twitter,social_twitter,social,llm_observability_buzz,desktop,United States,New York,SaaS / Software,11-50,Cost Optimization,0,0,0,5,1,1,2026-07-30,3,0,,,,,0,0,0,0.0,,0,
usr_00905,vis_013040,Yuki Verma,2026-07-29,Wed,11,2026-07,company.com,1,Product Manager,Outside Campus,open_beta,Individual Contributor,newsletter,newsletter,email,beta_waitlist,desktop,United States,California,FinTech,201-1000,Quality Assurance,0,0,2,5,1,1,2026-07-29,0,1,2026-07-29,0,53,11,0,11,561800,2.23,2026-09-09,0,5
usr_00906,vis_013043,Hassan Costa,2026-07-27,Mon,8,2026-07,company.com,0,Data Scientist,Outside Campus,waitlist,Individual Contributor,referral,referral,referral,partner_aiweekly,mobile,United States,California,FinTech,1-10,Security & Compliance,1,0,0,4,1,0,,,0,,,,,0,0,0,0.0,,0,
usr_00907,vis_013049,Lucas Sato,2026-07-27,Mon,20,2026-07,gmail.com,1,ML Engineer,Outside Campus,open_beta,Manager,newsletter,newsletter,email,beta_waitlist,desktop,Brazil,Sao Paulo,SaaS / Software,11-50,Performance Monitoring,0,1,0,4,1,1,2026-07-29,2,1,2026-08-01,5,50,8,0,19,1487092,7.56,2026-09-12,0,10
usr_00908,vis_013055,Ingrid Costa,2026-07-27,Mon,19,2026-07,gmail.com,1,ML Engineer,Outside Campus,invite_code,Executive,organic_search,organic_search,organic,none,desktop,South Korea,Seoul,SaaS / Software,1-10,Performance Monitoring,1,0,0,4,1,0,,,0,,,,,0,0,0,0.0,,0,
usr_00909,vis_013063,Hassan Costa,2026-07-27,Mon,19,2026-07,gmail.com,1,Researcher,Outside Campus,waitlist,Individual Contributor,organic_search,organic_search,organic,none,desktop,United States,California,E-commerce,51-200,Security & Compliance,0,0,0,1,0,0,,,0,,,,,0,0,0,0.0,,0,
usr_00910,vis_013064,Aisha Khan,2026-07-27,Mon,10,2026-07,gmail.com,0,ML Engineer,Outside Campus,open_beta,Team Lead,referral,referral,referral,partner_aiweekly,desktop,India,Karnataka,Consulting / Agency,1000+,Performance Monitoring,1,0,0,5,1,1,2026-07-31,4,1,2026-08-01,5,50,8,0,25,2651421,19.64,2026-09-12,1,9
usr_00911,vis_013085,Priya Lindqvist,2026-07-28,Tue,10,2026-07,company.com,1,Data Scientist,Outside Campus,open_beta,Manager,organic_search,organic_search,organic,none,desktop,United Kingdom,England,SaaS / Software,51-200,Quality Assurance,0,0,1,3,0,1,2026-07-29,1,1,2026-07-29,1,53,0,0,17,1098735,7.12,2026-09-20,0,6
usr_00912,vis_013116,Mei Costa,2026-07-28,Tue,16,2026-07,company.com,1,ML Engineer,Outside Campus,open_beta,Individual Contributor,hackernews,hackernews,social,show_hn_launch,desktop,Netherlands,North Holland,Consulting / Agency,1-10,Performance Monitoring,0,0,0,5,1,1,2026-07-28,0,1,2026-07-28,0,9,47,1,7,657944,4.52,2026-08-04,0,10
usr_00913,vis_013141,Hassan Sharma,2026-07-28,Tue,7,2026-07,gmail.com,0,Security Engineer,Outside Campus,waitlist,Individual Contributor,newsletter,newsletter,email,beta_waitlist,desktop,Germany,Bavaria,E-commerce,1-10,Performance Monitoring,0,0,0,4,1,1,2026-07-29,1,1,2026-07-31,3,8,43,1,4,203200,0.63,2026-08-08,0,8
usr_00915,vis_013185,Yuki Brown,2026-07-28,Tue,13,2026-07,university.edu,0,Security Engineer,Outside Campus,open_beta,Individual Contributor,newsletter,newsletter,email,beta_waitlist,desktop,India,Karnataka,Consulting / Agency,1-10,Performance Monitoring,0,0,0,2,0,1,2026-07-30,2,1,2026-07-30,2,52,9,0,11,845776,0.44,2026-09-11,0,
usr_00916,vis_013188,Hassan Silva,2026-07-28,Tue,15,2026-07,company.com,1,ML Engineer,Outside Campus,open_beta,Manager,organic_search,organic_search,organic,none,desktop,India,Karnataka,E-commerce,51-200,Security & Compliance,0,0,0,5,1,1,2026-07-29,1,1,2026-07-29,1,45,9,0,22,2239849,6.97,2026-09-11,0,
usr_00921,vis_013250,Hassan Sharma,2026-07-28,Tue,21,2026-07,proton.me,1,Data Scientist,Outside Campus,open_beta,Team Lead,organic_search,organic_search,organic,none,desktop,Israel,Tel Aviv,SaaS / Software,51-200,Cost Optimization,0,0,0,5,1,0,,,0,,,,,0,0,0,0.0,,0,
usr_00922,vis_013270,Diego Nair,2026-07-30,Thu,19,2026-07,proton.me,1,Product Manager,Outside Campus,invite_code,Manager,newsletter,newsletter,email,beta_waitlist,desktop,Japan,Tokyo,E-commerce,11-50,Quality Assurance,1,0,2,0,0,1,2026-07-31,1,0,,,,,0,0,0,0.0,,0,
usr_00924,vis_013292,Yuki Muller,2026-07-28,Tue,16,2026-07,gmail.com,1,ML Engineer,Outside Campus,waitlist,Individual Contributor,organic_search,organic_search,organic,none,mobile,United States,California,SaaS / Software,11-50,Research & Experimentation,0,0,0,5,1,1,2026-07-28,0,0,,,,,0,0,0,0.0,,0,
usr_00925,vis_013299,Kenji Khan,2026-07-28,Tue,17,2026-07,outlook.com,1,Researcher,Outside Campus,open_beta,Individual Contributor,hackernews,hackernews,social,show_hn_launch,desktop,Japan,Tokyo,Research Lab / Academia,11-50,Performance Monitoring,0,0,0,5,1,1,2026-07-30,2,1,2026-07-30,2,24,28,0,23,1856889,16.16,2026-08-23,0,8
usr_00926,vis_013302,Arjun Walker,2026-07-28,Tue,11,2026-07,gmail.com,1,Product Manager,Outside Campus,waitlist,Individual Contributor,newsletter,newsletter,email,beta_waitlist,desktop,Israel,Tel Aviv,Healthcare,1-10,Performance Monitoring,0,1,0,5,1,0,,,0,,,,,0,0,0,0.0,,0,
usr_00928,vis_013327,Hassan Muller,2026-07-28,Tue,13,2026-07,company.com,1,Data Scientist,Outside Campus,waitlist,Executive,social_twitter,social_twitter,social,llm_observability_buzz,mobile,Canada,Ontario,Enterprise IT,11-50,Performance Monitoring,0,0,0,5,1,1,2026-08-01,4,1,2026-08-01,4,50,0,0,19,1011628,0.63,2026-09-20,0,
usr_00929,vis_013349,Mei Brown,2026-07-28,Tue,12,2026-07,company.com,1,Security Engineer,Outside Campus,open_beta,Individual Contributor,social_twitter,social_twitter,social,llm_observability_buzz,mobile,South Korea,Seoul,SaaS / Software,1-10,Performance Monitoring,0,0,0,5,1,1,2026-08-05,8,1,2026-08-07,10,44,0,0,22,2003598,1.2,2026-09-20,0,
usr_00930,vis_013393,Kenji Petrova,2026-07-29,Wed,22,2026-07,company.com,0,ML Engineer,Outside Campus,open_beta,Individual Contributor,paid_search,paid_search,cpc,brand_llm_monitoring,desktop,France,Ile-de-France,Consulting / Agency,11-50,Performance Monitoring,0,0,1,5,1,1,2026-07-30,1,1,2026-08-02,4,49,0,0,26,2790043,21.57,2026-09-20,1,7
usr_00932,vis_013415,Aisha Brown,2026-07-28,Tue,21,2026-07,gmail.com,0,Security Engineer,Outside Campus,waitlist,Team Lead,organic_search,organic_search,organic,none,desktop,United Kingdom,England,Consulting / Agency,11-50,Performance Monitoring,0,0,0,5,1,1,2026-07-28,0,1,2026-07-30,2,52,6,0,13,661915,1.23,2026-09-14,0,
usr_00933,vis_013450,Rahul Haddad,2026-07-30,Thu,8,2026-07,university.edu,1,ML Engineer,Outside Campus,open_beta,Manager,organic_search,organic_search,organic,none,mobile,India,Karnataka,FinTech,1-10,Cost Optimization,0,0,1,5,1,1,2026-07-31,1,1,2026-07-31,1,51,1,0,20,1805328,4.0,2026-09-19,0,9
usr_00935,vis_013479,Arjun Iyer,2026-07-30,Thu,13,2026-07,gmail.com,1,Security Engineer,Outside Campus,invite_code,Individual Contributor,organic_search,organic_search,organic,none,desktop,India,Karnataka,SaaS / Software,1-10,Performance Monitoring,1,0,1,2,0,1,2026-07-30,0,1,2026-07-30,0,52,0,0,23,2238920,14.71,2026-09-20,0,9
usr_00936,vis_013484,Ingrid Haddad,2026-08-01,Sat,18,2026-08,company.com,1,ML Engineer,Outside Campus,open_beta,Team Lead,social_twitter,social_twitter,social,llm_observability_buzz,desktop,United Kingdom,England,FinTech,1-10,Security & Compliance,0,0,3,5,1,1,2026-08-01,0,1,2026-08-02,1,49,1,0,12,1144126,6.92,2026-09-19,0,7
usr_00938,vis_013508,Omar Walker,2026-07-30,Thu,16,2026-07,gmail.com,0,Founder / Exec,Outside Campus,waitlist,Executive,organic_search,organic_search,organic,none,desktop,United States,California,Research Lab / Academia,1000+,Security & Compliance,0,0,1,2,0,0,,,0,,,,,0,0,0,0.0,,0,
usr_00939,vis_013526,Fatima Sharma,2026-08-03,Mon,16,2026-08,gmail.com,1,Data Scientist,Outside Campus,waitlist,Individual Contributor,linkedin,linkedin,social,b2b_mlsops_q2,desktop,United States,California,SaaS / Software,51-200,Cost Optimization,0,0,5,1,0,1,2026-08-03,0,0,,,,,0,0,0,0.0,,0,
usr_00940,vis_013551,Zoe Tanaka,2026-07-29,Wed,9,2026-07,gmail.com,1,Researcher,Outside Campus,waitlist,Executive,referral,referral,referral,partner_aiweekly,desktop,United States,California,Research Lab / Academia,51-200,Cost Optimization,1,0,0,2,0,1,2026-07-30,1,1,2026-07-31,2,12,50,1,2,344481,1.22,2026-08-01,0,
usr_00941,vis_013582,Zoe Yamamoto,2026-07-31,Fri,17,2026-07,gmail.com,1,ML Engineer,Outside Campus,waitlist,Team Lead,direct,(direct),none,none,desktop,United States,California,Consulting / Agency,11-50,Performance Monitoring,0,0,1,3,0,0,,,0,,,,,0,0,0,0.0,,0,
usr_00942,vis_013584,Lucas Nair,2026-07-31,Fri,20,2026-07,company.com,1,Security Engineer,Outside Campus,open_beta,Team Lead,social_twitter,social_twitter,social,llm_observability_buzz,mobile,Brazil,Sao Paulo,SaaS / Software,201-1000,Cost Optimization,0,0,1,4,1,0,,,0,,,,,0,0,0,0.0,,0,
usr_00943,vis_013592,Diego Brown,2026-07-30,Thu,18,2026-07,gmail.com,1,Product Manager,Outside Campus,open_beta,Individual Contributor,hackernews,hackernews,social,show_hn_launch,desktop,Canada,Ontario,SaaS / Software,201-1000,Quality Assurance,0,0,0,5,1,1,2026-07-31,1,1,2026-07-31,1,48,12,0,7,705925,0.41,2026-09-08,0,10
usr_00944,vis_013621,Priya Ali,2026-07-30,Thu,8,2026-07,outlook.com,0,Founder / Exec,Outside Campus,invite_code,Team Lead,direct,(direct),none,none,desktop,United States,New York,Research Lab / Academia,11-50,Security & Compliance,1,0,0,5,1,1,2026-07-31,1,1,2026-07-31,1,25,26,0,3,202940,0.99,2026-08-25,0,
usr_00945,vis_013627,Chen Haddad,2026-07-31,Fri,11,2026-07,gmail.com,1,Security Engineer,Outside Campus,open_beta,Team Lead,direct,(direct),none,none,desktop,Brazil,Sao Paulo,Enterprise IT,1-10,Security & Compliance,0,0,1,5,1,1,2026-08-01,1,1,2026-08-01,1,50,0,0,18,1800968,4.35,2026-09-20,0,10
usr_00948,vis_013669,Kenji Yamamoto,2026-07-30,Thu,13,2026-07,gmail.com,0,Product Manager,Outside Campus,waitlist,Individual Contributor,direct,(direct),none,none,desktop,United States,California,Media & Gaming,11-50,Performance Monitoring,0,0,0,5,1,0,,,0,,,,,0,0,0,0.0,,0,
usr_00949,vis_013670,Tomas Sharma,2026-07-30,Thu,9,2026-07,gmail.com,1,Security Engineer,Outside Campus,waitlist,Manager,organic_search,organic_search,organic,none,desktop,United Kingdom,England,SaaS / Software,201-1000,Performance Monitoring,0,0,0,5,1,1,2026-08-01,2,1,2026-08-01,2,50,3,0,12,791639,2.71,2026-09-17,0,7
usr_00950,vis_013680,Diego Smith,2026-07-30,Thu,8,2026-07,university.edu,1,ML Engineer,Outside Campus,invite_code,Executive,paid_search,paid_search,cpc,brand_llm_monitoring,tablet,India,Karnataka,E-commerce,1-10,Security & Compliance,1,0,0,5,1,1,2026-07-30,0,0,,,,,0,0,0,0.0,,0,
usr_00951,vis_013729,Arjun Nair,2026-07-31,Fri,15,2026-07,gmail.com,1,ML Engineer,Outside Campus,open_beta,Team Lead,referral,referral,referral,partner_aiweekly,tablet,India,Karnataka,Enterprise IT,1-10,Cost Optimization,1,0,0,5,1,1,2026-07-31,0,1,2026-07-31,0,51,2,0,24,2203153,7.36,2026-09-18,0,7
usr_00952,vis_013745,Sofia Walker,2026-07-31,Fri,7,2026-07,gmail.com,1,ML Engineer,Outside Campus,open_beta,Team Lead,organic_search,organic_search,organic,none,desktop,South Korea,Seoul,Enterprise IT,11-50,Quality Assurance,0,0,0,5,1,1,2026-07-31,0,1,2026-07-31,0,51,9,0,21,1222051,5.51,2026-09-11,0,8
usr_00954,vis_013771,Arjun Novak,2026-08-02,Sun,18,2026-08,university.edu,1,Founder / Exec,Outside Campus,open_beta,Individual Contributor,organic_search,organic_search,organic,none,desktop,United States,New York,SaaS / Software,1-10,Security & Compliance,0,0,2,5,1,0,,,0,,,,,0,0,0,0.0,,0,
usr_00955,vis_013772,Noah Johnson,2026-07-31,Fri,7,2026-07,gmail.com,1,Security Engineer,Outside Campus,open_beta,Individual Contributor,social_twitter,social_twitter,social,llm_observability_buzz,desktop,United States,California,Healthcare,11-50,Quality Assurance,0,0,0,3,0,1,2026-08-03,3,1,2026-08-06,6,45,0,0,23,1830200,2.28,2026-09-20,0,8
usr_00957,vis_013789,Ingrid Garcia,2026-07-31,Fri,16,2026-07,company.com,1,Data Scientist,Outside Campus,invite_code,Manager,social_twitter,social_twitter,social,llm_observability_buzz,desktop,United States,California,Consulting / Agency,1000+,Quality Assurance,1,0,0,5,1,1,2026-08-01,1,1,2026-08-01,1,31,19,0,13,823294,1.22,2026-09-01,0,8
usr_00959,vis_013810,Maya Kim,2026-07-31,Fri,21,2026-07,company.com,1,Researcher,Outside Campus,open_beta,Individual Contributor,hackernews,hackernews,social,show_hn_launch,desktop,Brazil,Sao Paulo,Enterprise IT,11-50,Cost Optimization,0,0,0,5,1,0,,,0,,,,,0,0,0,0.0,,0,
usr_00961,vis_013827,Yuki Petrova,2026-08-01,Sat,14,2026-08,gmail.com,1,Data Scientist,Outside Campus,open_beta,Team Lead,newsletter,newsletter,email,beta_waitlist,mobile,United States,California,E-commerce,1000+,Research & Experimentation,0,0,0,2,0,1,2026-08-02,1,1,2026-08-02,1,30,19,0,12,772034,0.9,2026-09-01,0,
usr_00962,vis_013842,Lucas Costa,2026-08-04,Tue,17,2026-08,gmail.com,1,ML Engineer,Outside Campus,waitlist,Individual Contributor,organic_search,organic_search,organic,none,mobile,United States,California,FinTech,51-200,Quality Assurance,0,0,3,5,1,1,2026-08-04,0,1,2026-08-05,1,46,1,0,13,904845,0.55,2026-09-19,0,8
usr_00963,vis_013932,Elena Sharma,2026-08-10,Mon,13,2026-08,gmail.com,1,Data Scientist,Outside Campus,waitlist,Team Lead,organic_search,organic_search,organic,none,desktop,Australia,New South Wales,Research Lab / Academia,11-50,Cost Optimization,0,0,8,5,1,0,,,0,,,,,0,0,0,0.0,,0,
usr_00964,vis_013939,Diego Nair,2026-08-04,Tue,19,2026-08,gmail.com,1,ML Engineer,Outside Campus,waitlist,Individual Contributor,newsletter,newsletter,email,beta_waitlist,desktop,Poland,Mazovia,FinTech,11-50,Quality Assurance,0,1,2,5,1,1,2026-08-06,2,1,2026-08-06,2,45,0,0,22,1831716,10.55,2026-09-20,0,
usr_00965,vis_013944,Emma Nair,2026-08-02,Sun,21,2026-08,company.com,1,Product Manager,Outside Campus,open_beta,Team Lead,paid_search,paid_search,cpc,brand_llm_monitoring,desktop,Spain,Catalonia,SaaS / Software,51-200,Security & Compliance,0,0,0,4,1,1,2026-08-02,0,1,2026-08-03,1,48,1,0,14,792874,2.75,2026-09-19,0,6
usr_00966,vis_013970,Omar Sharma,2026-08-02,Sun,18,2026-08,outlook.com,1,Data Scientist,Outside Campus,open_beta,Individual Contributor,direct,(direct),none,none,desktop,United States,California,SaaS / Software,201-1000,Research & Experimentation,0,0,0,5,1,0,,,0,,,,,0,0,0,0.0,,0,
usr_00968,vis_013990,Liam Sato,2026-08-05,Wed,12,2026-08,company.com,1,ML Engineer,Outside Campus,open_beta,Manager,organic_search,organic_search,organic,none,desktop,United States,California,Media & Gaming,201-1000,Cost Optimization,0,0,3,5,1,1,2026-08-07,2,1,2026-08-07,2,34,16,0,10,1830753,0.93,2026-09-04,0,6
usr_00970,vis_014021,Diego Sharma,2026-08-03,Mon,14,2026-08,outlook.com,0,ML Engineer,Outside Campus,open_beta,Individual Contributor,direct,(direct),none,none,desktop,Germany,Bavaria,SaaS / Software,201-1000,Cost Optimization,0,0,0,5,1,1,2026-08-03,0,1,2026-08-03,0,10,44,1,3,339737,1.16,2026-08-07,0,8
usr_00971,vis_014037,Tomas Costa,2026-08-11,Tue,17,2026-08,gmail.com,1,ML Engineer,Outside Campus,open_beta,Individual Contributor,direct,(direct),none,none,mobile,United Kingdom,England,Enterprise IT,1-10,Performance Monitoring,0,0,8,5,1,1,2026-08-13,2,1,2026-08-13,2,38,0,0,17,1873960,5.29,2026-09-20,0,7
usr_00972,vis_014078,Omar Petrova,2026-08-03,Mon,11,2026-08,gmail.com,1,ML Engineer,Outside Campus,open_beta,Executive,paid_search,paid_search,cpc,brand_llm_monitoring,desktop,United States,New York,SaaS / Software,1-10,Research & Experimentation,0,0,0,4,1,1,2026-08-04,1,1,2026-08-04,1,47,4,0,19,1529122,1.72,2026-09-16,0,10
usr_00974,vis_014091,Fatima Tanaka,2026-08-03,Mon,13,2026-08,gmail.com,1,Product Manager,Outside Campus,open_beta,Executive,referral,referral,referral,partner_aiweekly,mobile,Israel,Tel Aviv,Healthcare,1-10,Cost Optimization,1,0,0,5,1,0,,,0,,,,,0,0,0,0.0,,0,
usr_00976,vis_014113,Elena Ali,2026-08-03,Mon,13,2026-08,company.com,1,Product Manager,Outside Campus,waitlist,Individual Contributor,referral,referral,referral,partner_aiweekly,desktop,Netherlands,North Holland,Media & Gaming,11-50,Quality Assurance,1,0,0,0,0,0,,,0,,,,,0,0,0,0.0,,0,
usr_00977,vis_014133,Priya Wang,2026-08-04,Tue,14,2026-08,company.com,1,Data Scientist,Outside Campus,open_beta,Individual Contributor,paid_search,paid_search,cpc,brand_llm_monitoring,mobile,Japan,Tokyo,SaaS / Software,201-1000,Quality Assurance,0,0,0,5,1,0,,,0,,,,,0,0,0,0.0,,0,
usr_00978,vis_014156,Maya Haddad,2026-08-04,Tue,14,2026-08,gmail.com,0,Researcher,Outside Campus,open_beta,Individual Contributor,paid_search,paid_search,cpc,brand_llm_monitoring,desktop,United Kingdom,England,FinTech,1-10,Quality Assurance,0,0,0,5,1,1,2026-08-04,0,1,2026-08-04,0,47,0,0,19,2055775,1.24,2026-09-20,0,
usr_00979,vis_014168,Aisha Rossi,2026-08-07,Fri,17,2026-08,gmail.com,1,Data Scientist,Outside Campus,invite_code,Team Lead,referral,referral,referral,partner_aiweekly,desktop,Singapore,Central,FinTech,1-10,Cost Optimization,1,0,3,5,1,1,2026-08-07,0,1,2026-08-09,2,42,0,0,20,1361475,0.81,2026-09-20,0,10
usr_00980,vis_014172,Rahul Iyer,2026-08-04,Tue,21,2026-08,gmail.com,1,ML Engineer,Outside Campus,open_beta,Team Lead,organic_search,organic_search,organic,none,desktop,Poland,Mazovia,Enterprise IT,1-10,Research & Experimentation,0,0,0,5,1,1,2026-08-06,2,1,2026-08-06,2,45,2,0,20,1633602,0.93,2026-09-18,0,
usr_00981,vis_014183,Hassan Sato,2026-08-04,Tue,10,2026-08,gmail.com,0,ML Engineer,Outside Campus,open_beta,Individual Contributor,direct,(direct),none,none,mobile,United States,California,SaaS / Software,201-1000,Performance Monitoring,0,0,0,5,1,1,2026-08-09,5,1,2026-08-10,6,41,0,0,16,1353832,0.9,2026-09-20,0,5
usr_00983,vis_014194,Diego Iyer,2026-08-04,Tue,16,2026-08,gmail.com,1,Security Engineer,Outside Campus,invite_code,Executive,referral,referral,referral,partner_aiweekly,mobile,Brazil,Sao Paulo,SaaS / Software,51-200,Security & Compliance,1,0,0,4,1,0,,,0,,,,,0,0,0,0.0,,0,
usr_00984,vis_014196,Kenji Sato,2026-08-04,Tue,14,2026-08,university.edu,1,Security Engineer,Outside Campus,waitlist,Manager,linkedin,linkedin,social,b2b_mlsops_q2,desktop,United States,California,FinTech,201-1000,Cost Optimization,0,0,0,5,1,1,2026-08-05,1,1,2026-08-06,2,45,0,0,19,1536057,10.49,2026-09-20,0,9
usr_00985,vis_014222,Elena Haddad,2026-08-05,Wed,7,2026-08,company.com,1,Data Scientist,Outside Campus,invite_code,Individual Contributor,linkedin,linkedin,social,b2b_mlsops_q2,desktop,France,Ile-de-France,Media & Gaming,11-50,Quality Assurance,1,0,1,3,0,1,2026-08-07,2,1,2026-08-07,2,39,5,0,21,1722434,9.35,2026-09-15,0,9
usr_00986,vis_014224,Omar Smith,2026-08-05,Wed,17,2026-08,gmail.com,1,Founder / Exec,Outside Campus,invite_code,Individual Contributor,linkedin,linkedin,social,b2b_mlsops_q2,desktop,France,Ile-de-France,FinTech,1-10,Security & Compliance,1,0,1,5,1,0,,,0,,,,,0,0,0,0.0,,0,
usr_00988,vis_014252,Elena Sato,2026-08-04,Tue,10,2026-08,gmail.com,1,ML Engineer,Outside Campus,open_beta,Individual Contributor,newsletter,newsletter,email,beta_waitlist,desktop,United States,California,SaaS / Software,11-50,Quality Assurance,0,0,0,4,1,0,,,0,,,,,0,0,0,0.0,,0,
usr_00989,vis_014263,Mei Nair,2026-08-05,Wed,19,2026-08,gmail.com,1,Security Engineer,Outside Campus,open_beta,Individual Contributor,direct,(direct),none,none,mobile,United States,California,Consulting / Agency,51-200,Quality Assurance,0,0,0,5,1,1,2026-08-05,0,1,2026-08-05,0,46,7,0,15,1911654,5.51,2026-09-13,0,7
usr_00991,vis_014270,Kenji Costa,2026-08-07,Fri,13,2026-08,gmail.com,1,ML Engineer,Outside Campus,open_beta,Executive,newsletter,newsletter,email,beta_waitlist,tablet,Canada,Ontario,FinTech,1-10,Quality Assurance,0,0,2,2,0,1,2026-08-11,4,1,2026-08-12,5,23,16,0,11,770029,0.48,2026-09-04,0,8
usr_00992,vis_014289,Chen Rossi,2026-08-06,Thu,15,2026-08,outlook.com,1,ML Engineer,Outside Campus,open_beta,Team Lead,social_twitter,social_twitter,social,llm_observability_buzz,desktop,United Kingdom,England,SaaS / Software,1-10,Security & Compliance,0,0,1,5,1,1,2026-08-08,2,0,,,,,0,0,0,0.0,,0,
usr_00993,vis_014334,Emma Wang,2026-08-05,Wed,20,2026-08,outlook.com,1,ML Engineer,Outside Campus,open_beta,Executive,hackernews,hackernews,social,show_hn_launch,desktop,United States,California,Enterprise IT,1000+,Cost Optimization,0,0,0,4,1,1,2026-08-05,0,0,,,,,0,0,0,0.0,,0,
usr_00994,vis_014340,Elena Ali,2026-08-05,Wed,13,2026-08,company.com,1,ML Engineer,Outside Campus,open_beta,Individual Contributor,newsletter,newsletter,email,beta_waitlist,desktop,Israel,Tel Aviv,Enterprise IT,51-200,Quality Assurance,0,0,0,4,1,1,2026-08-06,1,1,2026-08-06,1,45,0,0,24,2701070,5.89,2026-09-20,0,9
usr_00995,vis_014356,Tomas Yamamoto,2026-08-05,Wed,9,2026-08,gmail.com,1,ML Engineer,Outside Campus,invite_code,Manager,organic_search,organic_search,organic,none,desktop,Netherlands,North Holland,E-commerce,11-50,Quality Assurance,1,0,0,5,1,1,2026-08-05,0,1,2026-08-06,1,45,3,0,14,1291126,6.16,2026-09-17,0,8
usr_01000,vis_014383,Arjun Brown,2026-08-05,Wed,22,2026-08,university.edu,1,ML Engineer,Outside Campus,waitlist,Manager,paid_search,paid_search,cpc,brand_llm_monitoring,desktop,United States,California,SaaS / Software,11-50,Quality Assurance,0,0,0,4,1,1,2026-08-07,2,1,2026-08-07,2,44,0,0,20,1704878,5.55,2026-09-20,0,
usr_01001,vis_014397,Elena Muller,2026-08-05,Wed,14,2026-08,gmail.com,1,Product Manager,Outside Campus,waitlist,Team Lead,organic_search,organic_search,organic,none,mobile,Germany,Bavaria,Consulting / Agency,11-50,Cost Optimization,0,0,0,4,1,1,2026-08-06,1,1,2026-08-06,1,45,0,0,14,976123,3.08,2026-09-20,0,
usr_01002,vis_014413,Elena Rossi,2026-08-09,Sun,19,2026-08,gmail.com,1,Product Manager,Outside Campus,waitlist,Individual Contributor,newsletter,newsletter,email,beta_waitlist,mobile,United Kingdom,England,Media & Gaming,11-50,Cost Optimization,0,0,3,5,1,1,2026-08-10,1,1,2026-08-10,1,41,0,0,5,627930,2.9,2026-09-20,0,
usr_01003,vis_014416,Maya Ali,2026-08-06,Thu,13,2026-08,gmail.com,1,Data Scientist,Outside Campus,invite_code,Individual Contributor,organic_search,organic_search,organic,none,desktop,United States,California,Media & Gaming,201-1000,Cost Optimization,1,0,0,5,1,1,2026-08-06,0,1,2026-08-06,0,45,4,0,20,2543023,2.91,2026-09-16,0,
usr_01004,vis_014420,Chen Garcia,2026-08-06,Thu,19,2026-08,company.com,1,Product Manager,Outside Campus,open_beta,Individual Contributor,organic_search,organic_search,organic,none,desktop,United States,California,E-commerce,201-1000,Performance Monitoring,0,0,0,5,1,0,,,0,,,,,0,0,0,0.0,,0,
usr_01005,vis_014421,Fatima Yamamoto,2026-08-09,Sun,21,2026-08,gmail.com,1,Security Engineer,Outside Campus,invite_code,Individual Contributor,organic_search,organic_search,organic,none,desktop,United Kingdom,England,Healthcare,51-200,Security & Compliance,1,0,3,0,0,1,2026-08-09,0,1,2026-08-10,1,33,11,0,17,1762270,6.65,2026-09-09,0,9
usr_01007,vis_014435,Sofia Iyer,2026-08-14,Fri,12,2026-08,company.com,1,ML Engineer,Outside Campus,invite_code,Individual Contributor,newsletter,newsletter,email,beta_waitlist,desktop,India,Karnataka,E-commerce,51-200,Quality Assurance,1,0,8,5,1,1,2026-08-15,1,1,2026-08-17,3,34,8,0,12,1245013,3.17,2026-09-12,0,7
usr_01009,vis_014440,Yuki Kim,2026-08-06,Thu,19,2026-08,company.com,1,Data Scientist,Outside Campus,waitlist,Individual Contributor,referral,referral,referral,partner_aiweekly,desktop,Brazil,Sao Paulo,Consulting / Agency,1-10,Quality Assurance,1,0,0,5,1,1,2026-08-06,0,1,2026-08-07,1,44,0,0,17,1657788,7.19,2026-09-20,0,9
usr_01011,vis_014481,Rahul Kim,2026-08-08,Sat,12,2026-08,outlook.com,1,Founder / Exec,Outside Campus,invite_code,Individual Contributor,organic_search,organic_search,organic,none,mobile,Brazil,Sao Paulo,Research Lab / Academia,11-50,Research & Experimentation,1,0,2,5,1,0,,,0,,,,,0,0,0,0.0,,0,
usr_01014,vis_014547,Nadia Kim,2026-08-14,Fri,19,2026-08,gmail.com,0,Data Scientist,Outside Campus,waitlist,Team Lead,linkedin,linkedin,social,b2b_mlsops_q2,desktop,United States,California,SaaS / Software,1-10,Security & Compliance,0,0,8,3,0,1,2026-08-14,0,0,,,,,0,0,0,0.0,,0,
usr_01016,vis_014582,Aisha Iyer,2026-08-08,Sat,8,2026-08,company.com,1,Founder / Exec,Outside Campus,open_beta,Executive,organic_search,organic_search,organic,none,desktop,United States,California,Research Lab / Academia,11-50,Security & Compliance,0,0,1,5,1,0,,,0,,,,,0,0,0,0.0,,0,
usr_01017,vis_014589,Nadia Yamamoto,2026-08-07,Fri,13,2026-08,gmail.com,1,Security Engineer,Outside Campus,waitlist,Manager,referral,referral,referral,partner_aiweekly,desktop,Israel,Tel Aviv,FinTech,51-200,Quality Assurance,1,0,0,5,1,1,2026-08-07,0,1,2026-08-07,0,44,0,0,14,982618,6.38,2026-09-20,0,
usr_01018,vis_014601,Aisha Smith,2026-08-08,Sat,13,2026-08,gmail.com,1,ML Engineer,Outside Campus,open_beta,Individual Contributor,paid_search,paid_search,cpc,brand_llm_monitoring,desktop,United States,California,Research Lab / Academia,11-50,Security & Compliance,0,0,1,5,1,1,2026-08-08,0,1,2026-08-08,0,43,0,0,11,880854,6.32,2026-09-20,0,7
usr_01020,vis_014639,Diego Lindqvist,2026-08-09,Sun,15,2026-08,gmail.com,1,Data Scientist,Outside Campus,waitlist,Team Lead,hackernews,hackernews,social,show_hn_launch,mobile,Singapore,Central,SaaS / Software,1-10,Performance Monitoring,0,1,2,0,0,0,,,0,,,,,0,0,0,0.0,,0,
usr_01021,vis_014683,Arjun Wang,2026-08-10,Mon,17,2026-08,company.com,1,ML Engineer,Outside Campus,open_beta,Individual Contributor,direct,(direct),none,none,desktop,Brazil,Sao Paulo,Media & Gaming,1-10,Performance Monitoring,0,0,2,5,1,1,2026-08-10,0,0,,,,,0,0,0,0.0,,0,
usr_01022,vis_014702,Zoe Novak,2026-08-10,Mon,12,2026-08,gmail.com,1,Researcher,Outside Campus,open_beta,Executive,linkedin,linkedin,social,b2b_mlsops_q2,desktop,Canada,Ontario,Consulting / Agency,51-200,Security & Compliance,0,0,2,5,1,1,2026-08-13,3,1,2026-08-13,3,7,31,1,4,303480,0.67,2026-08-20,0,
usr_01025,vis_014738,Ingrid Novak,2026-08-08,Sat,21,2026-08,gmail.com,1,ML Engineer,Outside Campus,open_beta,Individual Contributor,organic_search,organic_search,organic,none,desktop,Singapore,Central,Consulting / Agency,11-50,Security & Compliance,0,0,0,4,1,1,2026-08-08,0,1,2026-08-08,0,43,0,0,27,2534025,16.63,2026-09-20,1,
usr_01026,vis_014744,Rahul Kim,2026-08-16,Sun,7,2026-08,gmail.com,1,Security Engineer,Outside Campus,waitlist,Individual Contributor,organic_search,organic_search,organic,none,desktop,United States,California,Media & Gaming,1-10,Performance Monitoring,0,0,8,4,1,1,2026-08-16,0,1,2026-08-18,2,33,1,0,16,1852324,6.36,2026-09-19,0,10
usr_01027,vis_014745,Elena Tanaka,2026-08-08,Sat,12,2026-08,company.com,1,Product Manager,Outside Campus,open_beta,Manager,linkedin,linkedin,social,b2b_mlsops_q2,desktop,United States,California,Consulting / Agency,51-200,Performance Monitoring,0,0,0,4,1,0,,,0,,,,,0,0,0,0.0,,0,
usr_01031,vis_014791,Fatima Yamamoto,2026-08-11,Tue,12,2026-08,gmail.com,1,Founder / Exec,Outside Campus,open_beta,Executive,direct,(direct),none,none,desktop,United States,California,Consulting / Agency,1-10,Performance Monitoring,0,0,2,5,1,1,2026-08-12,1,0,,,,,0,0,0,0.0,,0,
usr_01032,vis_014796,Hassan Costa,2026-08-09,Sun,10,2026-08,proton.me,1,Data Scientist,Outside Campus,open_beta,Individual Contributor,referral,referral,referral,partner_aiweekly,mobile,United Kingdom,England,Consulting / Agency,51-200,Cost Optimization,1,0,0,5,1,1,2026-08-09,0,0,,,,,0,0,0,0.0,,0,
usr_01034,vis_014816,Chen Kim,2026-08-10,Mon,10,2026-08,outlook.com,1,Product Manager,Outside Campus,waitlist,Individual Contributor,social_twitter,social_twitter,social,llm_observability_buzz,mobile,United States,California,FinTech,1-10,Quality Assurance,0,0,1,5,1,1,2026-08-12,2,1,2026-08-13,3,38,7,0,6,333977,0.22,2026-09-13,0,
usr_01035,vis_014835,Ingrid Ali,2026-08-09,Sun,8,2026-08,company.com,1,Product Manager,Outside Campus,open_beta,Individual Contributor,referral,referral,referral,partner_aiweekly,desktop,Germany,Bavaria,Consulting / Agency,201-1000,Security & Compliance,1,0,0,2,0,0,,,0,,,,,0,0,0,0.0,,0,
usr_01037,vis_014889,Arjun Nair,2026-08-13,Thu,12,2026-08,outlook.com,1,Founder / Exec,Outside Campus,waitlist,Individual Contributor,social_twitter,social_twitter,social,llm_observability_buzz,desktop,India,Karnataka,SaaS / Software,1-10,Performance Monitoring,0,0,3,5,1,1,2026-08-13,0,1,2026-08-13,0,32,6,0,7,533962,2.4,2026-09-14,0,7
usr_01038,vis_014897,Diego Khan,2026-08-10,Mon,10,2026-08,company.com,1,Product Manager,Outside Campus,invite_code,Individual Contributor,hackernews,hackernews,social,show_hn_launch,desktop,United Kingdom,England,E-commerce,1-10,Quality Assurance,1,0,0,5,1,1,2026-08-13,3,1,2026-08-13,3,38,0,0,13,1218425,0.75,2026-09-20,0,10
usr_01039,vis_014906,Kenji Kim,2026-08-12,Wed,15,2026-08,gmail.com,1,Data Scientist,Outside Campus,waitlist,Individual Contributor,newsletter,newsletter,email,beta_waitlist,desktop,United States,California,FinTech,51-200,Cost Optimization,0,0,2,5,1,0,,,0,,,,,0,0,0,0.0,,0,
usr_01040,vis_014915,Sofia Khan,2026-08-10,Mon,8,2026-08,company.com,1,Founder / Exec,Outside Campus,open_beta,Individual Contributor,linkedin,linkedin,social,b2b_mlsops_q2,desktop,India,Karnataka,Healthcare,51-200,Cost Optimization,0,0,0,5,1,1,2026-08-10,0,1,2026-08-10,0,41,0,0,9,1141645,3.25,2026-09-20,0,10
usr_01042,vis_014921,Lucas Tanaka,2026-08-10,Mon,9,2026-08,university.edu,1,Security Engineer,Outside Campus,waitlist,Executive,hackernews,hackernews,social,show_hn_launch,desktop,United Kingdom,England,Enterprise IT,1-10,Security & Compliance,0,0,0,4,1,1,2026-08-10,0,1,2026-08-11,1,40,9,0,5,330093,0.95,2026-09-11,0,9
usr_01043,vis_014924,Lucas Brown,2026-08-10,Mon,21,2026-08,gmail.com,1,Security Engineer,Outside Campus,open_beta,Team Lead,linkedin,linkedin,social,b2b_mlsops_q2,mobile,United States,California,SaaS / Software,51-200,Performance Monitoring,0,0,0,5,1,1,2026-08-10,0,1,2026-08-10,0,41,5,0,16,1318969,9.19,2026-09-15,0,6
usr_01044,vis_014957,Rahul Brown,2026-08-10,Mon,22,2026-08,gmail.com,1,ML Engineer,Outside Campus,invite_code,Manager,newsletter,newsletter,email,beta_waitlist,mobile,India,Karnataka,Research Lab / Academia,51-200,Cost Optimization,1,0,0,4,1,0,,,0,,,,,0,0,0,0.0,,0,
usr_01045,vis_014958,Omar Rossi,2026-08-15,Sat,8,2026-08,gmail.com,1,Founder / Exec,Outside Campus,open_beta,Individual Contributor,direct,(direct),none,none,desktop,South Korea,Seoul,Media & Gaming,1-10,Cost Optimization,0,0,5,5,1,1,2026-08-16,1,0,,,,,0,0,0,0.0,,0,
usr_01046,vis_014967,Liam Iyer,2026-08-10,Mon,15,2026-08,gmail.com,1,Data Scientist,Outside Campus,invite_code,Individual Contributor,direct,(direct),none,none,mobile,United States,New York,Healthcare,1-10,Quality Assurance,1,0,0,2,0,0,,,0,,,,,0,0,0,0.0,,0,
usr_01047,vis_014968,Liam Haddad,2026-08-10,Mon,18,2026-08,outlook.com,1,Product Manager,Outside Campus,open_beta,Manager,direct,(direct),none,none,tablet,United States,California,SaaS / Software,11-50,Cost Optimization,0,0,0,4,1,0,,,0,,,,,0,0,0,0.0,,0,
usr_01048,vis_014976,Lucas Silva,2026-08-10,Mon,14,2026-08,gmail.com,1,Product Manager,Outside Campus,open_beta,Individual Contributor,linkedin,linkedin,social,b2b_mlsops_q2,desktop,United States,California,SaaS / Software,11-50,Quality Assurance,0,0,0,5,1,0,,,0,,,,,0,0,0,0.0,,0,
usr_01050,vis_015028,Maya Tanaka,2026-08-11,Tue,21,2026-08,gmail.com,1,Founder / Exec,Outside Campus,waitlist,Individual Contributor,referral,referral,referral,partner_aiweekly,desktop,Spain,Catalonia,FinTech,51-200,Cost Optimization,1,0,0,2,0,1,2026-08-11,0,1,2026-08-11,0,15,29,0,8,769100,1.71,2026-08-22,0,8
usr_01052,vis_015068,Mei Iyer,2026-08-11,Tue,14,2026-08,gmail.com,0,Founder / Exec,Outside Campus,open_beta,Team Lead,paid_search,paid_search,cpc,brand_llm_monitoring,desktop,United States,California,Research Lab / Academia,201-1000,Security & Compliance,0,0,0,5,1,1,2026-08-12,1,1,2026-08-13,2,18,21,0,4,400534,2.83,2026-08-30,0,8
usr_01053,vis_015071,Ingrid Rossi,2026-08-11,Tue,18,2026-08,outlook.com,1,Founder / Exec,Outside Campus,waitlist,Individual Contributor,social_twitter,social_twitter,social,llm_observability_buzz,mobile,United States,California,SaaS / Software,11-50,Performance Monitoring,0,0,0,1,0,1,2026-08-13,2,1,2026-08-13,2,11,29,0,3,225213,1.14,2026-08-22,0,8
usr_01054,vis_015103,Mei Verma,2026-08-13,Thu,22,2026-08,gmail.com,1,Product Manager,Outside Campus,waitlist,Individual Contributor,direct,(direct),none,none,desktop,Australia,New South Wales,E-commerce,11-50,Cost Optimization,0,0,2,3,0,1,2026-08-15,2,1,2026-08-17,4,33,1,0,10,628733,2.4,2026-09-19,0,5
usr_01056,vis_015116,Sofia Iyer,2026-08-11,Tue,14,2026-08,gmail.com,1,Product Manager,Outside Campus,open_beta,Individual Contributor,direct,(direct),none,none,desktop,India,Karnataka,Enterprise IT,11-50,Performance Monitoring,0,1,0,4,1,1,2026-08-11,0,0,,,,,0,0,0,0.0,,0,
usr_01057,vis_015120,Arjun Tanaka,2026-08-11,Tue,18,2026-08,gmail.com,1,ML Engineer,Outside Campus,open_beta,Manager,linkedin,linkedin,social,b2b_mlsops_q2,desktop,United States,California,Research Lab / Academia,1000+,Security & Compliance,0,1,0,4,1,1,2026-08-11,0,0,,,,,0,0,0,0.0,,0,
usr_01058,vis_015126,Ethan Lindqvist,2026-08-11,Tue,14,2026-08,gmail.com,1,ML Engineer,Outside Campus,open_beta,Individual Contributor,organic_search,organic_search,organic,none,desktop,Germany,Bavaria,Research Lab / Academia,11-50,Quality Assurance,0,0,0,5,1,1,2026-08-13,2,1,2026-08-14,3,37,2,0,18,1544532,10.14,2026-09-18,0,9
usr_01059,vis_015133,Priya Silva,2026-08-16,Sun,10,2026-08,company.com,0,Researcher,Outside Campus,waitlist,Individual Contributor,linkedin,linkedin,social,b2b_mlsops_q2,desktop,United States,California,SaaS / Software,1-10,Cost Optimization,0,0,5,3,0,1,2026-08-16,0,1,2026-08-16,0,29,11,0,10,1126823,0.69,2026-09-09,0,
usr_01060,vis_015182,Hassan Yamamoto,2026-08-17,Mon,10,2026-08,gmail.com,1,Security Engineer,Outside Campus,open_beta,Team Lead,organic_search,organic_search,organic,none,mobile,India,Karnataka,E-commerce,201-1000,Research & Experimentation,0,0,5,4,1,1,2026-08-17,0,1,2026-08-19,2,19,13,0,5,574979,2.02,2026-09-07,0,5
usr_01062,vis_015223,Lucas Smith,2026-08-12,Wed,20,2026-08,outlook.com,1,ML Engineer,Outside Campus,open_beta,Individual Contributor,hackernews,hackernews,social,show_hn_launch,desktop,United States,New York,SaaS / Software,51-200,Security & Compliance,0,0,0,3,0,1,2026-08-12,0,1,2026-08-12,0,17,22,0,10,611203,1.31,2026-08-29,0,8
usr_01065,vis_015334,Omar Tanaka,2026-08-16,Sun,19,2026-08,gmail.com,1,Security Engineer,Outside Campus,waitlist,Individual Contributor,hackernews,hackernews,social,show_hn_launch,mobile,United States,California,E-commerce,1-10,Security & Compliance,0,0,3,5,1,1,2026-08-17,1,1,2026-08-18,2,33,0,0,12,1233809,1.37,2026-09-20,0,7
usr_01066,vis_015342,Ethan Muller,2026-08-13,Thu,21,2026-08,gmail.com,1,Product Manager,Outside Campus,open_beta,Team Lead,paid_search,paid_search,cpc,brand_llm_monitoring,desktop,United States,New York,SaaS / Software,1-10,Cost Optimization,0,0,0,5,1,0,,,0,,,,,0,0,0,0.0,,0,
usr_01068,vis_015382,Priya Muller,2026-08-13,Thu,22,2026-08,gmail.com,1,ML Engineer,Outside Campus,waitlist,Individual Contributor,hackernews,hackernews,social,show_hn_launch,mobile,United States,California,FinTech,51-200,Quality Assurance,0,0,0,5,1,1,2026-08-13,0,1,2026-08-13,0,38,1,0,15,927684,4.33,2026-09-19,0,8
usr_01070,vis_015398,Liam Sharma,2026-08-14,Fri,20,2026-08,gmail.com,1,ML Engineer,Outside Campus,open_beta,Individual Contributor,organic_search,organic_search,organic,none,desktop,United States,California,Consulting / Agency,1-10,Cost Optimization,0,0,1,5,1,1,2026-08-15,1,1,2026-08-15,1,36,0,0,11,708011,4.54,2026-09-20,0,6
usr_01072,vis_015414,Ethan Brown,2026-08-13,Thu,7,2026-08,company.com,0,ML Engineer,Outside Campus,open_beta,Executive,organic_search,organic_search,organic,none,desktop,United Kingdom,England,Healthcare,1-10,Quality Assurance,0,0,0,4,1,1,2026-08-14,1,0,,,,,0,0,0,0.0,,0,
usr_01074,vis_015433,Zoe Khan,2026-08-14,Fri,15,2026-08,gmail.com,0,Founder / Exec,Outside Campus,waitlist,Manager,organic_search,organic_search,organic,none,desktop,United States,New York,SaaS / Software,1-10,Cost Optimization,0,0,1,5,1,0,,,0,,,,,0,0,0,0.0,,0,
usr_01075,vis_015458,Ethan Haddad,2026-08-14,Fri,17,2026-08,outlook.com,1,Security Engineer,Outside Campus,waitlist,Manager,social_twitter,social_twitter,social,llm_observability_buzz,desktop,United States,California,Enterprise IT,1-10,Research & Experimentation,0,0,0,5,1,0,,,0,,,,,0,0,0,0.0,,0,
usr_01077,vis_015520,Sofia Sato,2026-08-17,Mon,17,2026-08,gmail.com,1,ML Engineer,Outside Campus,open_beta,Manager,social_twitter,social_twitter,social,llm_observability_buzz,desktop,Poland,Mazovia,Research Lab / Academia,11-50,Cost Optimization,0,0,3,4,1,1,2026-08-17,0,1,2026-08-18,1,33,6,0,15,1578357,10.16,2026-09-14,0,
usr_01078,vis_015542,Maya Rossi,2026-08-22,Sat,19,2026-08,company.com,1,Data Scientist,Outside Campus,open_beta,Manager,linkedin,linkedin,social,b2b_mlsops_q2,desktop,Singapore,Central,Enterprise IT,51-200,Quality Assurance,0,0,8,5,1,1,2026-08-23,1,1,2026-08-23,1,16,13,0,5,570043,1.24,2026-09-07,0,8
usr_01079,vis_015580,Liam Khan,2026-08-15,Sat,20,2026-08,gmail.com,1,Researcher,Outside Campus,waitlist,Executive,organic_search,organic_search,organic,none,desktop,India,Karnataka,SaaS / Software,1-10,Cost Optimization,0,0,0,3,0,0,,,0,,,,,0,0,0,0.0,,0,
usr_01080,vis_015588,Liam Sato,2026-08-15,Sat,10,2026-08,company.com,1,ML Engineer,Outside Campus,open_beta,Executive,organic_search,organic_search,organic,none,desktop,United States,New York,SaaS / Software,11-50,Performance Monitoring,0,0,0,5,1,1,2026-08-15,0,1,2026-08-15,0,36,0,0,16,1629506,2.88,2026-09-20,0,8
usr_01081,vis_015597,Ingrid Yamamoto,2026-08-17,Mon,13,2026-08,company.com,1,Data Scientist,Outside Campus,open_beta,Individual Contributor,organic_search,organic_search,organic,none,desktop,United States,California,FinTech,51-200,Security & Compliance,0,0,2,5,1,1,2026-08-17,0,1,2026-08-17,0,12,27,0,9,642548,3.73,2026-08-24,0,8
usr_01082,vis_015598,Elena Johnson,2026-08-18,Tue,8,2026-08,gmail.com,1,Security Engineer,Outside Campus,invite_code,Team Lead,linkedin,linkedin,social,b2b_mlsops_q2,desktop,Brazil,Sao Paulo,SaaS / Software,1-10,Performance Monitoring,1,0,3,4,1,0,,,0,,,,,0,0,0,0.0,,0,
usr_01083,vis_015632,Fatima Wang,2026-08-16,Sun,17,2026-08,gmail.com,1,Security Engineer,Outside Campus,open_beta,Individual Contributor,paid_search,paid_search,cpc,brand_llm_monitoring,desktop,United States,California,FinTech,1-10,Security & Compliance,0,0,1,5,1,1,2026-08-17,1,1,2026-08-23,7,28,0,0,16,1554731,6.62,2026-09-20,0,7
usr_01084,vis_015636,Sofia Ali,2026-08-15,Sat,10,2026-08,gmail.com,0,ML Engineer,Outside Campus,waitlist,Individual Contributor,social_twitter,social_twitter,social,llm_observability_buzz,mobile,United States,California,FinTech,51-200,Cost Optimization,0,0,0,5,1,1,2026-08-15,0,1,2026-08-15,0,36,0,0,17,1067132,1.33,2026-09-20,0,8
usr_01085,vis_015647,Chen Garcia,2026-08-15,Sat,14,2026-08,gmail.com,1,ML Engineer,Outside Campus,open_beta,Team Lead,referral,referral,referral,partner_aiweekly,mobile,Israel,Tel Aviv,FinTech,11-50,Cost Optimization,1,0,0,5,1,1,2026-08-17,2,1,2026-08-17,2,3,31,1,1,118331,0.07,2026-08-20,0,10
usr_01087,vis_015700,Kenji Khan,2026-08-17,Mon,18,2026-08,university.edu,1,ML Engineer,Outside Campus,waitlist,Individual Contributor,hackernews,hackernews,social,show_hn_launch,desktop,United Kingdom,England,SaaS / Software,11-50,Cost Optimization,0,0,1,5,1,1,2026-08-18,1,1,2026-08-18,1,33,0,0,8,808012,5.45,2026-09-20,0,10
usr_01088,vis_015726,Yuki Johnson,2026-08-16,Sun,7,2026-08,gmail.com,1,ML Engineer,Outside Campus,open_beta,Individual Contributor,linkedin,linkedin,social,b2b_mlsops_q2,mobile,United States,California,SaaS / Software,201-1000,Research & Experimentation,0,0,0,5,1,0,,,0,,,,,0,0,0,0.0,,0,
usr_01090,vis_015765,Rahul Rossi,2026-08-17,Mon,7,2026-08,company.com,1,ML Engineer,Outside Campus,open_beta,Individual Contributor,referral,referral,referral,partner_aiweekly,desktop,France,Ile-de-France,Enterprise IT,201-1000,Quality Assurance,1,0,0,5,1,1,2026-08-17,0,1,2026-08-18,1,33,2,0,15,1434235,6.91,2026-09-18,0,9
usr_01093,vis_015826,Emma Brown,2026-08-17,Mon,15,2026-08,university.edu,1,ML Engineer,Outside Campus,open_beta,Executive,linkedin,linkedin,social,b2b_mlsops_q2,desktop,United States,California,FinTech,51-200,Security & Compliance,0,0,0,5,1,1,2026-08-17,0,1,2026-08-17,0,34,1,0,6,550529,4.12,2026-09-19,0,8
usr_01096,vis_015840,Kenji Nair,2026-08-19,Wed,12,2026-08,company.com,1,ML Engineer,Outside Campus,open_beta,Individual Contributor,direct,(direct),none,none,desktop,Australia,New South Wales,FinTech,1-10,Quality Assurance,0,0,2,5,1,0,,,0,,,,,0,0,0,0.0,,0,
usr_01098,vis_015858,Kenji Sato,2026-08-17,Mon,18,2026-08,company.com,1,Data Scientist,Outside Campus,open_beta,Individual Contributor,organic_search,organic_search,organic,none,desktop,India,Karnataka,Healthcare,1-10,Performance Monitoring,0,0,0,0,0,1,2026-08-17,0,1,2026-08-17,0,20,17,0,10,975098,0.56,2026-09-03,0,8
usr_01099,vis_015890,Nadia Garcia,2026-08-17,Mon,10,2026-08,gmail.com,1,ML Engineer,Outside Campus,open_beta,Individual Contributor,organic_search,organic_search,organic,none,desktop,Poland,Mazovia,Consulting / Agency,1-10,Cost Optimization,0,0,0,3,0,0,,,0,,,,,0,0,0,0.0,,0,
usr_01100,vis_015908,Arjun Lindqvist,2026-08-18,Tue,19,2026-08,gmail.com,1,Security Engineer,Outside Campus,open_beta,Manager,hackernews,hackernews,social,show_hn_launch,desktop,United States,California,Enterprise IT,1-10,Quality Assurance,0,1,0,5,1,0,,,0,,,,,0,0,0,0.0,,0,
usr_01101,vis_015938,Diego Johnson,2026-08-18,Tue,13,2026-08,company.com,1,Data Scientist,Outside Campus,open_beta,Executive,hackernews,hackernews,social,show_hn_launch,desktop,Japan,Tokyo,Enterprise IT,11-50,Cost Optimization,0,0,0,3,0,1,2026-08-20,2,1,2026-08-22,4,29,0,0,17,1545813,5.62,2026-09-20,0,
usr_01102,vis_015953,Diego Sharma,2026-08-18,Tue,9,2026-08,gmail.com,1,ML Engineer,Outside Campus,open_beta,Individual Contributor,newsletter,newsletter,email,beta_waitlist,desktop,United Kingdom,England,SaaS / Software,1-10,Security & Compliance,0,0,0,5,1,1,2026-08-18,0,1,2026-08-19,1,29,4,0,10,700679,0.43,2026-09-16,0,7
usr_01103,vis_015969,Kenji Khan,2026-08-18,Tue,7,2026-08,company.com,1,Data Scientist,Outside Campus,open_beta,Individual Contributor,direct,(direct),none,none,desktop,India,Karnataka,SaaS / Software,1-10,Cost Optimization,0,0,0,5,1,1,2026-08-18,0,0,,,,,0,0,0,0.0,,0,
usr_01104,vis_015988,Liam Haddad,2026-08-18,Tue,8,2026-08,gmail.com,1,Data Scientist,Outside Campus,open_beta,Individual Contributor,newsletter,newsletter,email,beta_waitlist,desktop,Singapore,Central,Enterprise IT,51-200,Security & Compliance,0,0,0,5,1,1,2026-08-20,2,1,2026-08-22,4,29,0,0,9,940040,5.64,2026-09-20,0,8
usr_01107,vis_016028,Sofia Muller,2026-08-18,Tue,8,2026-08,gmail.com,1,Product Manager,Outside Campus,open_beta,Individual Contributor,referral,referral,referral,partner_aiweekly,desktop,United States,California,Consulting / Agency,51-200,Performance Monitoring,1,1,0,5,1,0,,,0,,,,,0,0,0,0.0,,0,
usr_01108,vis_016034,Tomas Iyer,2026-08-18,Tue,12,2026-08,company.com,0,ML Engineer,Outside Campus,open_beta,Manager,newsletter,newsletter,email,beta_waitlist,desktop,Poland,Mazovia,SaaS / Software,11-50,Performance Monitoring,0,0,0,4,1,1,2026-08-19,1,1,2026-08-20,2,31,2,0,8,522245,4.12,2026-09-18,0,8
usr_01109,vis_016038,Chen Verma,2026-08-18,Tue,20,2026-08,company.com,1,Founder / Exec,Outside Campus,open_beta,Team Lead,social_twitter,social_twitter,social,llm_observability_buzz,desktop,United States,California,Media & Gaming,11-50,Performance Monitoring,0,0,0,5,1,0,,,0,,,,,0,0,0,0.0,,0,
usr_01110,vis_016056,Sofia Sharma,2026-08-19,Wed,15,2026-08,university.edu,1,ML Engineer,Outside Campus,open_beta,Individual Contributor,direct,(direct),none,none,desktop,Germany,Bavaria,Media & Gaming,51-200,Security & Compliance,0,0,0,3,0,1,2026-08-19,0,1,2026-08-19,0,32,0,0,10,743838,0.51,2026-09-20,0,8
usr_01112,vis_016067,Emma Johnson,2026-08-19,Wed,15,2026-08,company.com,1,Product Manager,Outside Campus,open_beta,Individual Contributor,hackernews,hackernews,social,show_hn_launch,mobile,United States,California,SaaS / Software,11-50,Security & Compliance,0,0,0,4,1,0,,,0,,,,,0,0,0,0.0,,0,
usr_01113,vis_016079,Liam Sato,2026-08-20,Thu,21,2026-08,company.com,1,Founder / Exec,Outside Campus,open_beta,Team Lead,organic_search,organic_search,organic,none,desktop,France,Ile-de-France,Media & Gaming,51-200,Cost Optimization,0,0,1,5,1,0,,,0,,,,,0,0,0,0.0,,0,
usr_01118,vis_016118,Sofia Wang,2026-08-19,Wed,13,2026-08,outlook.com,1,ML Engineer,Outside Campus,open_beta,Individual Contributor,organic_search,organic_search,organic,none,desktop,United States,California,Consulting / Agency,11-50,Cost Optimization,0,0,0,5,1,1,2026-08-22,3,1,2026-08-22,3,29,0,0,10,778144,5.19,2026-09-20,0,7
usr_01119,vis_016120,Zoe Rossi,2026-08-21,Fri,18,2026-08,gmail.com,1,Product Manager,Outside Campus,waitlist,Team Lead,social_twitter,social_twitter,social,llm_observability_buzz,desktop,United Kingdom,England,Enterprise IT,51-200,Security & Compliance,0,0,2,5,1,0,,,0,,,,,0,0,0,0.0,,0,
usr_01122,vis_016152,Fatima Smith,2026-08-19,Wed,10,2026-08,gmail.com,1,Data Scientist,Outside Campus,invite_code,Individual Contributor,organic_search,organic_search,organic,none,desktop,Australia,New South Wales,Consulting / Agency,1-10,Cost Optimization,1,0,0,4,1,1,2026-08-22,3,1,2026-08-22,3,29,0,0,13,1284779,0.71,2026-09-20,0,
usr_01123,vis_016184,Ethan Tanaka,2026-08-19,Wed,18,2026-08,company.com,1,Researcher,Outside Campus,open_beta,Manager,organic_search,organic_search,organic,none,mobile,Australia,New South Wales,FinTech,51-200,Security & Compliance,0,0,0,4,1,1,2026-08-19,0,1,2026-08-19,0,32,2,0,13,790599,2.86,2026-09-18,0,7
usr_01124,vis_016191,Maya Iyer,2026-08-24,Mon,9,2026-08,company.com,1,Founder / Exec,Outside Campus,open_beta,Individual Contributor,direct,(direct),none,none,desktop,United States,New York,Consulting / Agency,1-10,Security & Compliance,0,0,5,5,1,0,,,0,,,,,0,0,0,0.0,,0,
usr_01125,vis_016193,Emma Brown,2026-08-22,Sat,18,2026-08,gmail.com,1,Researcher,Outside Campus,open_beta,Individual Contributor,organic_search,organic_search,organic,none,desktop,Australia,New South Wales,FinTech,51-200,Research & Experimentation,0,0,3,4,1,1,2026-08-24,2,1,2026-08-25,3,21,5,0,11,792134,1.7,2026-09-15,0,5
usr_01127,vis_016203,Ingrid Garcia,2026-08-19,Wed,16,2026-08,gmail.com,1,ML Engineer,Outside Campus,open_beta,Manager,paid_search,paid_search,cpc,brand_llm_monitoring,desktop,United States,California,SaaS / Software,11-50,Cost Optimization,0,0,0,5,1,1,2026-08-20,1,1,2026-08-20,1,31,0,0,15,1557058,0.95,2026-09-20,0,9
usr_01128,vis_016227,Ethan Verma,2026-08-21,Fri,14,2026-08,gmail.com,1,Security Engineer,Outside Campus,open_beta,Individual Contributor,referral,referral,referral,partner_aiweekly,desktop,Singapore,Central,SaaS / Software,51-200,Cost Optimization,1,0,1,0,0,1,2026-08-21,0,1,2026-08-24,3,27,5,0,9,763171,4.03,2026-09-15,0,7
usr_01129,vis_016235,Rahul Ali,2026-08-20,Thu,20,2026-08,gmail.com,1,Product Manager,Outside Campus,waitlist,Individual Contributor,organic_search,organic_search,organic,none,desktop,United States,California,FinTech,11-50,Research & Experimentation,0,0,0,5,1,0,,,0,,,,,0,0,0,0.0,,0,
usr_01130,vis_016243,Omar Wang,2026-08-20,Thu,17,2026-08,company.com,1,Data Scientist,Outside Campus,open_beta,Team Lead,organic_search,organic_search,organic,none,desktop,Canada,Ontario,SaaS / Software,11-50,Performance Monitoring,0,0,0,3,0,1,2026-08-20,0,1,2026-08-20,0,31,0,0,21,1595140,6.8,2026-09-20,0,9
usr_01131,vis_016267,Kenji Wang,2026-08-25,Tue,21,2026-08,gmail.com,1,Data Scientist,Outside Campus,open_beta,Individual Contributor,organic_search,organic_search,organic,none,desktop,United Kingdom,England,SaaS / Software,1-10,Security & Compliance,0,0,5,5,1,1,2026-08-26,1,1,2026-08-27,2,3,,0,0,0,0.0,,0,6
usr_01133,vis_016301,Mei Petrova,2026-08-20,Thu,22,2026-08,proton.me,1,Founder / Exec,Outside Campus,open_beta,Individual Contributor,linkedin,linkedin,social,b2b_mlsops_q2,mobile,United Kingdom,England,Consulting / Agency,11-50,Cost Optimization,0,0,0,4,1,0,,,0,,,,,0,0,0,0.0,,0,
usr_01134,vis_016314,Kenji Lindqvist,2026-08-20,Thu,11,2026-08,gmail.com,1,Researcher,Outside Campus,waitlist,Individual Contributor,referral,referral,referral,partner_aiweekly,mobile,United States,California,Consulting / Agency,1-10,Cost Optimization,1,0,0,5,1,1,2026-08-21,1,1,2026-08-21,1,30,0,0,6,510685,1.67,2026-09-20,0,5
usr_01135,vis_016315,Ethan Haddad,2026-08-20,Thu,21,2026-08,company.com,0,Data Scientist,Outside Campus,invite_code,Individual Contributor,direct,(direct),none,none,desktop,Netherlands,North Holland,E-commerce,1-10,Performance Monitoring,1,0,0,4,1,1,2026-08-20,0,1,2026-08-20,0,31,2,0,9,684118,1.35,2026-09-18,0,8
usr_01136,vis_016319,Ingrid Wang,2026-08-20,Thu,15,2026-08,company.com,1,Researcher,Outside Campus,waitlist,Manager,direct,(direct),none,none,mobile,Brazil,Sao Paulo,SaaS / Software,51-200,Performance Monitoring,0,0,0,3,0,0,,,0,,,,,0,0,0,0.0,,0,
usr_01139,vis_016333,Nadia Ali,2026-08-20,Thu,21,2026-08,company.com,0,Security Engineer,Outside Campus,open_beta,Executive,newsletter,newsletter,email,beta_waitlist,desktop,United States,California,FinTech,51-200,Performance Monitoring,0,0,0,5,1,1,2026-08-20,0,1,2026-08-20,0,31,2,0,16,955152,3.74,2026-09-18,0,10
usr_01140,vis_016355,Ethan Silva,2026-08-20,Thu,19,2026-08,outlook.com,1,ML Engineer,Outside Campus,open_beta,Individual Contributor,paid_search,paid_search,cpc,brand_llm_monitoring,desktop,India,Karnataka,SaaS / Software,51-200,Research & Experimentation,0,0,0,5,1,0,,,0,,,,,0,0,0,0.0,,0,
usr_01141,vis_016366,Priya Ali,2026-08-22,Sat,10,2026-08,university.edu,1,ML Engineer,Outside Campus,waitlist,Individual Contributor,paid_search,paid_search,cpc,brand_llm_monitoring,desktop,Canada,Ontario,SaaS / Software,51-200,Quality Assurance,0,0,1,5,1,1,2026-08-24,2,1,2026-08-25,3,26,0,0,10,1098287,3.98,2026-09-20,0,9
usr_01142,vis_016377,Elena Yamamoto,2026-08-21,Fri,19,2026-08,company.com,1,ML Engineer,Outside Campus,open_beta,Individual Contributor,paid_search,paid_search,cpc,brand_llm_monitoring,desktop,United States,California,Research Lab / Academia,201-1000,Performance Monitoring,0,0,0,2,0,1,2026-08-21,0,1,2026-08-21,0,30,0,0,12,926236,5.77,2026-09-20,0,6
usr_01145,vis_016430,Elena Costa,2026-08-21,Fri,7,2026-08,gmail.com,1,Data Scientist,Outside Campus,invite_code,Individual Contributor,newsletter,newsletter,email,beta_waitlist,desktop,United States,New York,SaaS / Software,1-10,Cost Optimization,1,0,0,5,1,1,2026-08-26,5,1,2026-08-26,5,25,1,0,10,838130,3.38,2026-09-19,0,8
usr_01146,vis_016445,Priya Johnson,2026-08-21,Fri,18,2026-08,gmail.com,1,Security Engineer,Outside Campus,open_beta,Individual Contributor,referral,referral,referral,partner_aiweekly,tablet,India,Karnataka,Enterprise IT,1-10,Security & Compliance,1,0,0,1,0,1,2026-08-23,2,1,2026-08-25,4,26,4,0,9,347603,1.65,2026-09-16,0,8
usr_01147,vis_016462,Liam Muller,2026-08-23,Sun,15,2026-08,company.com,0,ML Engineer,Outside Campus,open_beta,Executive,linkedin,linkedin,social,b2b_mlsops_q2,mobile,India,Karnataka,SaaS / Software,11-50,Cost Optimization,0,0,2,4,1,1,2026-08-24,1,0,,,,,0,0,0,0.0,,0,
usr_01148,vis_016464,Hassan Smith,2026-08-23,Sun,16,2026-08,outlook.com,1,Data Scientist,Outside Campus,waitlist,Individual Contributor,referral,referral,referral,partner_aiweekly,desktop,United States,California,Enterprise IT,51-200,Cost Optimization,1,0,2,5,1,1,2026-08-24,1,1,2026-08-25,2,26,4,0,9,541019,0.33,2026-09-16,0,
usr_01150,vis_016487,Sofia Costa,2026-08-22,Sat,20,2026-08,company.com,1,Security Engineer,Outside Campus,invite_code,Team Lead,paid_search,paid_search,cpc,brand_llm_monitoring,desktop,Germany,Bavaria,SaaS / Software,1-10,Performance Monitoring,1,0,0,4,1,1,2026-08-22,0,1,2026-08-23,1,28,0,0,10,743753,3.62,2026-09-20,0,9
usr_01152,vis_016519,Ingrid Novak,2026-08-22,Sat,19,2026-08,gmail.com,1,Data Scientist,Outside Campus,open_beta,Team Lead,linkedin,linkedin,social,b2b_mlsops_q2,desktop,India,Karnataka,SaaS / Software,11-50,Cost Optimization,0,0,0,5,1,0,,,0,,,,,0,0,0,0.0,,0,
usr_01153,vis_016525,Priya Muller,2026-08-23,Sun,19,2026-08,gmail.com,1,Data Scientist,Outside Campus,invite_code,Individual Contributor,paid_search,paid_search,cpc,brand_llm_monitoring,desktop,United States,California,Enterprise IT,51-200,Performance Monitoring,1,0,1,5,1,1,2026-08-24,1,1,2026-08-24,1,27,0,0,12,991422,2.68,2026-09-20,0,9
usr_01154,vis_016537,Hassan Garcia,2026-08-24,Mon,22,2026-08,company.com,1,Security Engineer,Outside Campus,waitlist,Manager,paid_search,paid_search,cpc,brand_llm_monitoring,desktop,South Korea,Seoul,Enterprise IT,201-1000,Performance Monitoring,0,0,2,2,0,1,2026-08-24,0,1,2026-08-25,1,26,3,0,12,1053848,5.11,2026-09-17,0,8
usr_01155,vis_016560,Fatima Ali,2026-08-24,Mon,9,2026-08,gmail.com,1,ML Engineer,Outside Campus,open_beta,Manager,hackernews,hackernews,social,show_hn_launch,mobile,Canada,Ontario,E-commerce,1-10,Security & Compliance,0,0,2,3,0,0,,,0,,,,,0,0,0,0.0,,0,
usr_01156,vis_016567,Yuki Ali,2026-08-22,Sat,13,2026-08,proton.me,1,Product Manager,Outside Campus,open_beta,Team Lead,referral,referral,referral,partner_aiweekly,desktop,Canada,Ontario,SaaS / Software,11-50,Security & Compliance,1,0,0,5,1,1,2026-08-23,1,1,2026-08-23,1,17,11,0,6,1032858,7.56,2026-09-09,0,7
usr_01158,vis_016577,Elena Iyer,2026-08-25,Tue,7,2026-08,university.edu,1,Founder / Exec,Outside Campus,invite_code,Manager,paid_search,paid_search,cpc,brand_llm_monitoring,tablet,United States,California,FinTech,1-10,Cost Optimization,1,0,3,3,0,1,2026-08-27,2,1,2026-08-29,4,22,1,0,7,975713,2.64,2026-09-19,0,10
usr_01159,vis_016616,Noah Rossi,2026-08-24,Mon,15,2026-08,gmail.com,1,Data Scientist,Outside Campus,open_beta,Team Lead,newsletter,newsletter,email,beta_waitlist,desktop,Australia,New South Wales,SaaS / Software,201-1000,Performance Monitoring,0,0,1,5,1,1,2026-08-25,1,1,2026-08-25,1,26,2,0,9,1088901,0.71,2026-09-18,0,8
usr_01160,vis_016639,Mei Wang,2026-08-26,Wed,14,2026-08,gmail.com,1,ML Engineer,Outside Campus,open_beta,Executive,direct,(direct),none,none,mobile,Israel,Tel Aviv,Media & Gaming,51-200,Performance Monitoring,0,0,3,2,0,1,2026-08-27,1,1,2026-08-28,2,23,0,0,10,535958,2.18,2026-09-20,0,
usr_01161,vis_016640,Lucas Petrova,2026-08-26,Wed,17,2026-08,company.com,1,Data Scientist,Outside Campus,open_beta,Individual Contributor,organic_search,organic_search,organic,none,desktop,France,Ile-de-France,SaaS / Software,11-50,Cost Optimization,0,0,3,5,1,1,2026-08-26,0,1,2026-08-26,0,25,0,0,6,481661,1.45,2026-09-20,0,8
usr_01162,vis_016698,Kenji Kim,2026-08-25,Tue,17,2026-08,company.com,1,Security Engineer,Outside Campus,invite_code,Individual Contributor,social_twitter,social_twitter,social,llm_observability_buzz,desktop,Netherlands,North Holland,Enterprise IT,51-200,Performance Monitoring,1,0,1,4,1,1,2026-08-27,2,1,2026-08-27,2,8,16,0,13,878214,4.67,2026-09-04,0,10
usr_01163,vis_016708,Rahul Novak,2026-08-24,Mon,14,2026-08,company.com,1,ML Engineer,Outside Campus,invite_code,Individual Contributor,paid_search,paid_search,cpc,brand_llm_monitoring,desktop,Canada,Ontario,E-commerce,51-200,Performance Monitoring,1,0,0,1,0,1,2026-08-25,1,1,2026-08-25,1,26,2,0,14,1380364,3.28,2026-09-18,0,9
usr_01164,vis_016710,Rahul Johnson,2026-08-24,Mon,20,2026-08,outlook.com,1,Researcher,Outside Campus,open_beta,Individual Contributor,organic_search,organic_search,organic,none,desktop,Japan,Tokyo,SaaS / Software,1-10,Cost Optimization,0,0,0,0,0,1,2026-08-26,2,1,2026-08-26,2,25,9,0,9,801659,3.18,2026-09-11,0,
usr_01166,vis_016720,Ingrid Iyer,2026-08-24,Mon,8,2026-08,gmail.com,1,ML Engineer,Outside Campus,open_beta,Individual Contributor,hackernews,hackernews,social,show_hn_launch,desktop,United States,California,Research Lab / Academia,51-200,Quality Assurance,0,0,0,5,1,1,2026-08-24,0,1,2026-08-24,0,27,2,0,14,1307918,5.6,2026-09-18,0,
usr_01168,vis_016730,Fatima Yamamoto,2026-08-26,Wed,13,2026-08,gmail.com,0,Researcher,Outside Campus,invite_code,Team Lead,hackernews,hackernews,social,show_hn_launch,mobile,India,Karnataka,SaaS / Software,51-200,Quality Assurance,1,0,2,0,0,1,2026-09-06,11,1,2026-09-06,11,14,0,0,6,520190,0.6,2026-09-20,0,
usr_01169,vis_016739,Yuki Kim,2026-08-25,Tue,11,2026-08,company.com,1,Security Engineer,Outside Campus,open_beta,Individual Contributor,linkedin,linkedin,social,b2b_mlsops_q2,desktop,United States,California,SaaS / Software,11-50,Security & Compliance,0,0,1,5,1,1,2026-08-29,4,1,2026-08-30,5,21,0,0,6,412186,3.38,2026-09-20,0,8
usr_01170,vis_016741,Diego Nair,2026-08-24,Mon,22,2026-08,company.com,1,ML Engineer,Outside Campus,open_beta,Individual Contributor,newsletter,newsletter,email,beta_waitlist,desktop,United States,California,SaaS / Software,11-50,Cost Optimization,0,0,0,5,1,1,2026-09-01,8,1,2026-09-01,8,19,4,0,14,1560288,6.72,2026-09-16,0,
usr_01171,vis_016765,Maya Nair,2026-08-24,Mon,18,2026-08,gmail.com,1,Data Scientist,Outside Campus,waitlist,Executive,direct,(direct),none,none,desktop,Netherlands,North Holland,SaaS / Software,1-10,Cost Optimization,0,0,0,5,1,1,2026-08-24,0,0,,,,,0,0,0,0.0,,0,
usr_01172,vis_016811,Rahul Johnson,2026-08-25,Tue,13,2026-08,gmail.com,0,ML Engineer,Outside Campus,open_beta,Individual Contributor,social_twitter,social_twitter,social,llm_observability_buzz,desktop,Canada,Ontario,SaaS / Software,1-10,Research & Experimentation,0,0,1,5,1,1,2026-08-25,0,1,2026-08-25,0,4,26,0,2,111263,0.66,2026-08-25,0,10
usr_01174,vis_016836,Tomas Novak,2026-08-26,Wed,13,2026-08,proton.me,1,Product Manager,Outside Campus,open_beta,Team Lead,referral,referral,referral,partner_aiweekly,desktop,India,Karnataka,Healthcare,1-10,Security & Compliance,1,0,1,2,0,0,,,0,,,,,0,0,0,0.0,,0,
usr_01175,vis_016857,Kenji Nair,2026-08-27,Thu,19,2026-08,company.com,0,ML Engineer,Outside Campus,invite_code,Executive,newsletter,newsletter,email,beta_waitlist,desktop,United States,California,SaaS / Software,11-50,Performance Monitoring,1,0,2,4,1,1,2026-08-27,0,1,2026-08-28,1,23,7,0,10,895424,0.99,2026-09-13,0,9
usr_01176,vis_016876,Kenji Haddad,2026-09-02,Wed,19,2026-09,company.com,1,Founder / Exec,Outside Campus,open_beta,Individual Contributor,hackernews,hackernews,social,show_hn_launch,desktop,United States,California,Consulting / Agency,51-200,Cost Optimization,0,0,8,4,1,1,2026-09-02,0,1,2026-09-02,0,18,16,0,2,62536,0.19,2026-09-04,0,8
usr_01177,vis_016888,Ingrid Haddad,2026-08-27,Thu,7,2026-08,university.edu,1,Data Scientist,Outside Campus,open_beta,Individual Contributor,hackernews,hackernews,social,show_hn_launch,desktop,United States,California,SaaS / Software,201-1000,Cost Optimization,0,0,2,5,1,0,,,0,,,,,0,0,0,0.0,,0,
usr_01178,vis_016905,Sofia Garcia,2026-08-25,Tue,17,2026-08,gmail.com,1,Product Manager,Outside Campus,open_beta,Individual Contributor,hackernews,hackernews,social,show_hn_launch,desktop,India,Karnataka,SaaS / Software,51-200,Performance Monitoring,0,0,0,4,1,0,,,0,,,,,0,0,0,0.0,,0,
usr_01180,vis_016924,Liam Garcia,2026-08-25,Tue,19,2026-08,gmail.com,0,Product Manager,Outside Campus,waitlist,Individual Contributor,hackernews,hackernews,social,show_hn_launch,desktop,United States,California,Research Lab / Academia,51-200,Security & Compliance,0,0,0,5,1,0,,,0,,,,,0,0,0,0.0,,0,
usr_01181,vis_016986,Ingrid Novak,2026-08-26,Wed,8,2026-08,company.com,1,ML Engineer,Outside Campus,open_beta,Individual Contributor,organic_search,organic_search,organic,none,mobile,United States,New York,SaaS / Software,201-1000,Research & Experimentation,0,0,0,3,0,1,2026-08-27,1,0,,,,,0,0,0,0.0,,0,
usr_01182,vis_017013,Chen Johnson,2026-08-28,Fri,20,2026-08,company.com,1,ML Engineer,Outside Campus,open_beta,Individual Contributor,organic_search,organic_search,organic,none,mobile,Germany,Bavaria,FinTech,1-10,Security & Compliance,0,1,2,5,1,0,,,0,,,,,0,0,0,0.0,,0,
usr_01184,vis_017019,Tomas Wang,2026-08-26,Wed,8,2026-08,gmail.com,1,Product Manager,Outside Campus,invite_code,Team Lead,organic_search,organic_search,organic,none,desktop,United States,California,Consulting / Agency,51-200,Research & Experimentation,1,0,0,5,1,0,,,0,,,,,0,0,0,0.0,,0,
usr_01187,vis_017069,Aisha Haddad,2026-08-26,Wed,10,2026-08,company.com,0,Security Engineer,Outside Campus,invite_code,Individual Contributor,linkedin,linkedin,social,b2b_mlsops_q2,desktop,India,Karnataka,Media & Gaming,11-50,Quality Assurance,1,0,0,5,1,1,2026-08-28,2,1,2026-08-28,2,23,0,0,18,1589914,6.48,2026-09-20,0,8
usr_01188,vis_017070,Yuki Lindqvist,2026-08-27,Thu,8,2026-08,outlook.com,1,ML Engineer,Outside Campus,invite_code,Team Lead,social_twitter,social_twitter,social,llm_observability_buzz,mobile,United States,California,FinTech,1000+,Security & Compliance,1,0,1,5,1,1,2026-08-27,0,1,2026-08-29,2,22,0,0,8,323116,2.7,2026-09-20,0,10
usr_01189,vis_017086,Ethan Kim,2026-08-27,Thu,13,2026-08,gmail.com,1,ML Engineer,Outside Campus,open_beta,Individual Contributor,organic_search,organic_search,organic,none,desktop,United States,California,Research Lab / Academia,11-50,Security & Compliance,0,0,1,5,1,1,2026-08-30,3,1,2026-08-30,3,21,0,0,14,1213457,4.71,2026-09-20,0,8
usr_01190,vis_017122,Hassan Johnson,2026-08-26,Wed,9,2026-08,outlook.com,1,Data Scientist,Outside Campus,open_beta,Manager,social_twitter,social_twitter,social,llm_observability_buzz,desktop,United States,California,SaaS / Software,1-10,Cost Optimization,0,0,0,0,0,0,,,0,,,,,0,0,0,0.0,,0,
usr_01191,vis_017129,Noah Wang,2026-08-27,Thu,21,2026-08,company.com,1,ML Engineer,Outside Campus,open_beta,Executive,linkedin,linkedin,social,b2b_mlsops_q2,desktop,Canada,Ontario,FinTech,201-1000,Cost Optimization,0,0,1,3,0,1,2026-08-27,0,1,2026-08-29,2,22,8,0,13,647334,4.01,2026-09-12,0,
usr_01194,vis_017179,Arjun Costa,2026-08-27,Thu,11,2026-08,company.com,1,Security Engineer,Outside Campus,open_beta,Team Lead,social_twitter,social_twitter,social,llm_observability_buzz,desktop,United States,California,Research Lab / Academia,1-10,Cost Optimization,0,0,0,5,1,0,,,0,,,,,0,0,0,0.0,,0,
usr_01196,vis_017214,Emma Silva,2026-08-28,Fri,22,2026-08,gmail.com,0,Data Scientist,Outside Campus,open_beta,Individual Contributor,referral,referral,referral,partner_aiweekly,mobile,United States,California,Consulting / Agency,51-200,Security & Compliance,1,0,1,5,1,0,,,0,,,,,0,0,0,0.0,,0,
usr_01197,vis_017242,Diego Smith,2026-08-27,Thu,18,2026-08,company.com,0,Data Scientist,Outside Campus,open_beta,Individual Contributor,organic_search,organic_search,organic,none,desktop,Netherlands,North Holland,Consulting / Agency,1-10,Security & Compliance,0,1,0,5,1,1,2026-08-27,0,0,,,,,0,0,0,0.0,,0,
usr_01198,vis_017255,Ethan Haddad,2026-08-27,Thu,18,2026-08,company.com,0,Product Manager,Outside Campus,open_beta,Individual Contributor,direct,(direct),none,none,desktop,United States,California,Enterprise IT,51-200,Performance Monitoring,0,0,0,4,1,1,2026-08-30,3,1,2026-08-30,3,21,0,0,8,431572,2.38,2026-09-20,0,
usr_01199,vis_017262,Fatima Sato,2026-08-27,Thu,11,2026-08,gmail.com,1,Researcher,Outside Campus,waitlist,Individual Contributor,direct,(direct),none,none,desktop,United Kingdom,England,Media & Gaming,51-200,Security & Compliance,0,0,0,5,1,1,2026-08-28,1,1,2026-08-30,3,21,0,0,6,616115,0.36,2026-09-20,0,10
usr_01200,vis_017279,Diego Verma,2026-08-28,Fri,8,2026-08,company.com,1,Founder / Exec,Outside Campus,open_beta,Individual Contributor,newsletter,newsletter,email,beta_waitlist,desktop,Canada,Ontario,SaaS / Software,51-200,Security & Compliance,0,0,1,3,0,1,2026-09-01,4,1,2026-09-02,5,18,1,0,5,337915,2.01,2026-09-19,0,7
usr_01203,vis_017332,Noah Wang,2026-08-29,Sat,15,2026-08,outlook.com,0,Data Scientist,Outside Campus,invite_code,Individual Contributor,linkedin,linkedin,social,b2b_mlsops_q2,desktop,Spain,Catalonia,SaaS / Software,11-50,Cost Optimization,1,0,1,5,1,1,2026-08-29,0,1,2026-08-30,1,21,0,0,14,1438324,4.27,2026-09-20,0,
usr_01204,vis_017336,Mei Yamamoto,2026-08-29,Sat,17,2026-08,company.com,0,ML Engineer,Outside Campus,invite_code,Individual Contributor,hackernews,hackernews,social,show_hn_launch,desktop,United States,California,SaaS / Software,11-50,Quality Assurance,1,0,1,5,1,1,2026-08-29,0,1,2026-08-29,0,22,0,0,10,618186,0.37,2026-09-20,0,
usr_01206,vis_017345,Mei Walker,2026-08-28,Fri,15,2026-08,company.com,1,Founder / Exec,Outside Campus,waitlist,Individual Contributor,hackernews,hackernews,social,show_hn_launch,mobile,Brazil,Sao Paulo,SaaS / Software,1-10,Performance Monitoring,0,0,0,5,1,0,,,0,,,,,0,0,0,0.0,,0,
usr_01208,vis_017386,Rahul Lindqvist,2026-08-28,Fri,15,2026-08,outlook.com,1,ML Engineer,Outside Campus,open_beta,Team Lead,paid_search,paid_search,cpc,brand_llm_monitoring,desktop,Canada,Ontario,Healthcare,1-10,Quality Assurance,0,0,0,0,0,1,2026-08-28,0,1,2026-08-28,0,23,2,0,13,897222,5.77,2026-09-18,0,8
usr_01209,vis_017398,Maya Costa,2026-08-28,Fri,13,2026-08,gmail.com,1,Researcher,Outside Campus,invite_code,Individual Contributor,hackernews,hackernews,social,show_hn_launch,desktop,United States,California,Consulting / Agency,11-50,Security & Compliance,1,0,0,1,0,1,2026-08-31,3,1,2026-09-01,4,19,5,0,5,286757,0.17,2026-09-15,0,7
usr_01214,vis_017473,Hassan Iyer,2026-08-30,Sun,15,2026-08,company.com,1,Founder / Exec,Outside Campus,waitlist,Executive,direct,(direct),none,none,desktop,Australia,New South Wales,SaaS / Software,51-200,Cost Optimization,0,0,1,5,1,0,,,0,,,,,0,0,0,0.0,,0,
usr_01217,vis_017497,Elena Johnson,2026-08-30,Sun,22,2026-08,gmail.com,1,Security Engineer,Outside Campus,open_beta,Individual Contributor,newsletter,newsletter,email,beta_waitlist,tablet,United States,California,E-commerce,11-50,Performance Monitoring,0,0,1,3,0,1,2026-08-31,1,1,2026-09-04,5,16,1,0,6,702422,1.48,2026-09-19,0,5
usr_01218,vis_017512,Diego Iyer,2026-08-30,Sun,21,2026-08,company.com,1,Security Engineer,Outside Campus,waitlist,Executive,direct,(direct),none,none,desktop,Australia,New South Wales,Research Lab / Academia,51-200,Research & Experimentation,0,0,1,5,1,1,2026-08-31,1,1,2026-09-05,6,15,0,0,7,481260,1.63,2026-09-20,0,6
usr_01219,vis_017527,Tomas Iyer,2026-08-31,Mon,15,2026-08,company.com,1,ML Engineer,Outside Campus,waitlist,Individual Contributor,linkedin,linkedin,social,b2b_mlsops_q2,desktop,Netherlands,North Holland,FinTech,11-50,Cost Optimization,0,0,2,3,0,1,2026-09-02,2,1,2026-09-02,2,18,1,0,4,237500,1.03,2026-09-19,0,
usr_01220,vis_017532,Zoe Wang,2026-08-29,Sat,15,2026-08,gmail.com,1,Data Scientist,Outside Campus,invite_code,Team Lead,paid_search,paid_search,cpc,brand_llm_monitoring,desktop,India,Karnataka,Enterprise IT,51-200,Research & Experimentation,1,0,0,5,1,1,2026-08-30,1,1,2026-09-01,3,19,3,0,8,680048,4.11,2026-09-17,0,10
usr_01221,vis_017545,Maya Smith,2026-08-30,Sun,15,2026-08,proton.me,1,Security Engineer,Outside Campus,open_beta,Individual Contributor,organic_search,organic_search,organic,none,desktop,France,Ile-de-France,Consulting / Agency,1000+,Performance Monitoring,0,0,0,4,1,1,2026-09-03,4,1,2026-09-08,9,12,5,0,9,564480,0.36,2026-09-15,0,9
usr_01223,vis_017602,Ethan Costa,2026-08-30,Sun,9,2026-08,gmail.com,0,Security Engineer,Outside Campus,waitlist,Individual Contributor,referral,referral,referral,partner_aiweekly,desktop,Canada,Ontario,E-commerce,1-10,Cost Optimization,1,0,0,0,0,1,2026-09-06,7,1,2026-09-06,7,14,0,0,7,966712,3.05,2026-09-20,0,
usr_01224,vis_017616,Chen Muller,2026-08-30,Sun,8,2026-08,company.com,1,ML Engineer,Outside Campus,open_beta,Team Lead,linkedin,linkedin,social,b2b_mlsops_q2,mobile,Singapore,Central,Enterprise IT,1-10,Cost Optimization,0,0,0,5,1,0,,,0,,,,,0,0,0,0.0,,0,
usr_01226,vis_017645,Sofia Sato,2026-09-01,Tue,9,2026-09,gmail.com,1,Product Manager,Outside Campus,open_beta,Individual Contributor,referral,referral,referral,partner_aiweekly,desktop,United States,California,E-commerce,1-10,Cost Optimization,1,0,1,3,0,0,,,0,,,,,0,0,0,0.0,,0,
usr_01230,vis_017707,Maya Petrova,2026-08-31,Mon,19,2026-08,gmail.com,1,ML Engineer,Outside Campus,open_beta,Executive,organic_search,organic_search,organic,none,desktop,United Kingdom,England,FinTech,51-200,Performance Monitoring,0,0,0,3,0,0,,,0,,,,,0,0,0,0.0,,0,
usr_01231,vis_017754,Chen Iyer,2026-09-01,Tue,20,2026-09,outlook.com,1,Product Manager,Outside Campus,invite_code,Team Lead,linkedin,linkedin,social,b2b_mlsops_q2,desktop,United Kingdom,England,FinTech,11-50,Performance Monitoring,1,0,1,5,1,1,2026-09-03,2,1,2026-09-05,4,15,1,0,5,373836,0.26,2026-09-19,0,10
usr_01232,vis_017759,Ingrid Verma,2026-09-01,Tue,14,2026-09,company.com,0,Product Manager,Outside Campus,invite_code,Individual Contributor,linkedin,linkedin,social,b2b_mlsops_q2,desktop,United Kingdom,England,Media & Gaming,11-50,Security & Compliance,1,0,1,3,0,0,,,0,,,,,0,0,0,0.0,,0,
usr_01234,vis_017826,Lucas Nair,2026-09-04,Fri,22,2026-09,gmail.com,1,ML Engineer,Outside Campus,open_beta,Individual Contributor,organic_search,organic_search,organic,none,desktop,South Korea,Seoul,Enterprise IT,201-1000,Security & Compliance,0,0,3,5,1,1,2026-09-05,1,0,,,,,0,0,0,0.0,,0,
usr_01235,vis_017827,Aisha Walker,2026-09-03,Thu,7,2026-09,company.com,1,Researcher,Outside Campus,open_beta,Individual Contributor,direct,(direct),none,none,desktop,Canada,Ontario,Enterprise IT,1-10,Performance Monitoring,0,0,2,4,1,1,2026-09-05,2,1,2026-09-06,3,14,14,0,3,292242,0.16,2026-09-06,0,6
usr_01236,vis_017828,Liam Sharma,2026-09-01,Tue,22,2026-09,company.com,1,Founder / Exec,Outside Campus,open_beta,Manager,social_twitter,social_twitter,social,llm_observability_buzz,desktop,United States,California,SaaS / Software,1-10,Security & Compliance,0,0,0,4,1,0,,,0,,,,,0,0,0,0.0,,0,
usr_01237,vis_017834,Zoe Smith,2026-09-01,Tue,10,2026-09,gmail.com,1,ML Engineer,Outside Campus,open_beta,Team Lead,linkedin,linkedin,social,b2b_mlsops_q2,desktop,Australia,New South Wales,FinTech,51-200,Cost Optimization,0,0,0,1,0,1,2026-09-04,3,1,2026-09-05,4,15,0,0,12,1109069,0.67,2026-09-20,0,10
usr_01238,vis_017863,Nadia Garcia,2026-09-06,Sun,13,2026-09,gmail.com,1,ML Engineer,Outside Campus,open_beta,Individual Contributor,newsletter,newsletter,email,beta_waitlist,desktop,India,Karnataka,SaaS / Software,1-10,Performance Monitoring,0,0,5,3,0,1,2026-09-06,0,1,2026-09-07,1,13,1,0,3,138641,0.08,2026-09-19,0,
usr_01240,vis_017896,Sofia Walker,2026-09-01,Tue,8,2026-09,gmail.com,1,Data Scientist,Outside Campus,invite_code,Individual Contributor,linkedin,linkedin,social,b2b_mlsops_q2,desktop,United States,California,Enterprise IT,1-10,Performance Monitoring,1,0,0,4,1,1,2026-09-02,1,1,2026-09-02,1,18,3,0,16,1367884,3.64,2026-09-17,0,8
usr_01241,vis_017904,Ethan Haddad,2026-09-01,Tue,12,2026-09,gmail.com,1,Researcher,Outside Campus,invite_code,Team Lead,hackernews,hackernews,social,show_hn_launch,desktop,United Kingdom,England,Research Lab / Academia,11-50,Performance Monitoring,1,0,0,5,1,1,2026-09-03,2,1,2026-09-03,2,17,0,0,9,854903,1.88,2026-09-20,0,10
usr_01246,vis_017995,Nadia Brown,2026-09-02,Wed,18,2026-09,company.com,1,ML Engineer,Outside Campus,open_beta,Individual Contributor,referral,referral,referral,partner_aiweekly,desktop,Poland,Mazovia,SaaS / Software,11-50,Quality Assurance,1,0,0,5,1,0,,,0,,,,,0,0,0,0.0,,0,
usr_01247,vis_018009,Omar Tanaka,2026-09-03,Thu,9,2026-09,gmail.com,1,Data Scientist,Outside Campus,waitlist,Team Lead,social_twitter,social_twitter,social,llm_observability_buzz,mobile,United States,California,FinTech,51-200,Security & Compliance,0,0,1,5,1,1,2026-09-03,0,1,2026-09-04,1,16,1,0,7,475520,0.3,2026-09-19,0,6
usr_01248,vis_018028,Arjun Costa,2026-09-03,Thu,12,2026-09,gmail.com,1,Product Manager,Outside Campus,invite_code,Individual Contributor,direct,(direct),none,none,mobile,India,Karnataka,Enterprise IT,1-10,Cost Optimization,1,0,1,3,0,0,,,0,,,,,0,0,0,0.0,,0,
usr_01250,vis_018038,Maya Rossi,2026-09-05,Sat,12,2026-09,company.com,1,ML Engineer,Outside Campus,invite_code,Manager,linkedin,linkedin,social,b2b_mlsops_q2,desktop,United States,New York,E-commerce,201-1000,Security & Compliance,1,0,3,5,1,1,2026-09-07,2,1,2026-09-09,4,11,1,0,10,799733,3.47,2026-09-19,0,8
usr_01252,vis_018079,Rahul Verma,2026-09-02,Wed,9,2026-09,gmail.com,1,ML Engineer,Outside Campus,open_beta,Team Lead,direct,(direct),none,none,desktop,Canada,Ontario,Enterprise IT,1-10,Performance Monitoring,0,0,0,4,1,1,2026-09-04,2,1,2026-09-04,2,16,4,0,4,389892,1.76,2026-09-16,0,8
usr_01253,vis_018093,Ethan Kim,2026-09-04,Fri,7,2026-09,company.com,1,Product Manager,Outside Campus,open_beta,Individual Contributor,hackernews,hackernews,social,show_hn_launch,desktop,United States,California,Media & Gaming,11-50,Cost Optimization,0,1,2,5,1,1,2026-09-04,0,1,2026-09-05,1,15,0,0,5,645204,4.45,2026-09-20,0,9
usr_01254,vis_018110,Zoe Petrova,2026-09-06,Sun,12,2026-09,gmail.com,1,Security Engineer,Outside Campus,waitlist,Individual Contributor,referral,referral,referral,partner_aiweekly,desktop,South Korea,Seoul,Research Lab / Academia,1000+,Performance Monitoring,1,0,3,5,1,1,2026-09-07,1,1,2026-09-12,6,8,0,0,6,244647,1.17,2026-09-20,0,7
usr_01255,vis_018112,Priya Verma,2026-09-03,Thu,8,2026-09,outlook.com,1,Security Engineer,Outside Campus,invite_code,Individual Contributor,direct,(direct),none,none,desktop,United States,California,SaaS / Software,1-10,Performance Monitoring,1,0,0,5,1,1,2026-09-04,1,1,2026-09-05,2,15,0,0,8,564961,4.41,2026-09-20,0,
usr_01256,vis_018117,Arjun Petrova,2026-09-05,Sat,9,2026-09,company.com,1,Data Scientist,Outside Campus,open_beta,Individual Contributor,newsletter,newsletter,email,beta_waitlist,desktop,Israel,Tel Aviv,FinTech,201-1000,Cost Optimization,0,1,2,3,0,1,2026-09-05,0,1,2026-09-07,2,13,6,0,8,448984,2.08,2026-09-14,0,
usr_01258,vis_018133,Arjun Haddad,2026-09-03,Thu,8,2026-09,gmail.com,1,Data Scientist,Outside Campus,invite_code,Individual Contributor,hackernews,hackernews,social,show_hn_launch,desktop,Japan,Tokyo,FinTech,1-10,Cost Optimization,1,0,0,5,1,1,2026-09-03,0,1,2026-09-09,6,11,0,0,5,242748,0.63,2026-09-20,0,9
usr_01259,vis_018135,Tomas Johnson,2026-09-05,Sat,20,2026-09,company.com,1,ML Engineer,Outside Campus,waitlist,Individual Contributor,organic_search,organic_search,organic,none,desktop,United Kingdom,England,Research Lab / Academia,1-10,Cost Optimization,0,0,2,5,1,1,2026-09-06,1,1,2026-09-07,2,8,5,0,7,396873,2.97,2026-09-15,0,7
usr_01260,vis_018136,Hassan Muller,2026-09-04,Fri,17,2026-09,gmail.com,1,Data Scientist,Outside Campus,invite_code,Manager,direct,(direct),none,none,desktop,India,Karnataka,SaaS / Software,11-50,Performance Monitoring,1,1,1,5,1,1,2026-09-07,3,0,,,,,0,0,0,0.0,,0,
usr_01261,vis_018158,Emma Kim,2026-09-11,Fri,14,2026-09,gmail.com,1,ML Engineer,Outside Campus,open_beta,Manager,direct,(direct),none,none,desktop,Poland,Mazovia,Enterprise IT,11-50,Security & Compliance,0,0,8,4,1,1,2026-09-12,1,0,,,,,0,0,0,0.0,,0,
usr_01264,vis_018173,Ingrid Yamamoto,2026-09-03,Thu,16,2026-09,gmail.com,1,Data Scientist,Outside Campus,waitlist,Individual Contributor,newsletter,newsletter,email,beta_waitlist,desktop,Brazil,Sao Paulo,FinTech,1-10,Quality Assurance,0,0,0,2,0,1,2026-09-05,2,1,2026-09-07,4,13,6,0,5,366177,0.75,2026-09-14,0,
usr_01265,vis_018179,Priya Lindqvist,2026-09-06,Sun,16,2026-09,gmail.com,1,ML Engineer,Outside Campus,open_beta,Individual Contributor,hackernews,hackernews,social,show_hn_launch,desktop,France,Ile-de-France,FinTech,11-50,Quality Assurance,0,0,3,5,1,1,2026-09-08,2,1,2026-09-08,2,12,0,0,9,1101423,5.89,2026-09-20,0,
usr_01266,vis_018181,Emma Silva,2026-09-03,Thu,17,2026-09,university.edu,1,ML Engineer,Outside Campus,open_beta,Team Lead,referral,referral,referral,partner_aiweekly,mobile,United States,California,E-commerce,201-1000,Quality Assurance,1,0,0,2,0,1,2026-09-05,2,0,,,,,0,0,0,0.0,,0,
usr_01267,vis_018195,Mei Walker,2026-09-03,Thu,17,2026-09,company.com,1,Product Manager,Outside Campus,open_beta,Individual Contributor,direct,(direct),none,none,desktop,India,Karnataka,SaaS / Software,11-50,Security & Compliance,0,0,0,4,1,0,,,0,,,,,0,0,0,0.0,,0,
usr_01268,vis_018218,Rahul Sharma,2026-09-04,Fri,12,2026-09,proton.me,0,Founder / Exec,Outside Campus,open_beta,Executive,hackernews,hackernews,social,show_hn_launch,mobile,Poland,Mazovia,Consulting / Agency,1-10,Security & Compliance,0,0,1,4,1,1,2026-09-04,0,1,2026-09-04,0,11,16,0,3,362417,1.83,2026-09-04,0,7
usr_01269,vis_018241,Maya Costa,2026-09-03,Thu,7,2026-09,gmail.com,1,Data Scientist,Outside Campus,open_beta,Individual Contributor,hackernews,hackernews,social,show_hn_launch,desktop,Australia,New South Wales,SaaS / Software,51-200,Quality Assurance,0,0,0,3,0,1,2026-09-04,1,1,2026-09-07,4,13,3,0,6,193408,0.13,2026-09-17,0,8
usr_01270,vis_018255,Mei Lindqvist,2026-09-03,Thu,14,2026-09,outlook.com,1,ML Engineer,Outside Campus,open_beta,Individual Contributor,newsletter,newsletter,email,beta_waitlist,desktop,India,Karnataka,FinTech,51-200,Security & Compliance,0,0,0,5,1,1,2026-09-06,3,1,2026-09-06,3,14,0,0,7,645770,2.4,2026-09-20,0,10
usr_01271,vis_018279,Tomas Lindqvist,2026-09-04,Fri,12,2026-09,company.com,1,Security Engineer,Outside Campus,open_beta,Individual Contributor,linkedin,linkedin,social,b2b_mlsops_q2,desktop,United States,California,FinTech,51-200,Security & Compliance,0,0,0,5,1,1,2026-09-04,0,1,2026-09-07,3,13,8,0,4,239052,1.24,2026-09-12,0,
usr_01272,vis_018286,Tomas Yamamoto,2026-09-04,Fri,8,2026-09,university.edu,1,ML Engineer,Outside Campus,open_beta,Individual Contributor,newsletter,newsletter,email,beta_waitlist,mobile,United States,California,FinTech,11-50,Cost Optimization,0,0,0,5,1,1,2026-09-04,0,0,,,,,0,0,0,0.0,,0,
usr_01274,vis_018386,Mei Haddad,2026-09-04,Fri,10,2026-09,gmail.com,1,Product Manager,Outside Campus,open_beta,Executive,linkedin,linkedin,social,b2b_mlsops_q2,desktop,India,Karnataka,Healthcare,201-1000,Security & Compliance,0,1,0,0,0,1,2026-09-04,0,1,2026-09-04,0,15,1,0,4,210993,2.21,2026-09-19,0,8
usr_01276,vis_018445,Lucas Nair,2026-09-13,Sun,7,2026-09,gmail.com,1,Data Scientist,Outside Campus,waitlist,Team Lead,paid_search,paid_search,cpc,brand_llm_monitoring,desktop,United Kingdom,England,SaaS / Software,11-50,Security & Compliance,0,0,8,5,1,1,2026-09-15,2,1,2026-09-15,2,5,1,0,2,336437,0.96,2026-09-19,0,10
usr_01277,vis_018448,Elena Haddad,2026-09-07,Mon,13,2026-09,company.com,1,Founder / Exec,Outside Campus,open_beta,Manager,hackernews,hackernews,social,show_hn_launch,desktop,India,Karnataka,E-commerce,201-1000,Quality Assurance,0,0,2,0,0,0,,,0,,,,,0,0,0,0.0,,0,
usr_01279,vis_018453,Mei Tanaka,2026-09-08,Tue,22,2026-09,gmail.com,1,Data Scientist,Outside Campus,waitlist,Manager,newsletter,newsletter,email,beta_waitlist,mobile,Spain,Catalonia,Consulting / Agency,51-200,Quality Assurance,0,0,3,5,1,1,2026-09-10,2,1,2026-09-11,3,9,0,0,6,403450,1.37,2026-09-20,0,7
usr_01280,vis_018457,Rahul Silva,2026-09-05,Sat,9,2026-09,university.edu,1,Researcher,Outside Campus,invite_code,Manager,referral,referral,referral,partner_aiweekly,desktop,Singapore,Central,Media & Gaming,11-50,Security & Compliance,1,0,0,5,1,1,2026-09-05,0,1,2026-09-05,0,15,0,0,12,1188476,3.82,2026-09-20,0,
usr_01281,vis_018469,Zoe Silva,2026-09-07,Mon,20,2026-09,gmail.com,1,ML Engineer,Outside Campus,waitlist,Individual Contributor,organic_search,organic_search,organic,none,mobile,United States,California,FinTech,1000+,Security & Compliance,0,0,2,5,1,1,2026-09-07,0,1,2026-09-11,4,9,0,0,5,559505,0.35,2026-09-20,0,8
usr_01283,vis_018496,Omar Verma,2026-09-06,Sun,22,2026-09,gmail.com,1,Product Manager,Outside Campus,open_beta,Individual Contributor,newsletter,newsletter,email,beta_waitlist,desktop,Israel,Tel Aviv,SaaS / Software,11-50,Security & Compliance,0,0,1,5,1,1,2026-09-06,0,1,2026-09-06,0,14,0,0,4,269850,0.31,2026-09-20,0,8
usr_01284,vis_018567,Rahul Smith,2026-09-07,Mon,7,2026-09,company.com,1,Founder / Exec,Outside Campus,waitlist,Individual Contributor,hackernews,hackernews,social,show_hn_launch,desktop,India,Karnataka,Media & Gaming,1-10,Security & Compliance,0,0,1,0,0,1,2026-09-07,0,1,2026-09-07,0,13,12,0,1,118160,0.2,2026-09-08,0,6
usr_01286,vis_018592,Ingrid Tanaka,2026-09-06,Sun,7,2026-09,gmail.com,1,ML Engineer,Outside Campus,open_beta,Individual Contributor,hackernews,hackernews,social,show_hn_launch,desktop,United Kingdom,England,Media & Gaming,1-10,Cost Optimization,0,0,0,2,0,1,2026-09-07,1,1,2026-09-07,1,13,1,0,5,135572,0.34,2026-09-19,0,8
usr_01287,vis_018607,Mei Tanaka,2026-09-11,Fri,22,2026-09,gmail.com,1,Data Scientist,Outside Campus,open_beta,Team Lead,organic_search,organic_search,organic,none,desktop,United States,California,Research Lab / Academia,51-200,Research & Experimentation,0,0,5,5,1,1,2026-09-11,0,1,2026-09-12,1,8,0,0,3,241309,0.95,2026-09-20,0,8
usr_01290,vis_018629,Rahul Walker,2026-09-08,Tue,11,2026-09,company.com,1,Product Manager,Outside Campus,open_beta,Team Lead,linkedin,linkedin,social,b2b_mlsops_q2,desktop,Germany,Bavaria,Research Lab / Academia,1000+,Performance Monitoring,0,0,1,5,1,0,,,0,,,,,0,0,0,0.0,,0,
usr_01291,vis_018640,Tomas Silva,2026-09-10,Thu,18,2026-09,gmail.com,1,ML Engineer,Outside Campus,open_beta,Individual Contributor,referral,referral,referral,partner_aiweekly,desktop,United States,California,Consulting / Agency,51-200,Research & Experimentation,1,0,3,5,1,1,2026-09-12,2,0,,,,,0,0,0,0.0,,0,
usr_01292,vis_018644,Ethan Garcia,2026-09-07,Mon,13,2026-09,company.com,1,Security Engineer,Outside Campus,waitlist,Individual Contributor,paid_search,paid_search,cpc,brand_llm_monitoring,desktop,Brazil,Sao Paulo,Enterprise IT,11-50,Quality Assurance,0,0,0,5,1,0,,,0,,,,,0,0,0,0.0,,0,
usr_01293,vis_018651,Elena Verma,2026-09-07,Mon,21,2026-09,gmail.com,1,Product Manager,Outside Campus,open_beta,Executive,direct,(direct),none,none,desktop,India,Karnataka,SaaS / Software,51-200,Performance Monitoring,0,0,0,0,0,0,,,0,,,,,0,0,0,0.0,,0,
usr_01294,vis_018659,Ingrid Sato,2026-09-07,Mon,8,2026-09,gmail.com,1,ML Engineer,Outside Campus,open_beta,Team Lead,linkedin,linkedin,social,b2b_mlsops_q2,desktop,Israel,Tel Aviv,E-commerce,1-10,Cost Optimization,0,0,0,5,1,0,,,0,,,,,0,0,0,0.0,,0,
usr_01297,vis_018719,Hassan Petrova,2026-09-07,Mon,10,2026-09,gmail.com,1,ML Engineer,Outside Campus,open_beta,Manager,paid_search,paid_search,cpc,brand_llm_monitoring,desktop,United States,California,Enterprise IT,1-10,Performance Monitoring,0,0,0,5,1,1,2026-09-07,0,1,2026-09-07,0,13,6,0,10,691537,0.42,2026-09-14,0,
usr_01298,vis_018727,Rahul Khan,2026-09-15,Tue,22,2026-09,gmail.com,1,Founder / Exec,Outside Campus,invite_code,Individual Contributor,hackernews,hackernews,social,show_hn_launch,desktop,United States,California,SaaS / Software,201-1000,Performance Monitoring,1,0,8,5,1,0,,,0,,,,,0,0,0,0.0,,0,
usr_01300,vis_018733,Mei Kim,2026-09-07,Mon,15,2026-09,proton.me,1,Product Manager,Outside Campus,open_beta,Team Lead,newsletter,newsletter,email,beta_waitlist,mobile,United States,California,E-commerce,1000+,Cost Optimization,0,0,0,3,0,0,,,0,,,,,0,0,0,0.0,,0,
usr_01303,vis_018768,Yuki Khan,2026-09-08,Tue,13,2026-09,gmail.com,1,Data Scientist,Outside Campus,invite_code,Individual Contributor,hackernews,hackernews,social,show_hn_launch,desktop,India,Karnataka,SaaS / Software,11-50,Security & Compliance,1,0,0,5,1,1,2026-09-08,0,1,2026-09-10,2,10,2,0,12,1154594,5.06,2026-09-18,0,10
usr_01304,vis_018777,Kenji Khan,2026-09-10,Thu,14,2026-09,outlook.com,1,Founder / Exec,Outside Campus,invite_code,Individual Contributor,social_twitter,social_twitter,social,llm_observability_buzz,desktop,Netherlands,North Holland,Consulting / Agency,1-10,Security & Compliance,1,0,2,5,1,0,,,0,,,,,0,0,0,0.0,,0,
usr_01305,vis_018780,Omar Tanaka,2026-09-09,Wed,15,2026-09,gmail.com,1,Data Scientist,Outside Campus,open_beta,Individual Contributor,hackernews,hackernews,social,show_hn_launch,desktop,India,Karnataka,Enterprise IT,1-10,Performance Monitoring,0,0,1,4,1,0,,,0,,,,,0,0,0,0.0,,0,
usr_01306,vis_018793,Omar Verma,2026-09-08,Tue,21,2026-09,proton.me,1,Data Scientist,Outside Campus,waitlist,Team Lead,linkedin,linkedin,social,b2b_mlsops_q2,desktop,United States,California,Enterprise IT,51-200,Security & Compliance,0,0,0,5,1,1,2026-09-08,0,1,2026-09-08,0,12,4,0,1,17508,0.1,2026-09-16,0,6
usr_01307,vis_018798,Liam Yamamoto,2026-09-08,Tue,7,2026-09,gmail.com,1,ML Engineer,Outside Campus,invite_code,Individual Contributor,organic_search,organic_search,organic,none,desktop,United States,California,SaaS / Software,11-50,Cost Optimization,1,0,0,4,1,0,,,0,,,,,0,0,0,0.0,,0,
usr_01309,vis_018815,Zoe Garcia,2026-09-08,Tue,8,2026-09,gmail.com,1,Data Scientist,Outside Campus,waitlist,Individual Contributor,paid_search,paid_search,cpc,brand_llm_monitoring,desktop,Spain,Catalonia,Healthcare,1-10,Cost Optimization,0,0,0,1,0,0,,,0,,,,,0,0,0,0.0,,0,
usr_01312,vis_018848,Zoe Sato,2026-09-08,Tue,15,2026-09,company.com,0,Data Scientist,Outside Campus,waitlist,Team Lead,newsletter,newsletter,email,beta_waitlist,tablet,United States,California,Enterprise IT,11-50,Security & Compliance,0,0,0,5,1,1,2026-09-09,1,1,2026-09-09,1,11,0,0,7,525175,1.21,2026-09-20,0,7
usr_01314,vis_018868,Yuki Novak,2026-09-08,Tue,10,2026-09,company.com,1,Security Engineer,Outside Campus,open_beta,Individual Contributor,direct,(direct),none,none,desktop,United States,California,Media & Gaming,51-200,Security & Compliance,0,0,0,5,1,0,,,0,,,,,0,0,0,0.0,,0,
usr_01316,vis_018875,Ingrid Yamamoto,2026-09-08,Tue,15,2026-09,company.com,1,Founder / Exec,Outside Campus,open_beta,Individual Contributor,hackernews,hackernews,social,show_hn_launch,desktop,Spain,Catalonia,SaaS / Software,201-1000,Performance Monitoring,0,0,0,5,1,1,2026-09-08,0,0,,,,,0,0,0,0.0,,0,
usr_01317,vis_018896,Nadia Lindqvist,2026-09-09,Wed,10,2026-09,outlook.com,1,Data Scientist,Outside Campus,waitlist,Individual Contributor,referral,referral,referral,partner_aiweekly,desktop,Australia,New South Wales,Enterprise IT,11-50,Performance Monitoring,1,0,1,3,0,1,2026-09-09,0,0,,,,,0,0,0,0.0,,0,
usr_01318,vis_018908,Rahul Garcia,2026-09-13,Sun,21,2026-09,company.com,0,Researcher,Outside Campus,waitlist,Manager,organic_search,organic_search,organic,none,desktop,United States,California,FinTech,1-10,Quality Assurance,0,0,5,4,1,0,,,0,,,,,0,0,0,0.0,,0,
usr_01319,vis_018939,Ethan Costa,2026-09-09,Wed,21,2026-09,outlook.com,0,Product Manager,Outside Campus,open_beta,Team Lead,direct,(direct),none,none,desktop,India,Karnataka,Research Lab / Academia,11-50,Security & Compliance,0,0,0,5,1,0,,,0,,,,,0,0,0,0.0,,0,
usr_01321,vis_018965,Ingrid Walker,2026-09-09,Wed,16,2026-09,company.com,1,Data Scientist,Outside Campus,invite_code,Individual Contributor,organic_search,organic_search,organic,none,desktop,Netherlands,North Holland,Enterprise IT,201-1000,Performance Monitoring,1,0,0,5,1,1,2026-09-09,0,0,,,,,0,0,0,0.0,,0,
usr_01323,vis_019042,Fatima Johnson,2026-09-10,Thu,18,2026-09,gmail.com,1,ML Engineer,Outside Campus,waitlist,Individual Contributor,organic_search,organic_search,organic,none,desktop,Singapore,Central,Healthcare,1-10,Research & Experimentation,0,0,1,5,1,1,2026-09-12,2,1,2026-09-13,3,7,0,0,3,132062,0.09,2026-09-20,0,8
usr_01324,vis_019044,Omar Tanaka,2026-09-10,Thu,15,2026-09,company.com,1,Security Engineer,Outside Campus,waitlist,Individual Contributor,referral,referral,referral,partner_aiweekly,desktop,Japan,Tokyo,Media & Gaming,51-200,Cost Optimization,1,0,1,5,1,1,2026-09-10,0,1,2026-09-10,0,10,0,0,4,210291,0.81,2026-09-20,0,9
usr_01325,vis_019055,Fatima Yamamoto,2026-09-09,Wed,15,2026-09,gmail.com,1,Security Engineer,Outside Campus,invite_code,Executive,hackernews,hackernews,social,show_hn_launch,desktop,United States,California,Media & Gaming,1-10,Performance Monitoring,1,0,0,5,1,1,2026-09-10,1,1,2026-09-10,1,10,0,0,8,706948,4.25,2026-09-20,0,6
usr_01327,vis_019084,Arjun Smith,2026-09-09,Wed,11,2026-09,company.com,1,Data Scientist,Outside Campus,invite_code,Team Lead,hackernews,hackernews,social,show_hn_launch,desktop,United States,New York,FinTech,1-10,Cost Optimization,1,0,0,5,1,1,2026-09-12,3,1,2026-09-13,4,7,0,0,4,823720,1.25,2026-09-20,0,
usr_01329,vis_019090,Liam Lindqvist,2026-09-12,Sat,15,2026-09,company.com,1,Security Engineer,Outside Campus,open_beta,Individual Contributor,direct,(direct),none,none,desktop,Germany,Bavaria,Consulting / Agency,11-50,Quality Assurance,0,1,3,5,1,1,2026-09-15,3,1,2026-09-15,3,5,2,0,6,431415,3.06,2026-09-18,0,
usr_01330,vis_019158,Omar Verma,2026-09-09,Wed,7,2026-09,gmail.com,1,ML Engineer,Outside Campus,open_beta,Team Lead,organic_search,organic_search,organic,none,desktop,Japan,Tokyo,FinTech,51-200,Quality Assurance,0,0,0,5,1,1,2026-09-09,0,1,2026-09-10,1,10,0,0,4,339633,2.3,2026-09-20,0,
usr_01332,vis_019174,Chen Muller,2026-09-09,Wed,9,2026-09,gmail.com,1,ML Engineer,Outside Campus,invite_code,Individual Contributor,organic_search,organic_search,organic,none,tablet,United States,California,Enterprise IT,51-200,Research & Experimentation,1,1,0,5,1,1,2026-09-11,2,1,2026-09-12,3,8,1,0,9,873586,5.23,2026-09-19,0,
usr_01333,vis_019177,Emma Verma,2026-09-09,Wed,21,2026-09,gmail.com,1,ML Engineer,Outside Campus,open_beta,Individual Contributor,linkedin,linkedin,social,b2b_mlsops_q2,mobile,France,Ile-de-France,SaaS / Software,1-10,Performance Monitoring,0,0,0,3,0,1,2026-09-10,1,1,2026-09-10,1,10,0,0,8,988143,7.96,2026-09-20,0,7
usr_01335,vis_019191,Ethan Lindqvist,2026-09-09,Wed,17,2026-09,gmail.com,1,Researcher,Outside Campus,open_beta,Executive,direct,(direct),none,none,desktop,India,Karnataka,Healthcare,51-200,Cost Optimization,0,1,0,4,1,0,,,0,,,,,0,0,0,0.0,,0,
usr_01338,vis_019233,Sofia Lindqvist,2026-09-13,Sun,7,2026-09,university.edu,1,ML Engineer,Outside Campus,open_beta,Individual Contributor,organic_search,organic_search,organic,none,desktop,United States,California,SaaS / Software,1-10,Security & Compliance,0,0,3,5,1,1,2026-09-15,2,1,2026-09-15,2,5,0,0,1,281107,1.2,2026-09-20,0,
usr_01342,vis_019314,Sofia Johnson,2026-09-10,Thu,15,2026-09,gmail.com,1,Security Engineer,Outside Campus,invite_code,Individual Contributor,organic_search,organic_search,organic,none,desktop,Netherlands,North Holland,Research Lab / Academia,51-200,Quality Assurance,1,0,0,5,1,1,2026-09-12,2,1,2026-09-14,4,6,2,0,6,775380,4.32,2026-09-18,0,
usr_01344,vis_019337,Lucas Brown,2026-09-10,Thu,8,2026-09,proton.me,1,Data Scientist,Outside Campus,open_beta,Team Lead,organic_search,organic_search,organic,none,desktop,France,Ile-de-France,SaaS / Software,1-10,Quality Assurance,0,0,0,5,1,1,2026-09-14,4,1,2026-09-14,4,6,1,0,5,295142,0.22,2026-09-19,0,9
usr_01345,vis_019341,Emma Kim,2026-09-10,Thu,10,2026-09,outlook.com,1,Data Scientist,Outside Campus,open_beta,Team Lead,direct,(direct),none,none,desktop,France,Ile-de-France,SaaS / Software,11-50,Cost Optimization,0,0,0,5,1,1,2026-09-10,0,1,2026-09-10,0,10,2,0,5,1189606,0.55,2026-09-18,0,10
usr_01347,vis_019393,Kenji Haddad,2026-09-12,Sat,12,2026-09,proton.me,1,ML Engineer,Outside Campus,open_beta,Manager,referral,referral,referral,partner_aiweekly,desktop,Canada,Ontario,Enterprise IT,1-10,Performance Monitoring,1,0,1,5,1,1,2026-09-12,0,1,2026-09-15,3,5,0,0,1,20262,0.09,2026-09-20,0,
usr_01348,vis_019395,Emma Muller,2026-09-12,Sat,9,2026-09,gmail.com,0,ML Engineer,Outside Campus,open_beta,Team Lead,direct,(direct),none,none,mobile,United States,California,Enterprise IT,1-10,Security & Compliance,0,0,1,2,0,1,2026-09-15,3,1,2026-09-15,3,5,4,0,3,499934,1.24,2026-09-16,0,
usr_01350,vis_019415,Kenji Sharma,2026-09-16,Wed,18,2026-09,gmail.com,0,ML Engineer,Outside Campus,open_beta,Executive,organic_search,organic_search,organic,none,desktop,United States,California,FinTech,1000+,Cost Optimization,0,0,5,4,1,1,2026-09-17,1,1,2026-09-18,2,2,0,0,4,339023,0.22,2026-09-20,0,7
usr_01352,vis_019429,Hassan Costa,2026-09-11,Fri,11,2026-09,gmail.com,1,Product Manager,Outside Campus,open_beta,Individual Contributor,paid_search,paid_search,cpc,brand_llm_monitoring,mobile,Brazil,Sao Paulo,SaaS / Software,201-1000,Quality Assurance,0,0,0,5,1,0,,,0,,,,,0,0,0,0.0,,0,
usr_01354,vis_019442,Emma Sato,2026-09-11,Fri,16,2026-09,gmail.com,1,Data Scientist,Outside Campus,open_beta,Manager,newsletter,newsletter,email,beta_waitlist,desktop,Japan,Tokyo,Consulting / Agency,11-50,Cost Optimization,0,0,0,3,0,1,2026-09-11,0,0,,,,,0,0,0,0.0,,0,
usr_01355,vis_019449,Mei Rossi,2026-09-11,Fri,22,2026-09,gmail.com,1,Data Scientist,Outside Campus,invite_code,Individual Contributor,referral,referral,referral,partner_aiweekly,desktop,United States,California,Healthcare,1-10,Performance Monitoring,1,0,0,5,1,1,2026-09-14,3,1,2026-09-14,3,6,5,0,4,150471,0.87,2026-09-15,0,7
usr_01356,vis_019454,Rahul Novak,2026-09-14,Mon,19,2026-09,gmail.com,1,ML Engineer,Outside Campus,invite_code,Individual Contributor,hackernews,hackernews,social,show_hn_launch,desktop,United States,California,Enterprise IT,1000+,Cost Optimization,1,0,3,5,1,1,2026-09-15,1,1,2026-09-15,1,5,3,0,4,359906,1.44,2026-09-17,0,
usr_01357,vis_019464,Priya Verma,2026-09-11,Fri,21,2026-09,proton.me,1,Data Scientist,Outside Campus,invite_code,Manager,referral,referral,referral,partner_aiweekly,desktop,India,Karnataka,FinTech,1-10,Security & Compliance,1,0,0,5,1,0,,,0,,,,,0,0,0,0.0,,0,
usr_01358,vis_019465,Liam Garcia,2026-09-11,Fri,21,2026-09,gmail.com,0,ML Engineer,Outside Campus,invite_code,Manager,organic_search,organic_search,organic,none,mobile,United States,New York,Enterprise IT,51-200,Security & Compliance,1,0,0,5,1,1,2026-09-11,0,1,2026-09-12,1,8,0,0,6,536847,1.8,2026-09-20,0,7
usr_01359,vis_019469,Nadia Wang,2026-09-12,Sat,16,2026-09,gmail.com,0,ML Engineer,Outside Campus,open_beta,Team Lead,paid_search,paid_search,cpc,brand_llm_monitoring,desktop,Canada,Ontario,Healthcare,1-10,Quality Assurance,0,0,1,3,0,1,2026-09-14,2,1,2026-09-15,3,5,0,0,1,46897,0.02,2026-09-20,0,
usr_01360,vis_019481,Emma Novak,2026-09-11,Fri,15,2026-09,university.edu,1,ML Engineer,Outside Campus,waitlist,Team Lead,direct,(direct),none,none,desktop,United States,California,Enterprise IT,1-10,Cost Optimization,0,0,0,5,1,0,,,0,,,,,0,0,0,0.0,,0,
usr_01362,vis_019498,Arjun Petrova,2026-09-12,Sat,19,2026-09,gmail.com,1,Data Scientist,Outside Campus,invite_code,Manager,organic_search,organic_search,organic,none,desktop,United States,California,SaaS / Software,201-1000,Performance Monitoring,1,0,0,5,1,1,2026-09-12,0,1,2026-09-12,0,8,0,0,7,811971,6.03,2026-09-20,0,
usr_01363,vis_019506,Priya Johnson,2026-09-12,Sat,22,2026-09,company.com,1,Researcher,Outside Campus,open_beta,Individual Contributor,referral,referral,referral,partner_aiweekly,mobile,United States,New York,Research Lab / Academia,11-50,Performance Monitoring,1,0,0,0,0,0,,,0,,,,,0,0,0,0.0,,0,
usr_01364,vis_019528,Fatima Yamamoto,2026-09-17,Thu,17,2026-09,university.edu,0,Founder / Exec,Outside Campus,open_beta,Individual Contributor,hackernews,hackernews,social,show_hn_launch,desktop,United Kingdom,England,Enterprise IT,51-200,Performance Monitoring,0,0,5,0,0,0,,,0,,,,,0,0,0,0.0,,0,
usr_01365,vis_019534,Nadia Ali,2026-09-14,Mon,9,2026-09,company.com,1,ML Engineer,Outside Campus,open_beta,Team Lead,linkedin,linkedin,social,b2b_mlsops_q2,desktop,Canada,Ontario,FinTech,1-10,Security & Compliance,0,0,2,5,1,1,2026-09-16,2,1,2026-09-17,3,3,3,0,5,277814,2.26,2026-09-17,0,
usr_01366,vis_019543,Tomas Garcia,2026-09-12,Sat,17,2026-09,gmail.com,1,Security Engineer,Outside Campus,open_beta,Individual Contributor,hackernews,hackernews,social,show_hn_launch,desktop,United States,California,E-commerce,201-1000,Performance Monitoring,0,0,0,5,1,0,,,0,,,,,0,0,0,0.0,,0,
usr_01368,vis_019628,Diego Sato,2026-09-13,Sun,11,2026-09,gmail.com,1,Product Manager,Outside Campus,open_beta,Individual Contributor,hackernews,hackernews,social,show_hn_launch,desktop,Israel,Tel Aviv,Media & Gaming,51-200,Cost Optimization,0,0,0,5,1,0,,,0,,,,,0,0,0,0.0,,0,
usr_01370,vis_019647,Emma Sharma,2026-09-15,Tue,13,2026-09,outlook.com,1,Founder / Exec,Outside Campus,open_beta,Executive,social_twitter,social_twitter,social,llm_observability_buzz,desktop,India,Karnataka,Consulting / Agency,11-50,Security & Compliance,0,0,2,5,1,0,,,0,,,,,0,0,0,0.0,,0,
usr_01371,vis_019659,Mei Smith,2026-09-13,Sun,18,2026-09,gmail.com,1,Data Scientist,Outside Campus,waitlist,Individual Contributor,newsletter,newsletter,email,beta_waitlist,desktop,France,Ile-de-France,Media & Gaming,1-10,Research & Experimentation,0,0,0,5,1,1,2026-09-13,0,1,2026-09-15,2,5,3,0,1,46562,0.2,2026-09-17,0,8
usr_01373,vis_019681,Kenji Silva,2026-09-13,Sun,12,2026-09,gmail.com,1,Product Manager,Outside Campus,waitlist,Team Lead,organic_search,organic_search,organic,none,desktop,Israel,Tel Aviv,SaaS / Software,11-50,Quality Assurance,0,0,0,1,0,0,,,0,,,,,0,0,0,0.0,,0,
usr_01374,vis_019682,Chen Costa,2026-09-13,Sun,19,2026-09,gmail.com,1,ML Engineer,Outside Campus,open_beta,Individual Contributor,hackernews,hackernews,social,show_hn_launch,desktop,United States,California,SaaS / Software,1-10,Research & Experimentation,0,0,0,1,0,1,2026-09-16,3,1,2026-09-17,4,3,2,0,3,115119,0.08,2026-09-18,0,
usr_01378,vis_019772,Nadia Rossi,2026-09-14,Mon,9,2026-09,company.com,1,ML Engineer,Outside Campus,invite_code,Team Lead,organic_search,organic_search,organic,none,desktop,United States,California,Consulting / Agency,1-10,Cost Optimization,1,0,0,3,0,1,2026-09-19,5,1,2026-09-19,5,1,0,0,5,321737,1.86,2026-09-20,0,9
usr_01379,vis_019793,Ingrid Brown,2026-09-14,Mon,22,2026-09,gmail.com,1,Researcher,Outside Campus,open_beta,Manager,organic_search,organic_search,organic,none,desktop,Canada,Ontario,Consulting / Agency,1-10,Security & Compliance,0,0,0,5,1,1,2026-09-14,0,0,,,,,0,0,0,0.0,,0,
usr_01381,vis_019822,Noah Ali,2026-09-15,Tue,21,2026-09,gmail.com,1,Data Scientist,Outside Campus,open_beta,Manager,newsletter,newsletter,email,beta_waitlist,desktop,United Kingdom,England,Research Lab / Academia,1-10,Cost Optimization,0,0,1,5,1,1,2026-09-18,3,1,2026-09-19,4,1,1,0,1,24381,0.04,2026-09-19,0,7
usr_01383,vis_019857,Yuki Lindqvist,2026-09-14,Mon,11,2026-09,gmail.com,1,Data Scientist,Outside Campus,invite_code,Individual Contributor,linkedin,linkedin,social,b2b_mlsops_q2,desktop,Brazil,Sao Paulo,E-commerce,1-10,Quality Assurance,1,0,0,0,0,1,2026-09-14,0,1,2026-09-14,0,6,6,0,3,288513,1.95,2026-09-14,0,
usr_01386,vis_019999,Hassan Petrova,2026-09-17,Thu,7,2026-09,gmail.com,1,Researcher,Outside Campus,open_beta,Individual Contributor,newsletter,newsletter,email,beta_waitlist,tablet,Germany,Bavaria,Healthcare,1-10,Cost Optimization,0,0,2,4,1,1,2026-09-17,0,1,2026-09-18,1,2,0,0,2,149874,0.11,2026-09-20,0,6
usr_01387,vis_020000,Mei Haddad,2026-09-15,Tue,13,2026-09,company.com,1,Researcher,Outside Campus,waitlist,Executive,direct,(direct),none,none,desktop,Australia,New South Wales,Healthcare,1-10,Security & Compliance,0,0,0,2,0,0,,,0,,,,,0,0,0,0.0,,0,
usr_01390,vis_020054,Priya Muller,2026-09-17,Thu,7,2026-09,company.com,1,ML Engineer,Outside Campus,invite_code,Individual Contributor,hackernews,hackernews,social,show_hn_launch,tablet,South Korea,Seoul,Media & Gaming,1-10,Performance Monitoring,1,0,1,3,0,1,2026-09-20,3,1,2026-09-20,3,0,0,0,4,225172,0.78,2026-09-20,0,9
usr_01391,vis_020058,Mei Sharma,2026-09-16,Wed,20,2026-09,company.com,1,Data Scientist,Outside Campus,open_beta,Individual Contributor,hackernews,hackernews,social,show_hn_launch,desktop,United States,California,Enterprise IT,1-10,Security & Compliance,0,0,0,5,1,1,2026-09-16,0,1,2026-09-16,0,4,1,0,1,207707,0.16,2026-09-19,0,
usr_01395,vis_020166,Mei Kim,2026-09-16,Wed,17,2026-09,outlook.com,1,ML Engineer,Outside Campus,open_beta,Individual Contributor,direct,(direct),none,none,desktop,United States,California,SaaS / Software,201-1000,Research & Experimentation,0,1,0,4,1,1,2026-09-16,0,1,2026-09-16,0,4,1,0,5,395845,0.37,2026-09-19,0,
usr_01396,vis_020167,Omar Yamamoto,2026-09-16,Wed,11,2026-09,gmail.com,1,Data Scientist,Outside Campus,invite_code,Individual Contributor,direct,(direct),none,none,mobile,United States,California,SaaS / Software,1-10,Security & Compliance,1,0,0,5,1,1,2026-09-18,2,0,,,,,0,0,0,0.0,,0,
usr_01397,vis_020173,Noah Muller,2026-09-16,Wed,22,2026-09,gmail.com,1,ML Engineer,Outside Campus,open_beta,Manager,linkedin,linkedin,social,b2b_mlsops_q2,desktop,United States,California,Research Lab / Academia,1-10,Quality Assurance,0,0,0,2,0,1,2026-09-19,3,0,,,,,0,0,0,0.0,,0,
usr_01398,vis_020191,Chen Walker,2026-09-16,Wed,8,2026-09,gmail.com,1,Data Scientist,Outside Campus,open_beta,Team Lead,hackernews,hackernews,social,show_hn_launch,desktop,United States,California,Enterprise IT,1-10,Security & Compliance,0,0,0,4,1,1,2026-09-17,1,1,2026-09-17,1,3,0,0,3,251241,0.54,2026-09-20,0,8
usr_01399,vis_020196,Hassan Haddad,2026-09-19,Sat,19,2026-09,gmail.com,1,Product Manager,Outside Campus,open_beta,Manager,hackernews,hackernews,social,show_hn_launch,desktop,India,Karnataka,SaaS / Software,1-10,Quality Assurance,0,0,3,3,0,0,,,0,,,,,0,0,0,0.0,,0,
usr_01400,vis_020204,Hassan Garcia,2026-09-20,Sun,9,2026-09,company.com,1,ML Engineer,Outside Campus,waitlist,Team Lead,paid_search,paid_search,cpc,brand_llm_monitoring,desktop,India,Karnataka,E-commerce,1-10,Performance Monitoring,0,0,5,4,1,0,,,0,,,,,0,0,0,0.0,,0,
usr_01401,vis_020208,Emma Sato,2026-09-17,Thu,15,2026-09,gmail.com,1,Researcher,Outside Campus,open_beta,Individual Contributor,organic_search,organic_search,organic,none,desktop,Brazil,Sao Paulo,Enterprise IT,51-200,Quality Assurance,0,0,0,5,1,0,,,0,,,,,0,0,0,0.0,,0,
usr_01403,vis_020230,Lucas Wang,2026-09-17,Thu,13,2026-09,company.com,1,ML Engineer,Outside Campus,open_beta,Executive,newsletter,newsletter,email,beta_waitlist,desktop,United States,California,SaaS / Software,1-10,Quality Assurance,0,0,0,5,1,1,2026-09-20,3,1,2026-09-20,3,0,0,0,3,295655,0.17,2026-09-20,0,8
usr_01404,vis_020261,Priya Garcia,2026-09-20,Sun,16,2026-09,gmail.com,0,Security Engineer,Outside Campus,invite_code,Executive,hackernews,hackernews,social,show_hn_launch,desktop,United States,California,Enterprise IT,201-1000,Security & Compliance,1,0,8,4,1,0,,,0,,,,,0,0,0,0.0,,0,
usr_01405,vis_020276,Maya Nair,2026-09-20,Sun,7,2026-09,gmail.com,1,Researcher,Outside Campus,invite_code,Individual Contributor,social_twitter,social_twitter,social,llm_observability_buzz,mobile,United States,California,SaaS / Software,11-50,Research & Experimentation,1,0,3,4,1,1,2026-09-20,0,0,,,,,0,0,0,0.0,,0,
usr_01407,vis_020303,Rahul Johnson,2026-09-17,Thu,13,2026-09,gmail.com,1,Security Engineer,Outside Campus,waitlist,Individual Contributor,newsletter,newsletter,email,beta_waitlist,desktop,India,Karnataka,Research Lab / Academia,201-1000,Performance Monitoring,0,0,0,5,1,0,,,0,,,,,0,0,0,0.0,,0,
usr_01408,vis_020304,Noah Verma,2026-09-17,Thu,19,2026-09,gmail.com,1,Researcher,Outside Campus,open_beta,Individual Contributor,hackernews,hackernews,social,show_hn_launch,desktop,United States,California,Research Lab / Academia,1-10,Performance Monitoring,0,0,0,5,1,1,2026-09-19,2,1,2026-09-19,2,1,0,0,4,340080,2.19,2026-09-20,0,
usr_01409,vis_020305,Chen Petrova,2026-09-17,Thu,19,2026-09,university.edu,1,Data Scientist,Outside Campus,open_beta,Executive,direct,(direct),none,none,mobile,India,Karnataka,SaaS / Software,11-50,Research & Experimentation,0,0,0,5,1,1,2026-09-20,3,1,2026-09-20,3,0,,0,0,0,0.0,,0,
usr_01411,vis_020349,Tomas Sharma,2026-09-18,Fri,11,2026-09,outlook.com,0,Researcher,Outside Campus,open_beta,Manager,direct,(direct),none,none,desktop,United States,California,Research Lab / Academia,51-200,Research & Experimentation,0,0,1,3,0,1,2026-09-20,2,1,2026-09-20,2,0,0,0,3,326567,0.79,2026-09-20,0,
usr_01412,vis_020354,Ingrid Garcia,2026-09-18,Fri,11,2026-09,gmail.com,1,Product Manager,Outside Campus,open_beta,Team Lead,social_twitter,social_twitter,social,llm_observability_buzz,mobile,United States,California,SaaS / Software,51-200,Research & Experimentation,0,0,1,1,0,1,2026-09-20,2,1,2026-09-20,2,0,0,0,2,261577,0.6,2026-09-20,0,8
usr_01413,vis_020363,Rahul Muller,2026-09-17,Thu,15,2026-09,gmail.com,0,Founder / Exec,Outside Campus,waitlist,Individual Contributor,referral,referral,referral,partner_aiweekly,desktop,United States,California,Media & Gaming,1-10,Cost Optimization,1,0,0,5,1,1,2026-09-17,0,1,2026-09-17,0,3,0,0,3,434641,0.97,2026-09-20,0,7
usr_01415,vis_020423,Yuki Muller,2026-09-18,Fri,9,2026-09,gmail.com,1,ML Engineer,Outside Campus,open_beta,Manager,paid_search,paid_search,cpc,brand_llm_monitoring,desktop,India,Karnataka,FinTech,201-1000,Security & Compliance,0,0,0,4,1,0,,,0,,,,,0,0,0,0.0,,0,
usr_01416,vis_020462,Chen Verma,2026-09-19,Sat,8,2026-09,gmail.com,1,Security Engineer,Outside Campus,invite_code,Individual Contributor,hackernews,hackernews,social,show_hn_launch,desktop,Spain,Catalonia,SaaS / Software,51-200,Performance Monitoring,1,0,1,5,1,1,2026-09-20,1,1,2026-09-20,1,0,0,0,3,512970,1.53,2026-09-20,0,10
usr_01417,vis_020480,Chen Haddad,2026-09-18,Fri,20,2026-09,gmail.com,1,Data Scientist,Outside Campus,open_beta,Individual Contributor,newsletter,newsletter,email,beta_waitlist,desktop,United Kingdom,England,E-commerce,11-50,Performance Monitoring,0,0,0,5,1,1,2026-09-18,0,1,2026-09-18,0,2,2,0,5,378356,1.61,2026-09-18,0,7
usr_01422,vis_020510,Fatima Novak,2026-09-19,Sat,17,2026-09,gmail.com,1,Data Scientist,Outside Campus,open_beta,Manager,organic_search,organic_search,organic,none,mobile,Canada,Ontario,E-commerce,1-10,Performance Monitoring,0,0,0,3,0,1,2026-09-19,0,1,2026-09-19,0,1,0,0,2,117525,0.23,2026-09-20,0,8
usr_01423,vis_020516,Zoe Garcia,2026-09-20,Sun,17,2026-09,gmail.com,1,Data Scientist,Outside Campus,waitlist,Executive,organic_search,organic_search,organic,none,desktop,United States,California,FinTech,1-10,Quality Assurance,0,0,3,5,1,1,2026-09-20,0,0,,,,,0,0,0,0.0,,0,
usr_01424,vis_020551,Priya Silva,2026-09-20,Sun,18,2026-09,proton.me,1,Data Scientist,Outside Campus,waitlist,Individual Contributor,paid_search,paid_search,cpc,brand_llm_monitoring,mobile,United States,California,FinTech,1-10,Security & Compliance,0,1,2,4,1,0,,,0,,,,,0,0,0,0.0,,0,
usr_01426,vis_020563,Ingrid Petrova,2026-09-20,Sun,7,2026-09,outlook.com,0,Researcher,Outside Campus,invite_code,Individual Contributor,direct,(direct),none,none,mobile,Netherlands,North Holland,SaaS / Software,201-1000,Research & Experimentation,1,0,3,4,1,0,,,0,,,,,0,0,0,0.0,,0,
usr_01427,vis_020570,Fatima Novak,2026-09-20,Sun,9,2026-09,outlook.com,1,ML Engineer,Outside Campus,open_beta,Manager,direct,(direct),none,none,desktop,United States,California,Enterprise IT,1000+,Security & Compliance,0,0,3,4,1,0,,,0,,,,,0,0,0,0.0,,0,
usr_01428,vis_020573,Kenji Johnson,2026-09-20,Sun,7,2026-09,company.com,1,Researcher,Outside Campus,open_beta,Executive,organic_search,organic_search,organic,none,desktop,United States,New York,Media & Gaming,1-10,Quality Assurance,0,0,2,5,1,1,2026-09-20,0,1,2026-09-20,0,0,,0,0,0,0.0,,0,
usr_01431,vis_020617,Chen Walker,2026-09-19,Sat,22,2026-09,gmail.com,1,Founder / Exec,Outside Campus,invite_code,Team Lead,social_twitter,social_twitter,social,llm_observability_buzz,mobile,India,Karnataka,SaaS / Software,11-50,Security & Compliance,1,0,0,0,0,0,,,0,,,,,0,0,0,0.0,,0,
usr_01432,vis_020657,Noah Rossi,2026-09-20,Sun,21,2026-09,gmail.com,1,Founder / Exec,Outside Campus,open_beta,Individual Contributor,direct,(direct),none,none,mobile,United States,California,Media & Gaming,11-50,Security & Compliance,0,0,2,5,1,0,,,0,,,,,0,0,0,0.0,,0,
usr_01433,vis_020658,Yuki Costa,2026-09-20,Sun,19,2026-09,company.com,1,ML Engineer,Outside Campus,open_beta,Individual Contributor,hackernews,hackernews,social,show_hn_launch,desktop,Canada,Ontario,FinTech,1-10,Cost Optimization,0,0,0,5,1,1,2026-09-20,0,0,,,,,0,0,0,0.0,,0,
usr_01434,vis_020660,Priya Costa,2026-09-20,Sun,10,2026-09,university.edu,0,ML Engineer,Outside Campus,open_beta,Manager,newsletter,newsletter,email,beta_waitlist,desktop,India,Karnataka,SaaS / Software,51-200,Security & Compliance,0,0,0,5,1,1,2026-09-20,0,1,2026-09-20,0,0,0,0,6,436093,0.89,2026-09-20,0,
usr_01435,vis_020672,Chen Yamamoto,2026-09-20,Sun,17,2026-09,outlook.com,0,ML Engineer,Outside Campus,open_beta,Manager,paid_search,paid_search,cpc,brand_llm_monitoring,desktop,United States,New York,FinTech,51-200,Cost Optimization,0,0,1,5,1,1,2026-09-20,0,1,2026-09-20,0,0,0,0,9,795206,4.03,2026-09-20,0,
usr_01437,vis_020703,Elena Brown,2026-09-20,Sun,15,2026-09,gmail.com,1,Founder / Exec,Outside Campus,open_beta,Individual Contributor,organic_search,organic_search,organic,none,mobile,India,Karnataka,Healthcare,11-50,Quality Assurance,0,0,1,3,0,0,,,0,,,,,0,0,0,0.0,,0,
usr_01438,vis_020706,Ethan Johnson,2026-09-20,Sun,19,2026-09,outlook.com,1,Product Manager,Outside Campus,open_beta,Executive,social_twitter,social_twitter,social,llm_observability_buzz,desktop,Australia,New South Wales,Enterprise IT,1-10,Quality Assurance,0,0,0,5,1,1,2026-09-20,0,1,2026-09-20,0,0,0,0,1,15817,0.01,2026-09-20,0,10
usr_01439,vis_020712,Lucas Ali,2026-09-20,Sun,21,2026-09,gmail.com,0,Security Engineer,Outside Campus,open_beta,Individual Contributor,hackernews,hackernews,social,show_hn_launch,desktop,United States,California,Consulting / Agency,51-200,Cost Optimization,0,0,2,0,0,1,2026-09-20,0,0,,,,,0,0,0,0.0,,0,
usr_01440,vis_020721,Elena Garcia,2026-09-20,Sun,10,2026-09,company.com,1,ML Engineer,Outside Campus,open_beta,Individual Contributor,direct,(direct),none,none,desktop,Singapore,Central,Healthcare,1-10,Performance Monitoring,0,0,1,5,1,1,2026-09-20,0,1,2026-09-20,0,0,0,0,9,544442,2.77,2026-09-20,0,6
